Date,Symbol,Buy,Sell,Total,Net
2026-07-21,2S,3454.0,314.0,3768.0,3140.0
2026-07-21,88TH,9792.0,0.0,9792.0,9792.0
2026-07-21,AAI,3284302.0,1806352.0,5090654.0,1477950.0
2026-07-21,AAV,3136308.0,4810566.0,7946874.0,-1674258.0
2026-07-21,ACC,0.0,120000.0,120000.0,-120000.0
2026-07-21,ACE,8438.0,20945.0,29383.0,-12507.0
2026-07-21,ADB,0.0,150000.0,150000.0,-150000.0
2026-07-21,ADVANC,1330435719.0,1007035925.0,2337471644.0,323399794.0
2026-07-21,ADVICE,3408920.0,5585100.0,8994020.0,-2176180.0
2026-07-21,AE,0.0,18.0,18.0,-18.0
2026-07-21,AEONTS,20564500.0,29869500.0,50434000.0,-9305000.0
2026-07-21,AGE,25802.0,429753.0,455555.0,-403951.0
2026-07-21,AH,403150.0,677210.0,1080360.0,-274060.0
2026-07-21,AI,386371.6,290011.82,676383.4199999999,96359.77999999997
2026-07-21,AIE,113516.0,0.0,113516.0,113516.0
2026-07-21,AIT,901600.0,209456.0,1111056.0,692144.0
2026-07-21,AJ,1493712.0,619818.0,2113530.0,873894.0
2026-07-21,AJA,0.0,24.0,24.0,-24.0
2026-07-21,AKP,426.0,0.0,426.0,426.0
2026-07-21,AKR,0.0,90.0,90.0,-90.0
2026-07-21,ALPHAX,0.0,624.0,624.0,-624.0
2026-07-21,ALT,1060161.0,1179810.0,2239971.0,-119649.0
2026-07-21,AMA,10752.0,0.0,10752.0,10752.0
2026-07-21,AMANAH,0.0,2584.0,2584.0,-2584.0
2026-07-21,AMARC,1462754.0,2764412.0,4227166.0,-1301658.0
2026-07-21,AMATA,143097050.0,186802517.5,329899567.5,-43705467.5
2026-07-21,AMATAV,181900.0,0.0,181900.0,181900.0
2026-07-21,ANAN,11100.0,36.0,11136.0,11064.0
2026-07-21,AOT,533454587.5,377807100.0,911261687.5,155647487.5
2026-07-21,AP,13275200.0,17218505.0,30493705.0,-3943305.0
2026-07-21,APO,0.0,238228.0,238228.0,-238228.0
2026-07-21,AQUA,0.0,10100.0,10100.0,-10100.0
2026-07-21,AS,119288.0,268088.0,387376.0,-148800.0
2026-07-21,ASEFA,888015.0,487120.0,1375135.0,400895.0
2026-07-21,ASIAN,103900.0,1065660.0,1169560.0,-961760.0
2026-07-21,ASK,1421070.0,2782060.0,4203130.0,-1360990.0
2026-07-21,ASP,549288.0,196794.0,746082.0,352494.0
2026-07-21,ASW,0.0,10470.0,10470.0,-10470.0
2026-07-21,ATLAS,382210.0,211518.0,593728.0,170692.0
2026-07-21,AU,113532.0,12324.0,125856.0,101208.0
2026-07-21,AUCT,163602.0,1107548.0,1271150.0,-943946.0
2026-07-21,AURA,44602900.0,29882170.0,74485070.0,14720730.0
2026-07-21,AWC,31721402.0,44724156.0,76445558.0,-13002754.0
2026-07-21,AYUD,8736.0,12600.0,21336.0,-3864.0
2026-07-21,B,0.0,244.98,244.98,-244.98
2026-07-21,BA,27608190.0,24119816.5,51728006.5,3488373.5
2026-07-21,BAFS,1880310.0,1106210.0,2986520.0,774100.0
2026-07-21,BAM,17224690.0,22732130.0,39956820.0,-5507440.0
2026-07-21,BAY,34908350.0,123482675.0,158391025.0,-88574325.0
2026-07-21,BBGI,7244971.0,1331297.0,8576268.0,5913674.0
2026-07-21,BBIK,36960220.0,23452310.0,60412530.0,13507910.0
2026-07-21,BBL,1822943117.5,1951643439.5,3774586557.0,-128700322.0
2026-07-21,BCH,11086260.0,26587780.0,37674040.0,-15501520.0
2026-07-21,BCP,574095400.75,327686775.0,901782175.75,246408625.75
2026-07-21,BCPG,32051577.5,43014430.0,75066007.5,-10962852.5
2026-07-21,BDMS,214779176.4,362429760.0,577208936.4,-147650583.6
2026-07-21,BE8,5263605.0,3438720.0,8702325.0,1824885.0
2026-07-21,BEAUTY,652236.0,12283.0,664519.0,639953.0
2026-07-21,BEC,1926.0,0.0,1926.0,1926.0
2026-07-21,BEM,54688263.0,84932987.9,139621250.9,-30244724.900000006
2026-07-21,BEYOND,0.0,114660.0,114660.0,-114660.0
2026-07-21,BGC,0.0,2070.0,2070.0,-2070.0
2026-07-21,BGRIM,120712180.0,139831380.0,260543560.0,-19119200.0
2026-07-21,BH,192762350.0,199682500.0,392444850.0,-6920150.0
2026-07-21,BIOTEC,0.0,1904.0,1904.0,-1904.0
2026-07-21,BIZ,71980.0,0.0,71980.0,71980.0
2026-07-21,BJC,10333810.0,14225270.0,24559080.0,-3891460.0
2026-07-21,BKGI,0.0,16992.0,16992.0,-16992.0
2026-07-21,BKIH,186300.0,0.0,186300.0,186300.0
2026-07-21,BLA,7176925.0,5161300.0,12338225.0,2015625.0
2026-07-21,BLAND,2143675.0,2898931.0,5042606.0,-755256.0
2026-07-21,BLC,28492.0,7308.0,35800.0,21184.0
2026-07-21,BM,5989.0,7584.0,13573.0,-1595.0
2026-07-21,BR,0.0,21391.0,21391.0,-21391.0
2026-07-21,BRI,396.0,0.0,396.0,396.0
2026-07-21,BRR,360.0,0.0,360.0,360.0
2026-07-21,BSBM,0.0,68.0,68.0,-68.0
2026-07-21,BTC,64.0,45.0,109.0,19.0
2026-07-21,BTG,19520880.0,38692920.0,58213800.0,-19172040.0
2026-07-21,BTS,33546294.0,37012061.6,70558355.6,-3465767.6000000015
2026-07-21,BTW,0.0,8.0,8.0,-8.0
2026-07-21,BWG,0.0,26.0,26.0,-26.0
2026-07-21,BYD,0.0,14949.0,14949.0,-14949.0
2026-07-21,CAZ,6050.0,69562.0,75612.0,-63512.0
2026-07-21,CBG,35015825.0,75016575.0,110032400.0,-40000750.0
2026-07-21,CCET,119840398.0,95815465.0,215655863.0,24024933.0
2026-07-21,CEN,0.0,60.0,60.0,-60.0
2026-07-21,CENTEL,61426825.0,80402675.0,141829500.0,-18975850.0
2026-07-21,CFRESH,0.0,108.0,108.0,-108.0
2026-07-21,CGD,990000.0,0.0,990000.0,990000.0
2026-07-21,CHAYO,292796.0,467043.0,759839.0,-174247.0
2026-07-21,CHEWA,0.0,16.0,16.0,-16.0
2026-07-21,CHG,8714499.0,17989844.0,26704343.0,-9275345.0
2026-07-21,CIVIL,29671.0,18672.0,48343.0,10999.0
2026-07-21,CK,135624250.0,29854750.0,165479000.0,105769500.0
2026-07-21,CKP,250774.0,5432284.0,5683058.0,-5181510.0
2026-07-21,CMAN,0.0,281974.0,281974.0,-281974.0
2026-07-21,CNT,72640.0,2671474.0,2744114.0,-2598834.0
2026-07-21,COCOCO,21600.0,304800.0,326400.0,-283200.0
2026-07-21,COM7,60515550.0,86441970.0,146957520.0,-25926420.0
2026-07-21,CPALL,259252583.75,487043325.0,746295908.75,-227790741.25
2026-07-21,CPANEL,0.0,10.8,10.8,-10.8
2026-07-21,CPAXT,914990.0,647760.0,1562750.0,267230.0
2026-07-21,CPF,240038230.0,438550740.0,678588970.0,-198512510.0
2026-07-21,CPH,8525.0,0.0,8525.0,8525.0
2026-07-21,CPI,237604.0,8012.0,245616.0,229592.0
2026-07-21,CPL,138.0,0.0,138.0,138.0
2026-07-21,CPN,125963802.5,123949300.0,249913102.5,2014502.5
2026-07-21,CPW,0.0,790.0,790.0,-790.0
2026-07-21,CRC,69189860.0,121483900.0,190673760.0,-52294040.0
2026-07-21,CREDIT,9274390.0,26427415.0,35701805.0,-17153025.0
2026-07-21,CSC,0.0,45.0,45.0,-45.0
2026-07-21,CSS,145538.0,21422.0,166960.0,124116.0
2026-07-21,CTW,186565.0,25555.0,212120.0,161010.0
2026-07-21,CWT,9600.0,12432.0,22032.0,-2832.0
2026-07-21,DCC,79521.0,11145.0,90666.0,68376.0
2026-07-21,DCON,38.0,0.0,38.0,38.0
2026-07-21,DDD,500.0,0.0,500.0,500.0
2026-07-21,DELTA,1559081400.0,1490786750.0,3049868150.0,68294650.0
2026-07-21,DEMCO,367610.0,2628.0,370238.0,364982.0
2026-07-21,DEMCO-W8,22665.0,22920.0,45585.0,-255.0
2026-07-21,DITTO,30035310.0,23833980.0,53869290.0,6201330.0
2026-07-21,DMT,31980.0,9920.0,41900.0,22060.0
2026-07-21,DOD,472.0,0.0,472.0,472.0
2026-07-21,DOHOME,9371056.0,8641388.0,18012444.0,729668.0
2026-07-21,DPAINT,125.0,2500.0,2625.0,-2375.0
2026-07-21,DRT,4160.0,520.0,4680.0,3640.0
2026-07-21,DUSIT,22050.0,96280.0,118330.0,-74230.0
2026-07-21,EA,38904720.0,51620072.0,90524792.0,-12715352.0
2026-07-21,EAST,5920.0,0.0,5920.0,5920.0
2026-07-21,EASTW,2704875.0,5288355.0,7993230.0,-2583480.0
2026-07-21,EFORL,0.0,40800.0,40800.0,-40800.0
2026-07-21,EGCO,243227750.0,116261450.0,359489200.0,126966300.0
2026-07-21,EKH,83840.0,197960.0,281800.0,-114120.0
2026-07-21,EMC,2765.0,0.76,2765.76,2764.24
2026-07-21,EMPIRE,342.0,60552.0,60894.0,-60210.0
2026-07-21,EP,295.95,0.0,295.95,295.95
2026-07-21,EPG,9439325.5,40389505.0,49828830.5,-30950179.5
2026-07-21,ERW,41513654.0,27149000.0,68662654.0,14364654.0
2026-07-21,ESTAR,975.0,25.0,1000.0,950.0
2026-07-21,ETC,596958.0,66156.0,663114.0,530802.0
2026-07-21,EURO,580000.0,0.0,580000.0,580000.0
2026-07-21,EVER,0.0,267.0,267.0,-267.0
2026-07-21,FM,3834.0,282906.0,286740.0,-279072.0
2026-07-21,FORTH,31908550.0,13196320.0,45104870.0,18712230.0
2026-07-21,FPT,0.0,705.0,705.0,-705.0
2026-07-21,FSMART,6124235.0,5973165.0,12097400.0,151070.0
2026-07-21,FSX,0.0,19008.0,19008.0,-19008.0
2026-07-21,FTE,914172.0,0.0,914172.0,914172.0
2026-07-21,GABLE,162498.0,168962.0,331460.0,-6464.0
2026-07-21,GEL,0.0,2865.0,2865.0,-2865.0
2026-07-21,GENCO,0.0,32.0,32.0,-32.0
2026-07-21,GFPT,5872240.0,14310570.0,20182810.0,-8438330.0
2026-07-21,GGC,0.0,42594.0,42594.0,-42594.0
2026-07-21,GJS,0.0,39.0,39.0,-39.0
2026-07-21,GLOBAL,28857230.0,48861480.0,77718710.0,-20004250.0
2026-07-21,GPSC,189241950.0,126426075.0,315668025.0,62815875.0
2026-07-21,GREEN,0.0,144.0,144.0,-144.0
2026-07-21,GTV,0.0,26928.0,26928.0,-26928.0
2026-07-21,GULF,1414714032.5,1390240148.0,2804954180.5,24473884.5
2026-07-21,GUNKUL,212416310.0,174908464.7,387324774.7,37507845.30000001
2026-07-21,HANA,398486200.0,121088250.0,519574450.0,277397950.0
2026-07-21,HANN,89.0,0.0,89.0,89.0
2026-07-21,HENG,588005.0,1130219.0,1718224.0,-542214.0
2026-07-21,HFT,1990.0,0.0,1990.0,1990.0
2026-07-21,HL,585.0,0.0,585.0,585.0
2026-07-21,HMPRO,54138168.0,41158940.0,95297108.0,12979228.0
2026-07-21,HTC,643220.0,6400.0,649620.0,636820.0
2026-07-21,HTECH,390764.0,125826.0,516590.0,264938.0
2026-07-21,HUMAN,6241868.0,598548.0,6840416.0,5643320.0
2026-07-21,I2,800.0,0.0,800.0,800.0
2026-07-21,ICHI,25035720.0,20691630.0,45727350.0,4344090.0
2026-07-21,ICN,91390.0,218.0,91608.0,91172.0
2026-07-21,IHL,0.0,2860.0,2860.0,-2860.0
2026-07-21,IIG,0.0,8000.0,8000.0,-8000.0
2026-07-21,ILINK,381160.0,166600.0,547760.0,214560.0
2026-07-21,ILM,225180.0,64680.0,289860.0,160500.0
2026-07-21,IND,1089.0,800.0,1889.0,289.0
2026-07-21,INET,973910.0,255174.0,1229084.0,718736.0
2026-07-21,INOX,2926.0,1260.0,4186.0,1666.0
2026-07-21,INSET,12114402.0,10547628.0,22662030.0,1566774.0
2026-07-21,IP,1520.0,0.0,1520.0,1520.0
2026-07-21,IRCP,0.0,34913.0,34913.0,-34913.0
2026-07-21,IROYAL,47070.0,515.0,47585.0,46555.0
2026-07-21,IRPC,153269781.96,60919550.0,214189331.96,92350231.96000001
2026-07-21,IT,345545.0,217940.0,563485.0,127605.0
2026-07-21,ITC,45836030.0,29280730.0,75116760.0,16555300.0
2026-07-21,ITD,63974.0,25154.0,89128.0,38820.0
2026-07-21,ITEL,6774858.0,5025073.0,11799931.0,1749785.0
2026-07-21,IVL,290474915.0,304766451.3,595241366.3,-14291536.300000012
2026-07-21,J,8000.0,1403.0,9403.0,6597.0
2026-07-21,JAS,106454.0,198496.0,304950.0,-92042.0
2026-07-21,JAS-W4,750.0,0.0,750.0,750.0
2026-07-21,JMART,29608190.0,82199680.0,111807870.0,-52591490.0
2026-07-21,JMT,42894490.0,72327640.0,115222130.0,-29433150.0
2026-07-21,JPARK,107446.0,661038.0,768484.0,-553592.0
2026-07-21,JTS,418175.0,1554750.0,1972925.0,-1136575.0
2026-07-21,KAMART,17510.0,1405930.0,1423440.0,-1388420.0
2026-07-21,KBANK,1901858615.0,2938295300.0,4840153915.0,-1036436685.0
2026-07-21,KCC,0.0,3062.0,3062.0,-3062.0
2026-07-21,KCE,192190807.0,318678375.0,510869182.0,-126487568.0
2026-07-21,KCG,288650.0,435890.0,724540.0,-147240.0
2026-07-21,KCM,0.0,28.0,28.0,-28.0
2026-07-21,KGEN,2268490.0,2669145.0,4937635.0,-400655.0
2026-07-21,KGI,7725350.0,6380786.0,14106136.0,1344564.0
2026-07-21,KIAT,0.0,33.0,33.0,-33.0
2026-07-21,KISS,1719880.0,0.0,1719880.0,1719880.0
2026-07-21,KJL,0.0,1400.0,1400.0,-1400.0
2026-07-21,KKP,1070929550.0,1028664365.0,2099593915.0,42265185.0
2026-07-21,KLINIQ,7685675.0,1887800.0,9573475.0,5797875.0
2026-07-21,KSL,1948529.0,315519.0,2264048.0,1633010.0
2026-07-21,KTB,1303225209.75,2400691350.0,3703916559.75,-1097466140.25
2026-07-21,KTC,276334590.0,302104375.0,578438965.0,-25769785.0
2026-07-21,KUMWEL,0.0,249314.0,249314.0,-249314.0
2026-07-21,LANNA,74000.0,25139.0,99139.0,48861.0
2026-07-21,LEO,0.0,2222.0,2222.0,-2222.0
2026-07-21,LH,27288804.0,40406392.0,67695196.0,-13117588.0
2026-07-21,LHFG,3271413.0,18218862.0,21490275.0,-14947449.0
2026-07-21,LOXLEY,148000.0,1480.0,149480.0,146520.0
2026-07-21,LPN,805.0,13138.0,13943.0,-12333.0
2026-07-21,LTMH,0.0,4250.0,4250.0,-4250.0
2026-07-21,LTS,1225036.0,752564.0,1977600.0,472472.0
2026-07-21,M,599780.0,5518800.0,6118580.0,-4919020.0
2026-07-21,MADAME,0.0,6732.0,6732.0,-6732.0
2026-07-21,MAGURO,3565780.0,868560.0,4434340.0,2697220.0
2026-07-21,MAJOR,2030440.0,2741030.0,4771470.0,-710590.0
2026-07-21,MALEE,0.0,141148.0,141148.0,-141148.0
2026-07-21,MASTEC,338614.0,1221504.0,1560118.0,-882890.0
2026-07-21,MASTER,1742305.0,788045.0,2530350.0,954260.0
2026-07-21,MBK,4550510.0,11470890.0,16021400.0,-6920380.0
2026-07-21,MC,6228470.0,630210.0,6858680.0,5598260.0
2026-07-21,MCS,181600.0,112800.0,294400.0,68800.0
2026-07-21,MDX,5460.0,279392.0,284852.0,-273932.0
2026-07-21,MEB,2265500.0,2327390.0,4592890.0,-61890.0
2026-07-21,MEDEZE,0.0,108335.0,108335.0,-108335.0
2026-07-21,MEGA,2982475.0,3601800.0,6584275.0,-619325.0
2026-07-21,METCO,300800.0,0.0,300800.0,300800.0
2026-07-21,MFC,927620.0,0.0,927620.0,927620.0
2026-07-21,MFEC,0.0,12400.0,12400.0,-12400.0
2026-07-21,MGC,6893065.0,22660320.0,29553385.0,-15767255.0
2026-07-21,MGI,29000.0,33510.0,62510.0,-4510.0
2026-07-21,MICRO,400620.0,31251.0,431871.0,369369.0
2026-07-21,MIDA,0.0,920.0,920.0,-920.0
2026-07-21,MINT,140737970.0,224443510.0,365181480.0,-83705540.0
2026-07-21,ML,878776.0,918965.0,1797741.0,-40189.0
2026-07-21,MMM,0.0,28938.0,28938.0,-28938.0
2026-07-21,MMM-W1,0.0,3780.0,3780.0,-3780.0
2026-07-21,MONO,19670.0,87803.0,107473.0,-68133.0
2026-07-21,MORE,140.0,55.0,195.0,85.0
2026-07-21,MOSHI,4834925.0,1490875.0,6325800.0,3344050.0
2026-07-21,MRDIYT,5841850.0,16328030.0,22169880.0,-10486180.0
2026-07-21,MSC,0.0,18.75,18.75,-18.75
2026-07-21,MST,8250.0,0.0,8250.0,8250.0
2026-07-21,MTC,58605500.0,228091075.0,286696575.0,-169485575.0
2026-07-21,NCAP,928578.0,1175026.0,2103604.0,-246448.0
2026-07-21,NCL,0.0,18.0,18.0,-18.0
2026-07-21,NCP,0.0,5724.0,5724.0,-5724.0
2026-07-21,NDR,0.0,356.0,356.0,-356.0
2026-07-21,NEO,5009470.0,553110.0,5562580.0,4456360.0
2026-07-21,NER,2608440.0,6278328.0,8886768.0,-3669888.0
2026-07-21,NETBAY,1234160.0,684442.9,1918602.9,549717.1
2026-07-21,NEX,2297012.0,1480667.0,3777679.0,816345.0
2026-07-21,NNCL,700.0,0.0,700.0,700.0
2026-07-21,NOBLE,18900.0,570.0,19470.0,18330.0
2026-07-21,NOBLE-W3,0.0,1170.5,1170.5,-1170.5
2026-07-21,NSL,7020.0,130480.0,137500.0,-123460.0
2026-07-21,NTF,0.0,452990.0,452990.0,-452990.0
2026-07-21,NTV,9400.0,0.0,9400.0,9400.0
2026-07-21,NUT,45740.0,0.0,45740.0,45740.0
2026-07-21,NV,0.0,348.0,348.0,-348.0
2026-07-21,NVD,0.0,330.0,330.0,-330.0
2026-07-21,NYT,787282.0,1559764.0,2347046.0,-772482.0
2026-07-21,OKJ,0.0,19554.0,19554.0,-19554.0
2026-07-21,ONEE,46288.0,110506.0,156794.0,-64218.0
2026-07-21,ONSENS,0.0,107280.0,107280.0,-107280.0
2026-07-21,OR,96842360.0,163510330.0,260352690.0,-66667970.0
2026-07-21,ORI,1603606.0,854144.0,2457750.0,749462.0
2026-07-21,ORN,79000.0,0.0,79000.0,79000.0
2026-07-21,OSP,28938420.0,39401180.0,68339600.0,-10462760.0
2026-07-21,PAF,0.0,970.0,970.0,-970.0
2026-07-21,PAP,0.0,11628.0,11628.0,-11628.0
2026-07-21,PB,0.0,96.0,96.0,-96.0
2026-07-21,PCC,0.0,36218.0,36218.0,-36218.0
2026-07-21,PCE,49476.0,48522.0,97998.0,954.0
2026-07-21,PCSGH,0.0,5508.0,5508.0,-5508.0
2026-07-21,PEER,0.0,304.0,304.0,-304.0
2026-07-21,PHOL,0.0,4170.0,4170.0,-4170.0
2026-07-21,PIN,380200.0,681640.0,1061840.0,-301440.0
2026-07-21,PIS,0.0,6895.0,6895.0,-6895.0
2026-07-21,PJW,4160.0,0.0,4160.0,4160.0
2026-07-21,PLANB,14172045.0,17559195.0,31731240.0,-3387150.0
2026-07-21,PLAT,77334.0,1094209.0,1171543.0,-1016875.0
2026-07-21,PLE,684.0,0.0,684.0,684.0
2026-07-21,PLT,0.0,32330.0,32330.0,-32330.0
2026-07-21,PLUS,32228.0,10841.0,43069.0,21387.0
2026-07-21,PM,136530.0,128760.0,265290.0,7770.0
2026-07-21,PMC,156600.0,0.0,156600.0,156600.0
2026-07-21,POLY,0.0,34935.0,34935.0,-34935.0
2026-07-21,PPPM,374.0,148.0,522.0,226.0
2026-07-21,PQS,26082.0,189.0,26271.0,25893.0
2026-07-21,PR9,1878969.0,8848280.0,10727249.0,-6969311.0
2026-07-21,PREB,95052.0,0.0,95052.0,95052.0
2026-07-21,PRM,5930320.0,3344505.0,9274825.0,2585815.0
2026-07-21,PROEN,0.0,1010.0,1010.0,-1010.0
2026-07-21,PROEN-W2,0.0,26.4,26.4,-26.4
2026-07-21,PSGC,0.0,1189320.0,1189320.0,-1189320.0
2026-07-21,PSH,128548.0,1080252.0,1208800.0,-951704.0
2026-07-21,PSL,41902220.0,25384210.0,67286430.0,16518010.0
2026-07-21,PSP,13080120.0,6698245.0,19778365.0,6381875.0
2026-07-21,PT,205850.0,2300.0,208150.0,203550.0
2026-07-21,PTG,14149180.0,24199700.0,38348880.0,-10050520.0
2026-07-21,PTL,42.9,1735160.0,1735202.9,-1735117.1
2026-07-21,PTT,3657791253.32,1879832723.07,5537623976.39,1777958530.2500002
2026-07-21,PTTEP,734473829.0,745350975.0,1479824804.0,-10877146.0
2026-07-21,PTTGC,400661125.0,386264375.0,786925500.0,14396750.0
2026-07-21,PYLON,876800.0,53734.0,930534.0,823066.0
2026-07-21,QH,3320362.0,8133698.0,11454060.0,-4813336.0
2026-07-21,QTC,2766.0,0.0,2766.0,2766.0
2026-07-21,QTCG,0.0,11.0,11.0,-11.0
2026-07-21,RABBIT,23495.0,10764.0,34259.0,12731.0
2026-07-21,RAM,0.0,8960.0,8960.0,-8960.0
2026-07-21,RATCH,280935450.0,128828695.0,409764145.0,152106755.0
2026-07-21,RBF,1038356.0,1091861.0,2130217.0,-53505.0
2026-07-21,RCL,141954650.0,47963517.5,189918167.5,93991132.5
2026-07-21,RJH,5990.0,317880.0,323870.0,-311890.0
2026-07-21,ROCTEC,160158.0,50865.0,211023.0,109293.0
2026-07-21,ROJNA,4052065.0,7217395.4,11269460.4,-3165330.4000000004
2026-07-21,RP,0.0,82.0,82.0,-82.0
2026-07-21,RPC,0.0,37.0,37.0,-37.0
2026-07-21,RPH,9960.0,0.0,9960.0,9960.0
2026-07-21,RS,1742.0,1284.0,3026.0,458.0
2026-07-21,RWI,0.0,16.0,16.0,-16.0
2026-07-21,S&J,0.0,166.25,166.25,-166.25
2026-07-21,SA,1410.0,0.0,1410.0,1410.0
2026-07-21,SABINA,43310.0,498610.0,541920.0,-455300.0
2026-07-21,SAFE,2850.0,0.0,2850.0,2850.0
2026-07-21,SAK,654214.0,2246908.0,2901122.0,-1592694.0
2026-07-21,SALEE,0.0,3584.0,3584.0,-3584.0
2026-07-21,SAMART,2420565.0,613200.0,3033765.0,1807365.0
2026-07-21,SANKO,1374.0,64641.0,66015.0,-63267.0
2026-07-21,SAPPE,20589625.0,11562000.0,32151625.0,9027625.0
2026-07-21,SAT,341560.0,2791480.0,3133040.0,-2449920.0
2026-07-21,SAUCE,0.0,16500.0,16500.0,-16500.0
2026-07-21,SAV,666400.0,711170.0,1377570.0,-44770.0
2026-07-21,SAWAD,36076525.0,113606946.0,149683471.0,-77530421.0
2026-07-21,SC,4913478.0,4129138.0,9042616.0,784340.0
2026-07-21,SCAP,3097151.0,3713703.0,6810854.0,-616552.0
2026-07-21,SCB,2131206799.5,2669250248.5,4800457048.0,-538043449.0
2026-07-21,SCC,133183500.0,260300236.0,393483736.0,-127116736.0
2026-07-21,SCCC,731750.0,283600.0,1015350.0,448150.0
2026-07-21,SCG,0.0,14.7,14.7,-14.7
2026-07-21,SCGD,53360.0,747930.0,801290.0,-694570.0
2026-07-21,SCGP,188262650.0,114216925.0,302479575.0,74045725.0
2026-07-21,SCL,0.0,3360.0,3360.0,-3360.0
2026-07-21,SCM,0.0,13396.0,13396.0,-13396.0
2026-07-21,SCN,0.0,40.0,40.0,-40.0
2026-07-21,SCP,8950.0,0.0,8950.0,8950.0
2026-07-21,SE-ED,145.0,0.0,145.0,145.0
2026-07-21,SEAFCO,223792.0,21172.0,244964.0,202620.0
2026-07-21,SEAOIL,20252.0,52416.0,72668.0,-32164.0
2026-07-21,SECURE,1410.0,0.0,1410.0,1410.0
2026-07-21,SGC,21389319.0,40925415.0,62314734.0,-19536096.0
2026-07-21,SGF,0.0,155.0,155.0,-155.0
2026-07-21,SGP,1600.0,17560.0,19160.0,-15960.0
2026-07-21,SHR,208377.0,100048.0,308425.0,108329.0
2026-07-21,SICT,168946.0,84252.0,253198.0,84694.0
2026-07-21,SIMAT,31512.0,69823.0,101335.0,-38311.0
2026-07-21,SINGER,22138750.0,13374500.0,35513250.0,8764250.0
2026-07-21,SINO,0.0,1840.0,1840.0,-1840.0
2026-07-21,SIRI,28586065.0,28088526.0,56674591.0,497539.0
2026-07-21,SIS,5167050.0,1020675.0,6187725.0,4146375.0
2026-07-21,SISB,7772995.0,10962980.0,18735975.0,-3189985.0
2026-07-21,SITHAI,0.0,1766436.0,1766436.0,-1766436.0
2026-07-21,SJWD,2434620.0,14979240.0,17413860.0,-12544620.0
2026-07-21,SKE,0.0,18.0,18.0,-18.0
2026-07-21,SKY,19586040.0,17422730.0,37008770.0,2163310.0
2026-07-21,SMD100,1760.0,289.35,2049.35,1470.65
2026-07-21,SMIT,0.0,252616.0,252616.0,-252616.0
2026-07-21,SMO,499432.0,2168406.0,2667838.0,-1668974.0
2026-07-21,SMT,11265402.0,9761992.0,21027394.0,1503410.0
2026-07-21,SNC,0.0,28850.0,28850.0,-28850.0
2026-07-21,SNNP,6390.0,55050.0,61440.0,-48660.0
2026-07-21,SPA,1298940.0,8279032.0,9577972.0,-6980092.0
2026-07-21,SPACK,0.0,7056.0,7056.0,-7056.0
2026-07-21,SPALI,1345500.0,13619890.0,14965390.0,-12274390.0
2026-07-21,SPCG,1029160.0,826770.0,1855930.0,202390.0
2026-07-21,SPRC,140227685.0,142890800.0,283118485.0,-2663115.0
2026-07-21,SPVI,221412.0,1119448.0,1340860.0,-898036.0
2026-07-21,SRICHA,3525400.0,5456410.0,8981810.0,-1931010.0
2026-07-21,SSP,631386.0,815796.0,1447182.0,-184410.0
2026-07-21,STA,50847380.0,40829070.0,91676450.0,10018310.0
2026-07-21,STANLY,143400.0,1481800.0,1625200.0,-1338400.0
2026-07-21,STARM,0.0,960.0,960.0,-960.0
2026-07-21,STECON,327318000.0,199671550.0,526989550.0,127646450.0
2026-07-21,STELLA,3100.0,28.0,3128.0,3072.0
2026-07-21,STGT,5404450.0,3672660.0,9077110.0,1731790.0
2026-07-21,STOWER,0.0,318.0,318.0,-318.0
2026-07-21,STPI,56340940.0,23834270.0,80175210.0,32506670.0
2026-07-21,SUC,147150.0,0.0,147150.0,147150.0
2026-07-21,SUN,0.0,252.0,252.0,-252.0
2026-07-21,SUPER,6.5,75686.0,75692.5,-75679.5
2026-07-21,SUSCO,92464.0,0.0,92464.0,92464.0
2026-07-21,SVOA,760842.0,916006.0,1676848.0,-155164.0
2026-07-21,SVT,0.0,134.0,134.0,-134.0
2026-07-21,SWC,0.0,4158.0,4158.0,-4158.0
2026-07-21,SYNEX,10254510.0,11859940.0,22114450.0,-1605430.0
2026-07-21,SYNTEC,3948.0,0.0,3948.0,3948.0
2026-07-21,TACC,143650.0,2714020.0,2857670.0,-2570370.0
2026-07-21,TAE,5855414.0,731150.0,6586564.0,5124264.0
2026-07-21,TAKUNI,0.0,117.0,117.0,-117.0
2026-07-21,TASCO,16457120.0,12279310.0,28736430.0,4177810.0
2026-07-21,TC,0.0,133000.0,133000.0,-133000.0
2026-07-21,TCAP,89901050.0,159963000.0,249864050.0,-70061950.0
2026-07-21,TCMC,0.0,478.0,478.0,-478.0
2026-07-21,TEAM,2579880.0,1025758.0,3605638.0,1554122.0
2026-07-21,TEAMG,3997404.0,3833152.0,7830556.0,164252.0
2026-07-21,TEGH,277832.0,457212.0,735044.0,-179380.0
2026-07-21,TFG,49083720.0,52662430.0,101746150.0,-3578710.0
2026-07-21,TFM,512875.0,487270.0,1000145.0,25605.0
2026-07-21,TFMAMA,112200.0,187000.0,299200.0,-74800.0
2026-07-21,TGE,7613.0,390.0,8003.0,7223.0
2026-07-21,TH,150.0,0.0,150.0,150.0
2026-07-21,THAI,84337127.6,68890895.0,153228022.6,15446232.599999994
2026-07-21,THANI,8395152.0,9284684.0,17679836.0,-889532.0
2026-07-21,THCOM,823360.0,12484900.0,13308260.0,-11661540.0
2026-07-21,THG,465815.0,1843130.0,2308945.0,-1377315.0
2026-07-21,THMUI,0.0,301872.0,301872.0,-301872.0
2026-07-21,THRE,0.0,4100.0,4100.0,-4100.0
2026-07-21,TIDLOR,94127820.0,170581323.4,264709143.4,-76453503.4
2026-07-21,TIPCO,12800.0,1280.0,14080.0,11520.0
2026-07-21,TIPH,1604490.0,92410.0,1696900.0,1512080.0
2026-07-21,TISCO,244244878.5,326985950.0,571230828.5,-82741071.5
2026-07-21,TITLE,1410140.0,78495.0,1488635.0,1331645.0
2026-07-21,TK,3180.0,0.0,3180.0,3180.0
2026-07-21,TKC,925.0,0.0,925.0,925.0
2026-07-21,TKN,74852.0,1096382.0,1171234.0,-1021530.0
2026-07-21,TKS,111740.0,37735.0,149475.0,74005.0
2026-07-21,TLI,17585180.0,48290150.0,65875330.0,-30704970.0
2026-07-21,TMAN,5750.0,681270.0,687020.0,-675520.0
2026-07-21,TMT,346.0,0.0,346.0,346.0
2026-07-21,TMW,575575.0,75900.0,651475.0,499675.0
2026-07-21,TNDT-W2,0.0,16.67,16.67,-16.67
2026-07-21,TNP,870.0,0.0,870.0,870.0
2026-07-21,TNR,56500.0,4485.0,60985.0,52015.0
2026-07-21,TOA,10156800.0,17173820.0,27330620.0,-7017020.0
2026-07-21,TOG,5.3,38250.0,38255.3,-38244.7
2026-07-21,TOP,1141694950.0,660204905.0,1801899855.0,481490045.0
2026-07-21,TPAC,5210.0,0.0,5210.0,5210.0
2026-07-21,TPIPL,6274599.24,17990390.0,24264989.240000002,-11715790.76
2026-07-21,TPIPP,216654.0,145379.0,362033.0,71275.0
2026-07-21,TPS,35.84,0.0,35.84,35.84
2026-07-21,TQM,23520.0,3304970.0,3328490.0,-3281450.0
2026-07-21,TRC,0.0,3731.24,3731.24,-3731.24
2026-07-21,TRT,14065450.0,7036030.0,21101480.0,7029420.0
2026-07-21,TRUBB,436.0,27073.0,27509.0,-26637.0
2026-07-21,TRUE,935089183.4,536897372.0,1471986555.4,398191811.4
2026-07-21,TSC,0.0,55410.0,55410.0,-55410.0
2026-07-21,TSE,637658.0,15571.0,653229.0,622087.0
2026-07-21,TSTH,78843.0,139214.0,218057.0,-60371.0
2026-07-21,TTA,13975275.0,2216350.0,16191625.0,11758925.0
2026-07-21,TTB,754386924.28,952573420.0,1706960344.28,-198186495.72000003
2026-07-21,TTW,16673540.0,7941494.0,24615034.0,8732046.0
2026-07-21,TU,14981380.0,34704710.0,49686090.0,-19723330.0
2026-07-21,TURBO,1797847.12,3086676.0,4884523.12,-1288828.88
2026-07-21,TVO,2455725.0,4720375.0,7176100.0,-2264650.0
2026-07-21,TWPC,1430.0,0.0,1430.0,1430.0
2026-07-21,UBE,174438.0,244314.0,418752.0,-69876.0
2026-07-21,UBIS,0.0,139.0,139.0,-139.0
2026-07-21,UKEM,1598587.0,420212.0,2018799.0,1178375.0
2026-07-21,UMI,0.0,8463.0,8463.0,-8463.0
2026-07-21,UMS,29200.0,12575.0,41775.0,16625.0
2026-07-21,UNIQ,4372.0,13542.0,17914.0,-9170.0
2026-07-21,UNIX,707754.0,158929.0,866683.0,548825.0
2026-07-21,UP,2350.0,0.0,2350.0,2350.0
2026-07-21,UREKA,61490.0,24123.0,85613.0,37367.0
2026-07-21,UTP,139000.0,1555540.0,1694540.0,-1416540.0
2026-07-21,UV,42453.0,595878.0,638331.0,-553425.0
2026-07-21,UVAN,3544060.0,2542270.0,6086330.0,1001790.0
2026-07-21,VARO,3564.0,0.0,3564.0,3564.0
2026-07-21,VCOM,51964.0,70102.0,122066.0,-18138.0
2026-07-21,VGI,21087293.7,28492200.0,49579493.7,-7404906.300000001
2026-07-21,VIBHA,14581.0,20.25,14601.25,14560.75
2026-07-21,VIBHA-W5,0.0,50.0,50.0,-50.0
2026-07-21,VIH,138870.0,0.0,138870.0,138870.0
2026-07-21,VPO,0.0,27500.0,27500.0,-27500.0
2026-07-21,WARRIX,408.0,4278.0,4686.0,-3870.0
2026-07-21,WASH,0.0,46168.0,46168.0,-46168.0
2026-07-21,WFX,0.0,98.0,98.0,-98.0
2026-07-21,WHA,165505000.0,119842455.0,285347455.0,45662545.0
2026-07-21,WHAUP,13544155.0,46552181.1,60096336.1,-33008026.1
2026-07-21,WICE,1383422.0,991598.0,2375020.0,391824.0
2026-07-21,WIIK,146613.0,10113.0,156726.0,136500.0
2026-07-21,WINNER,648.0,0.0,648.0,648.0
2026-07-21,WORK,0.0,3478.0,3478.0,-3478.0
2026-07-21,WP,0.0,1850.0,1850.0,-1850.0
2026-07-21,WPH,2300.0,395725.0,398025.0,-393425.0
2026-07-21,XBIO,156944.0,0.0,156944.0,156944.0
2026-07-21,XO,357570.0,2732600.0,3090170.0,-2375030.0
2026-07-21,XPG,259730.0,500145.0,759875.0,-240415.0
2026-07-21,XYZ,0.0,216.0,216.0,-216.0
2026-07-21,YGG,3600.0,270.0,3870.0,3330.0
2026-07-21,YUASA,0.0,4350.0,4350.0,-4350.0
2026-07-21,ZIGA,9570.0,88.0,9658.0,9482.0
2026-07-21,ZIGA-W2,0.0,6.66,6.66,-6.66
2026-07-20,2S,42028.0,0.0,42028.0,42028.0
2026-07-20,88TH,0.0,9878.0,9878.0,-9878.0
2026-07-20,AAI,11928830.0,3078440.0,15007270.0,8850390.0
2026-07-20,AAV,737646.0,408008.0,1145654.0,329638.0
2026-07-20,ACE,234436.0,296620.0,531056.0,-62184.0
2026-07-20,ADVANC,1716923956.0,906193401.0,2623117357.0,810730555.0
2026-07-20,ADVICE,2652630.0,5383010.0,8035640.0,-2730380.0
2026-07-20,AE,0.0,63.0,63.0,-63.0
2026-07-20,AEONTS,40013650.0,15205700.0,55219350.0,24807950.0
2026-07-20,AGE,240992.0,0.0,240992.0,240992.0
2026-07-20,AH,600780.0,1109230.0,1710010.0,-508450.0
2026-07-20,AIE,63450.0,0.0,63450.0,63450.0
2026-07-20,AIT,586752.0,490.0,587242.0,586262.0
2026-07-20,AJ,2085254.0,1872270.0,3957524.0,212984.0
2026-07-20,AJA,132.0,12.0,144.0,120.0
2026-07-20,AKP,0.0,7069.0,7069.0,-7069.0
2026-07-20,ALT,153901.0,858893.0,1012794.0,-704992.0
2026-07-20,AMA,26428.0,19300.0,45728.0,7128.0
2026-07-20,AMANAH,2541.0,8131.0,10672.0,-5590.0
2026-07-20,AMARC,960482.0,791026.0,1751508.0,169456.0
2026-07-20,AMARIN,0.0,404.0,404.0,-404.0
2026-07-20,AMATA,85644050.0,69990325.0,155634375.0,15653725.0
2026-07-20,ANAN,0.0,36.0,36.0,-36.0
2026-07-20,AOT,730646750.0,578297120.0,1308943870.0,152349630.0
2026-07-20,AP,19798255.0,8071840.0,27870095.0,11726415.0
2026-07-20,APCS,0.0,131.0,131.0,-131.0
2026-07-20,APO,29212.0,13952.0,43164.0,15260.0
2026-07-20,APP,0.0,2778.0,2778.0,-2778.0
2026-07-20,APURE,0.0,204.0,204.0,-204.0
2026-07-20,AQUA,0.0,1730.0,1730.0,-1730.0
2026-07-20,AS,54240.0,371434.0,425674.0,-317194.0
2026-07-20,ASEFA,1610100.0,222120.0,1832220.0,1387980.0
2026-07-20,ASIA,1085.0,0.0,1085.0,1085.0
2026-07-20,ASIAN,678900.0,867795.0,1546695.0,-188895.0
2026-07-20,ASK,2361270.0,1443750.0,3805020.0,917520.0
2026-07-20,ASP,394280.0,276060.0,670340.0,118220.0
2026-07-20,ASW,0.0,2260.0,2260.0,-2260.0
2026-07-20,ATLAS,622214.0,167078.0,789292.0,455136.0
2026-07-20,ATP30,40000.0,0.0,40000.0,40000.0
2026-07-20,AU,15272.0,26652.0,41924.0,-11380.0
2026-07-20,AUCT,94262.0,786502.0,880764.0,-692240.0
2026-07-20,AURA,11692330.0,10248650.0,21940980.0,1443680.0
2026-07-20,AWC,40797970.0,30121100.0,70919070.0,10676870.0
2026-07-20,AYUD,494205.0,4267.0,498472.0,489938.0
2026-07-20,BA,32806815.0,31681510.0,64488325.0,1125305.0
2026-07-20,BAFS,1055500.0,526290.0,1581790.0,529210.0
2026-07-20,BAM,30057565.0,10190205.0,40247770.0,19867360.0
2026-07-20,BAY,15557187.0,22084175.0,37641362.0,-6526988.0
2026-07-20,BBGI,357286.0,3240670.0,3597956.0,-2883384.0
2026-07-20,BBIK,33403390.0,11492880.0,44896270.0,21910510.0
2026-07-20,BBL,1669866210.0,1734162595.0,3404028805.0,-64296385.0
2026-07-20,BCH,18796830.0,41797640.0,60594470.0,-23000810.0
2026-07-20,BCP,338444375.0,149386000.0,487830375.0,189058375.0
2026-07-20,BCPG,18049905.0,28118790.0,46168695.0,-10068885.0
2026-07-20,BDMS,271782887.6,333919440.0,605702327.6,-62136552.399999976
2026-07-20,BE8,3785060.0,3864350.0,7649410.0,-79290.0
2026-07-20,BEC,0.0,34556.0,34556.0,-34556.0
2026-07-20,BEM,68590227.0,152229115.0,220819342.0,-83638888.0
2026-07-20,BEYOND,0.0,31140.0,31140.0,-31140.0
2026-07-20,BGRIM,165690420.0,380238008.5,545928428.5,-214547588.5
2026-07-20,BH,133736643.0,289240220.0,422976863.0,-155503577.0
2026-07-20,BIOTEC,0.0,2440.0,2440.0,-2440.0
2026-07-20,BIZ,3690.0,610.0,4300.0,3080.0
2026-07-20,BJC,38081550.0,21987730.0,60069280.0,16093820.0
2026-07-20,BJCHI,0.0,326.0,326.0,-326.0
2026-07-20,BKGI,0.0,69850.0,69850.0,-69850.0
2026-07-20,BKIH,37200.0,0.0,37200.0,37200.0
2026-07-20,BLA,11313150.0,11468750.0,22781900.0,-155600.0
2026-07-20,BLAND,1278180.0,4548755.0,5826935.0,-3270575.0
2026-07-20,BLC,95348.0,222514.0,317862.0,-127166.0
2026-07-20,BM,351.0,6903.0,7254.0,-6552.0
2026-07-20,BR,0.0,31292.0,31292.0,-31292.0
2026-07-20,BRI,2376.0,0.0,2376.0,2376.0
2026-07-20,BRR,0.0,37324.0,37324.0,-37324.0
2026-07-20,BSBM,0.0,37443.0,37443.0,-37443.0
2026-07-20,BSM,0.0,428.0,428.0,-428.0
2026-07-20,BTC,64.0,51125.0,51189.0,-51061.0
2026-07-20,BTG,13164070.0,34739410.0,47903480.0,-21575340.0
2026-07-20,BTS,8996766.0,18773872.0,27770638.0,-9777106.0
2026-07-20,BWG,0.0,26000.0,26000.0,-26000.0
2026-07-20,BWG-W8,0.0,3999.0,3999.0,-3999.0
2026-07-20,BYD,0.0,658.0,658.0,-658.0
2026-07-20,CAZ,6832.0,240.0,7072.0,6592.0
2026-07-20,CBG,80267825.0,79442175.0,159710000.0,825650.0
2026-07-20,CCET,163863100.0,174909395.0,338772495.0,-11046295.0
2026-07-20,CEN,0.0,182.0,182.0,-182.0
2026-07-20,CENTEL,24704375.0,56737450.0,81441825.0,-32033075.0
2026-07-20,CFARM,0.0,67093.0,67093.0,-67093.0
2026-07-20,CFRESH,1680.0,0.0,1680.0,1680.0
2026-07-20,CHASE,730.0,27500.0,28230.0,-26770.0
2026-07-20,CHAYO,1333484.0,1089161.0,2422645.0,244323.0
2026-07-20,CHEWA,0.0,16.0,16.0,-16.0
2026-07-20,CHG,4804540.0,12213063.0,17017603.0,-7408523.0
2026-07-20,CITY,15082.0,0.0,15082.0,15082.0
2026-07-20,CIVIL,14356.0,137395.0,151751.0,-123039.0
2026-07-20,CK,92260940.0,61036590.0,153297530.0,31224350.0
2026-07-20,CKP,160446.0,3157366.0,3317812.0,-2996920.0
2026-07-20,CMAN,0.0,726564.0,726564.0,-726564.0
2026-07-20,CMO,2204.0,0.0,2204.0,2204.0
2026-07-20,CNT,325053.0,404108.0,729161.0,-79055.0
2026-07-20,COCOCO,150000.0,210955.0,360955.0,-60955.0
2026-07-20,COM7,216938975.0,246760800.0,463699775.0,-29821825.0
2026-07-20,COMAN,148.0,0.0,148.0,148.0
2026-07-20,CPALL,247191501.5,162321112.5,409512614.0,84870389.0
2026-07-20,CPAXT,24292990.0,2419690.0,26712680.0,21873300.0
2026-07-20,CPF,355593528.2,279915000.0,635508528.2,75678528.19999999
2026-07-20,CPI,3717.5,7240.0,10957.5,-3522.5
2026-07-20,CPL,1173.0,0.0,1173.0,1173.0
2026-07-20,CPN,177733593.0,153745350.0,331478943.0,23988243.0
2026-07-20,CPW,0.0,774.0,774.0,-774.0
2026-07-20,CRANE,19.5,75.0,94.5,-55.5
2026-07-20,CRC,227847840.0,150523760.0,378371600.0,77324080.0
2026-07-20,CREDIT,9038365.0,23810475.0,32848840.0,-14772110.0
2026-07-20,CSS,28866.0,17745.0,46611.0,11121.0
2026-07-20,CTW,100275.0,8780.0,109055.0,91495.0
2026-07-20,CWT,12642.0,19600.0,32242.0,-6958.0
2026-07-20,DCC,79233.0,40692.0,119925.0,38541.0
2026-07-20,DCON,19.0,0.0,19.0,19.0
2026-07-20,DELTA,1205396200.0,1473230770.0,2678626970.0,-267834570.0
2026-07-20,DEMCO,250368.0,21230.0,271598.0,229138.0
2026-07-20,DITTO,19753410.0,48423560.0,68176970.0,-28670150.0
2026-07-20,DMT,4880.0,426650.0,431530.0,-421770.0
2026-07-20,DOD,0.0,117.0,117.0,-117.0
2026-07-20,DOHOME,8620204.0,5427926.0,14048130.0,3192278.0
2026-07-20,DPAINT,250.0,0.0,250.0,250.0
2026-07-20,DUSIT,152780.0,113680.0,266460.0,39100.0
2026-07-20,EA,20020340.0,6200220.0,26220560.0,13820120.0
2026-07-20,EA-W1,0.0,5894.13,5894.13,-5894.13
2026-07-20,EAST,1480.0,0.0,1480.0,1480.0
2026-07-20,EASTW,19312534.0,6446638.0,25759172.0,12865896.0
2026-07-20,EFORL,11.0,2412.0,2423.0,-2401.0
2026-07-20,EGCO,78948300.0,110541800.0,189490100.0,-31593500.0
2026-07-20,EKH,52015.0,107565.0,159580.0,-55550.0
2026-07-20,EMC,1000.0,0.0,1000.0,1000.0
2026-07-20,EMPIRE,3510.0,190.0,3700.0,3320.0
2026-07-20,EP,0.0,236.0,236.0,-236.0
2026-07-20,EPG,37612570.0,24247635.0,61860205.0,13364935.0
2026-07-20,ERW,7258286.0,4715782.0,11974068.0,2542504.0
2026-07-20,ESTAR,1250.0,52.0,1302.0,1198.0
2026-07-20,ETC,2628.0,348142.0,350770.0,-345514.0
2026-07-20,EVER,0.0,610.0,610.0,-610.0
2026-07-20,FANCY,0.0,27.0,27.0,-27.0
2026-07-20,FM,366120.0,47286.0,413406.0,318834.0
2026-07-20,FNS,18760.0,0.0,18760.0,18760.0
2026-07-20,FORTH,20999060.0,15061910.0,36060970.0,5937150.0
2026-07-20,FPT,198800.0,0.0,198800.0,198800.0
2026-07-20,FSMART,1433855.0,756425.0,2190280.0,677430.0
2026-07-20,FTE,3325856.0,284.0,3326140.0,3325572.0
2026-07-20,GABLE,333268.0,298160.0,631428.0,35108.0
2026-07-20,GC,10000.0,0.0,10000.0,10000.0
2026-07-20,GENCO,0.0,33.0,33.0,-33.0
2026-07-20,GFPT,10665835.0,13640345.0,24306180.0,-2974510.0
2026-07-20,GGC,0.0,33224.0,33224.0,-33224.0
2026-07-20,GJS,0.0,36400.0,36400.0,-36400.0
2026-07-20,GLOBAL,49290150.0,30183798.15,79473948.15,19106351.85
2026-07-20,GPSC,239779475.0,247110075.0,486889550.0,-7330600.0
2026-07-20,GRAND,0.0,100030.0,100030.0,-100030.0
2026-07-20,GREEN,0.0,982.0,982.0,-982.0
2026-07-20,GTV,0.0,6.0,6.0,-6.0
2026-07-20,GULF,1498577903.75,1904380984.0,3402958887.75,-405803080.25
2026-07-20,GUNKUL,41484513.0,290631300.0,332115813.0,-249146787.0
2026-07-20,HANA,139109625.0,74295375.0,213405000.0,64814250.0
2026-07-20,HANN,88.0,0.0,88.0,88.0
2026-07-20,HENG,1129277.0,79184.0,1208461.0,1050093.0
2026-07-20,HFT,2786.0,1996.0,4782.0,790.0
2026-07-20,HMPRO,31709750.0,26285795.0,57995545.0,5423955.0
2026-07-20,HTC,1913780.0,54410.0,1968190.0,1859370.0
2026-07-20,HTECH,605952.0,108338.0,714290.0,497614.0
2026-07-20,HUMAN,5349744.0,603626.0,5953370.0,4746118.0
2026-07-20,ICHI,43118260.0,34900180.0,78018440.0,8218080.0
2026-07-20,ICN,56544.0,2176.0,58720.0,54368.0
2026-07-20,IHL,0.0,11869.0,11869.0,-11869.0
2026-07-20,IIG,0.0,3100.0,3100.0,-3100.0
2026-07-20,III,0.0,5850.0,5850.0,-5850.0
2026-07-20,ILINK,332705.0,65335.0,398040.0,267370.0
2026-07-20,ILM,62040.0,9230.0,71270.0,52810.0
2026-07-20,IND,500.0,492.0,992.0,8.0
2026-07-20,INET,505606.0,454478.0,960084.0,51128.0
2026-07-20,INOX,0.0,13440.0,13440.0,-13440.0
2026-07-20,INSET,6900642.0,16448996.0,23349638.0,-9548354.0
2026-07-20,IP,0.0,500.0,500.0,-500.0
2026-07-20,IRCP,1425.0,0.0,1425.0,1425.0
2026-07-20,IROYAL,47690.0,500.0,48190.0,47190.0
2026-07-20,IRPC,117616876.0,234486602.88,352103478.88,-116869726.88
2026-07-20,IT,878570.0,1198650.0,2077220.0,-320080.0
2026-07-20,ITC,17276030.0,26247570.0,43523600.0,-8971540.0
2026-07-20,ITD,0.0,14742.0,14742.0,-14742.0
2026-07-20,ITEL,395832.0,1768801.0,2164633.0,-1372969.0
2026-07-20,ITEL-W6,26000.0,0.0,26000.0,26000.0
2026-07-20,ITTHI,0.0,13500.0,13500.0,-13500.0
2026-07-20,IVL,393001370.0,415340689.5,808342059.5,-22339319.5
2026-07-20,J,0.0,5561.0,5561.0,-5561.0
2026-07-20,JAS,1136621.0,223012.0,1359633.0,913609.0
2026-07-20,JAS-W4,0.0,5920.0,5920.0,-5920.0
2026-07-20,JCK,0.0,48.0,48.0,-48.0
2026-07-20,JMART,34262310.0,64135130.0,98397440.0,-29872820.0
2026-07-20,JMT,18559150.0,40764850.0,59324000.0,-22205700.0
2026-07-20,JPARK,1321592.0,974266.0,2295858.0,347326.0
2026-07-20,JR,0.0,696.0,696.0,-696.0
2026-07-20,JTS,214345.0,948500.0,1162845.0,-734155.0
2026-07-20,JUBILE,13.8,16905.0,16918.8,-16891.2
2026-07-20,KAMART,43605.0,460530.0,504135.0,-416925.0
2026-07-20,KBANK,1379367647.0,1306822134.0,2686189781.0,72545513.0
2026-07-20,KBS,0.0,49005.0,49005.0,-49005.0
2026-07-20,KCC,0.0,11628.0,11628.0,-11628.0
2026-07-20,KCE,322994332.5,270551275.0,593545607.5,52443057.5
2026-07-20,KCG,15940.0,458540.0,474480.0,-442600.0
2026-07-20,KCM,0.0,28.0,28.0,-28.0
2026-07-20,KGEN,3046640.0,1684076.0,4730716.0,1362564.0
2026-07-20,KGI,2576514.0,2860986.0,5437500.0,-284472.0
2026-07-20,KIAT,0.0,99.0,99.0,-99.0
2026-07-20,KISS,213574.0,37932.0,251506.0,175642.0
2026-07-20,KJL,2100.0,0.0,2100.0,2100.0
2026-07-20,KKP,558438700.0,509087250.0,1067525950.0,49351450.0
2026-07-20,KLINIQ,4397500.0,1238175.0,5635675.0,3159325.0
2026-07-20,KSL,110140.0,65202.0,175342.0,44938.0
2026-07-20,KTB,1596846397.25,1626007390.0,3222853787.25,-29160992.75
2026-07-20,KTC,606486650.0,433378038.5,1039864688.5,173108611.5
2026-07-20,KTIS,0.0,181.0,181.0,-181.0
2026-07-20,KTMS,12800.0,0.0,12800.0,12800.0
2026-07-20,KUMWEL,236754.0,336862.0,573616.0,-100108.0
2026-07-20,KWM,0.0,98.0,98.0,-98.0
2026-07-20,KYE,0.0,32300.0,32300.0,-32300.0
2026-07-20,LALIN,0.0,12760.0,12760.0,-12760.0
2026-07-20,LANNA,371480.0,596.0,372076.0,370884.0
2026-07-20,LEE,126000.0,12.7,126012.7,125987.3
2026-07-20,LH,23229674.0,47746078.0,70975752.0,-24516404.0
2026-07-20,LHFG,6543803.0,118897.0,6662700.0,6424906.0
2026-07-20,LHK,354.0,0.0,354.0,354.0
2026-07-20,LOXLEY,236400.0,14622.0,251022.0,221778.0
2026-07-20,LPH,0.0,362.0,362.0,-362.0
2026-07-20,LPN,0.0,38525.0,38525.0,-38525.0
2026-07-20,LTS,0.0,6912.0,6912.0,-6912.0
2026-07-20,M,15632430.0,12943230.0,28575660.0,2689200.0
2026-07-20,MAGURO,798010.0,1452840.0,2250850.0,-654830.0
2026-07-20,MAJOR,214890.0,849835.0,1064725.0,-634945.0
2026-07-20,MALEE,0.0,26650.0,26650.0,-26650.0
2026-07-20,MASTEC,572702.0,934016.0,1506718.0,-361314.0
2026-07-20,MASTER,1167550.0,1831915.0,2999465.0,-664365.0
2026-07-20,MATCH,0.61,0.0,0.61,0.61
2026-07-20,MBAX,0.0,40000.0,40000.0,-40000.0
2026-07-20,MBK,4058520.0,6656210.0,10714730.0,-2597690.0
2026-07-20,MC,1502900.0,1523210.0,3026110.0,-20310.0
2026-07-20,MCOT,0.0,62000.0,62000.0,-62000.0
2026-07-20,MCS,18405.0,467200.0,485605.0,-448795.0
2026-07-20,MDX,699814.0,241326.0,941140.0,458488.0
2026-07-20,MEB,927910.0,1240820.0,2168730.0,-312910.0
2026-07-20,MEDEZE,0.0,8645.0,8645.0,-8645.0
2026-07-20,MEGA,7990350.0,4348275.0,12338625.0,3642075.0
2026-07-20,METCO,330000.0,0.0,330000.0,330000.0
2026-07-20,MFC,2010.0,0.0,2010.0,2010.0
2026-07-20,MFEC,610.0,12200.0,12810.0,-11590.0
2026-07-20,MGC,5972500.0,4221175.0,10193675.0,1751325.0
2026-07-20,MGI,34605.0,39125.0,73730.0,-4520.0
2026-07-20,MICRO,14968.0,31313.0,46281.0,-16345.0
2026-07-20,MINT,199014278.0,242567860.0,441582138.0,-43553582.0
2026-07-20,MJD,0.0,3168.0,3168.0,-3168.0
2026-07-20,MK,1054.0,0.0,1054.0,1054.0
2026-07-20,ML,413886.0,371286.0,785172.0,42600.0
2026-07-20,MMM,0.0,28980.0,28980.0,-28980.0
2026-07-20,MONO,139089.0,145692.0,284781.0,-6603.0
2026-07-20,MORE,0.0,5.0,5.0,-5.0
2026-07-20,MOSHI,3963775.0,451800.0,4415575.0,3511975.0
2026-07-20,MRDIYT,10091400.0,17156580.0,27247980.0,-7065180.0
2026-07-20,MST,6535.0,0.0,6535.0,6535.0
2026-07-20,MTC,185491767.5,171288425.0,356780192.5,14203342.5
2026-07-20,MTI,181000.0,0.0,181000.0,181000.0
2026-07-20,NAT,356.0,0.0,356.0,356.0
2026-07-20,NCAP,844838.0,5286632.0,6131470.0,-4441794.0
2026-07-20,NCL,0.0,18.0,18.0,-18.0
2026-07-20,NDR,0.0,531.0,531.0,-531.0
2026-07-20,NEO,2174330.0,1263990.0,3438320.0,910340.0
2026-07-20,NER,2470666.0,6021884.0,8492550.0,-3551218.0
2026-07-20,NETBAY,3548300.0,10189330.0,13737630.0,-6641030.0
2026-07-20,NEX,461273.0,5264521.0,5725794.0,-4803248.0
2026-07-20,NNCL,0.0,175.0,175.0,-175.0
2026-07-20,NOBLE,76400.0,378.0,76778.0,76022.0
2026-07-20,NSL,49350.0,532200.0,581550.0,-482850.0
2026-07-20,NTF,0.0,437130.0,437130.0,-437130.0
2026-07-20,NTSC,0.0,615.0,615.0,-615.0
2026-07-20,NUT,18096.0,0.0,18096.0,18096.0
2026-07-20,NV,0.0,114.0,114.0,-114.0
2026-07-20,NVD,0.0,328.0,328.0,-328.0
2026-07-20,NYT,1527012.0,550350.0,2077362.0,976662.0
2026-07-20,OKJ,21830.0,668598.0,690428.0,-646768.0
2026-07-20,ONEE,104954.0,65156.0,170110.0,39798.0
2026-07-20,OR,146550260.0,145745387.0,292295647.0,804873.0
2026-07-20,ORI,1170575.0,1676087.0,2846662.0,-505512.0
2026-07-20,ORI-W2,0.0,93.5,93.5,-93.5
2026-07-20,OSP,178676550.0,105412560.0,284089110.0,73263990.0
2026-07-20,PACO,1450.0,0.0,1450.0,1450.0
2026-07-20,PAP,0.0,4120.0,4120.0,-4120.0
2026-07-20,PCC,0.0,302.0,302.0,-302.0
2026-07-20,PCE,40454.0,1850764.0,1891218.0,-1810310.0
2026-07-20,PCSGH,11174.0,0.0,11174.0,11174.0
2026-07-20,PDG,310.0,314.0,624.0,-4.0
2026-07-20,PDJ,40.5,301.0,341.5,-260.5
2026-07-20,PEER,0.0,18.0,18.0,-18.0
2026-07-20,PERM,0.0,25.0,25.0,-25.0
2026-07-20,PF,0.0,25.0,25.0,-25.0
2026-07-20,PHOL,0.0,320.0,320.0,-320.0
2026-07-20,PIN,1159354.0,620368.0,1779722.0,538986.0
2026-07-20,PIS,155910.0,12820.0,168730.0,143090.0
2026-07-20,PK,0.0,98.0,98.0,-98.0
2026-07-20,PLANB,38906610.0,34209010.0,73115620.0,4697600.0
2026-07-20,PLANET,0.0,50271.0,50271.0,-50271.0
2026-07-20,PLAT,337148.0,517590.0,854738.0,-180442.0
2026-07-20,PLE,0.0,42.0,42.0,-42.0
2026-07-20,PLUS,5754.0,0.0,5754.0,5754.0
2026-07-20,PM,187590.0,12260.0,199850.0,175330.0
2026-07-20,PMC,202740.0,18200.0,220940.0,184540.0
2026-07-20,POLY,0.0,14385.0,14385.0,-14385.0
2026-07-20,PPPM,0.0,105.0,105.0,-105.0
2026-07-20,PR9,322449.0,7364730.0,7687179.0,-7042281.0
2026-07-20,PRG,0.0,149.25,149.25,-149.25
2026-07-20,PRINC,350.0,0.0,350.0,350.0
2026-07-20,PRM,3127345.0,2773035.0,5900380.0,354310.0
2026-07-20,PROUD,0.0,111.0,111.0,-111.0
2026-07-20,PRTR,35550.0,0.0,35550.0,35550.0
2026-07-20,PSH,49904.0,358026.0,407930.0,-308122.0
2026-07-20,PSL,49771695.0,18900475.0,68672170.0,30871220.0
2026-07-20,PSP,203510.0,3451035.0,3654545.0,-3247525.0
2026-07-20,PSTC,0.0,7308.0,7308.0,-7308.0
2026-07-20,PT,288650.0,95460.0,384110.0,193190.0
2026-07-20,PTG,17813405.0,8581395.0,26394800.0,9232010.0
2026-07-20,PTL,203040.0,80660.0,283700.0,122380.0
2026-07-20,PTT,2838582530.0,2484546192.5,5323128722.5,354036337.5
2026-07-20,PTTEP,729215748.5,1795685903.0,2524901651.5,-1066470154.5
2026-07-20,PTTGC,389743025.0,349901300.0,739644325.0,39841725.0
2026-07-20,PYLON,406002.0,5096.0,411098.0,400906.0
2026-07-20,QH,1108194.0,2225544.0,3333738.0,-1117350.0
2026-07-20,RABBIT,8930.0,63404.0,72334.0,-54474.0
2026-07-20,RATCH,74952850.0,38690700.0,113643550.0,36262150.0
2026-07-20,RBF,40760.0,792742.0,833502.0,-751982.0
2026-07-20,RCL,98606575.0,32914241.25,131520816.25,65692333.75
2026-07-20,RJH,65560.0,1055520.0,1121080.0,-989960.0
2026-07-20,RML,96.0,0.0,96.0,96.0
2026-07-20,ROCTEC,78595.0,1260.0,79855.0,77335.0
2026-07-20,ROJNA,8120740.0,6339630.0,14460370.0,1781110.0
2026-07-20,RP,0.0,65.0,65.0,-65.0
2026-07-20,RPC,0.0,111.0,111.0,-111.0
2026-07-20,RS,0.0,18396.0,18396.0,-18396.0
2026-07-20,RWI,0.0,144.0,144.0,-144.0
2026-07-20,S,50087.0,177422.0,227509.0,-127335.0
2026-07-20,SA,0.0,700.0,700.0,-700.0
2026-07-20,SABINA,3180.0,275050.0,278230.0,-271870.0
2026-07-20,SAF,2100.0,0.0,2100.0,2100.0
2026-07-20,SAFE,2850.0,0.0,2850.0,2850.0
2026-07-20,SAK,1035704.0,936430.0,1972134.0,99274.0
2026-07-20,SALEE,0.0,6600.0,6600.0,-6600.0
2026-07-20,SAMART,1540650.0,573375.0,2114025.0,967275.0
2026-07-20,SANKO,84357.0,24324.0,108681.0,60033.0
2026-07-20,SAPPE,6259350.0,6200800.0,12460150.0,58550.0
2026-07-20,SAT,55060.0,1196230.0,1251290.0,-1141170.0
2026-07-20,SAV,774100.0,128200.0,902300.0,645900.0
2026-07-20,SAWAD,180867475.0,136044125.0,316911600.0,44823350.0
2026-07-20,SC,1043680.0,4377132.0,5420812.0,-3333452.0
2026-07-20,SCAP,5364435.0,5615786.0,10980221.0,-251351.0
2026-07-20,SCB,2183230088.0,896378350.0,3079608438.0,1286851738.0
2026-07-20,SCC,421680580.0,282400180.0,704080760.0,139280400.0
2026-07-20,SCCC,8239000.0,283000.0,8522000.0,7956000.0
2026-07-20,SCGD,4240.0,12190.0,16430.0,-7950.0
2026-07-20,SCGP,180906825.0,101981125.0,282887950.0,78925700.0
2026-07-20,SCN,0.0,41.0,41.0,-41.0
2026-07-20,SE-ED,0.0,160.0,160.0,-160.0
2026-07-20,SEAFCO,143234.0,61118.0,204352.0,82116.0
2026-07-20,SEAOIL,77366.0,2988.0,80354.0,74378.0
2026-07-20,SECURE,7050.0,0.0,7050.0,7050.0
2026-07-20,SFLEX,0.0,70264.0,70264.0,-70264.0
2026-07-20,SGC,26536783.0,88085460.0,114622243.0,-61548677.0
2026-07-20,SGC-W2,4845.0,0.0,4845.0,4845.0
2026-07-20,SGF,0.0,9126.0,9126.0,-9126.0
2026-07-20,SGP,4000.0,20695.0,24695.0,-16695.0
2026-07-20,SHR,56128.0,1183009.0,1239137.0,-1126881.0
2026-07-20,SICT,44724.0,4704.0,49428.0,40020.0
2026-07-20,SIMAT,17051.0,31739.0,48790.0,-14688.0
2026-07-20,SINGER,11509550.0,49574470.0,61084020.0,-38064920.0
2026-07-20,SIRI,6678426.0,12294310.0,18972736.0,-5615884.0
2026-07-20,SIS,2458225.0,2332225.0,4790450.0,126000.0
2026-07-20,SISB,9330890.0,7389990.0,16720880.0,1940900.0
2026-07-20,SITHAI,0.0,78279.0,78279.0,-78279.0
2026-07-20,SJWD,7622175.0,3855520.0,11477695.0,3766655.0
2026-07-20,SK,0.0,26000.0,26000.0,-26000.0
2026-07-20,SKN,0.0,43460.0,43460.0,-43460.0
2026-07-20,SKR,46400.0,95195.0,141595.0,-48795.0
2026-07-20,SKY,30236670.0,7983600.0,38220270.0,22253070.0
2026-07-20,SMD100,1287.0,0.0,1287.0,1287.0
2026-07-20,SMIT,0.0,36400.0,36400.0,-36400.0
2026-07-20,SMO,991958.0,1301128.0,2293086.0,-309170.0
2026-07-20,SMPC,940.0,0.0,940.0,940.0
2026-07-20,SMT,6279844.0,8204434.0,14484278.0,-1924590.0
2026-07-20,SNNP,7100.0,32555.0,39655.0,-25455.0
2026-07-20,SO,4610.0,3276.0,7886.0,1334.0
2026-07-20,SOLAR,0.0,23.0,23.0,-23.0
2026-07-20,SPA,6774262.0,2742280.0,9516542.0,4031982.0
2026-07-20,SPACK,0.0,10658.0,10658.0,-10658.0
2026-07-20,SPALI,3297360.0,19879080.0,23176440.0,-16581720.0
2026-07-20,SPC,33250.0,0.0,33250.0,33250.0
2026-07-20,SPCG,644125.0,465325.0,1109450.0,178800.0
2026-07-20,SPI,6750.0,0.0,6750.0,6750.0
2026-07-20,SPRC,165498480.0,131898335.0,297396815.0,33600145.0
2026-07-20,SPVI,860718.0,637340.0,1498058.0,223378.0
2026-07-20,SQ,3960.0,0.0,3960.0,3960.0
2026-07-20,SRICHA,6734500.0,3062780.0,9797280.0,3671720.0
2026-07-20,SSP,6527034.0,3396378.0,9923412.0,3130656.0
2026-07-20,SSSC,66120.0,8736.0,74856.0,57384.0
2026-07-20,SST,103.0,0.0,103.0,103.0
2026-07-20,STA,77340600.0,77758680.0,155099280.0,-418080.0
2026-07-20,STANLY,23900.0,143640.0,167540.0,-119740.0
2026-07-20,STARM,0.0,960.0,960.0,-960.0
2026-07-20,STECON,155960690.0,38393790.0,194354480.0,117566900.0
2026-07-20,STELLA,0.0,78.0,78.0,-78.0
2026-07-20,STGT,1253570.0,534830.0,1788400.0,718740.0
2026-07-20,STOWER,0.0,583.0,583.0,-583.0
2026-07-20,STPI,52028185.0,35434955.0,87463140.0,16593230.0
2026-07-20,SUC,138975.0,594050.0,733025.0,-455075.0
2026-07-20,SUN,0.0,226500.0,226500.0,-226500.0
2026-07-20,SUPER,146380.0,167677.0,314057.0,-21297.0
2026-07-20,SUSCO,135490.0,0.0,135490.0,135490.0
2026-07-20,SVOA,932414.0,553436.0,1485850.0,378978.0
2026-07-20,SVT,0.0,536.0,536.0,-536.0
2026-07-20,SYNEX,5358610.0,2357075.0,7715685.0,3001535.0
2026-07-20,TACC,429950.0,1942085.0,2372035.0,-1512135.0
2026-07-20,TAE,5491330.0,3833826.0,9325156.0,1657504.0
2026-07-20,TAKUNI,0.0,1170.0,1170.0,-1170.0
2026-07-20,TASCO,28934480.0,12023384.0,40957864.0,16911096.0
2026-07-20,TBN,0.0,3460.0,3460.0,-3460.0
2026-07-20,TC,0.0,66500.0,66500.0,-66500.0
2026-07-20,TCAP,170269575.0,131423770.0,301693345.0,38845805.0
2026-07-20,TCC,0.0,124.0,124.0,-124.0
2026-07-20,TCJ,1224.0,0.0,1224.0,1224.0
2026-07-20,TCMC,0.0,360.0,360.0,-360.0
2026-07-20,TEAM,1116838.0,584580.0,1701418.0,532258.0
2026-07-20,TEAMG,801022.0,1920558.0,2721580.0,-1119536.0
2026-07-20,TEGH,45260.0,19704.0,64964.0,25556.0
2026-07-20,TFG,70109150.0,26004970.0,96114120.0,44104180.0
2026-07-20,TFI,0.0,25.0,25.0,-25.0
2026-07-20,TFM,469090.0,8515.0,477605.0,460575.0
2026-07-20,TFMAMA,0.0,130900.0,130900.0,-130900.0
2026-07-20,TGE,6750.0,927.0,7677.0,5823.0
2026-07-20,TH,539.0,0.0,539.0,539.0
2026-07-20,THAI,90802520.0,52904890.0,143707410.0,37897630.0
2026-07-20,THANI,17730382.0,15914100.0,33644482.0,1816282.0
2026-07-20,THCOM,3503070.0,11714870.0,15217940.0,-8211800.0
2026-07-20,THG,44525.0,854120.0,898645.0,-809595.0
2026-07-20,THRE,0.0,41000.0,41000.0,-41000.0
2026-07-20,THREL,0.0,42319.0,42319.0,-42319.0
2026-07-20,TIDLOR,107197610.0,136511260.0,243708870.0,-29313650.0
2026-07-20,TIPCO,23200.0,0.0,23200.0,23200.0
2026-07-20,TIPH,760680.0,101210.0,861890.0,659470.0
2026-07-20,TISCO,248765750.0,226219200.0,474984950.0,22546550.0
2026-07-20,TITLE,789060.0,591375.0,1380435.0,197685.0
2026-07-20,TK,454.0,0.0,454.0,454.0
2026-07-20,TKN,324556.0,748148.0,1072704.0,-423592.0
2026-07-20,TKS,73510.0,2210.0,75720.0,71300.0
2026-07-20,TLI,48112060.0,13689400.0,61801460.0,34422660.0
2026-07-20,TMAN,68330.0,487210.0,555540.0,-418880.0
2026-07-20,TMT,0.0,338.0,338.0,-338.0
2026-07-20,TMW,1330750.0,44150.0,1374900.0,1286600.0
2026-07-20,TNDT,0.0,14.0,14.0,-14.0
2026-07-20,TNDT-W2,0.0,66.0,66.0,-66.0
2026-07-20,TNP,0.0,290.0,290.0,-290.0
2026-07-20,TNR,0.0,41440.0,41440.0,-41440.0
2026-07-20,TOA,12083670.0,12908610.0,24992280.0,-824940.0
2026-07-20,TOG,0.0,220500.0,220500.0,-220500.0
2026-07-20,TOP,602086225.0,805233890.0,1407320115.0,-203147665.0
2026-07-20,TOPP,0.0,39600.0,39600.0,-39600.0
2026-07-20,TPIPL,1538929.0,3737518.0,5276447.0,-2198589.0
2026-07-20,TPIPP,371127.0,1458225.0,1829352.0,-1087098.0
2026-07-20,TPOLY,70.0,0.0,70.0,70.0
2026-07-20,TPS,3120.0,318.0,3438.0,2802.0
2026-07-20,TQM,989950.0,1366120.0,2356070.0,-376170.0
2026-07-20,TRC,0.0,812.0,812.0,-812.0
2026-07-20,TRT,10347850.0,10560850.0,20908700.0,-213000.0
2026-07-20,TRUBB,92977.0,164309.0,257286.0,-71332.0
2026-07-20,TRUE,612134481.4,340918634.0,953053115.4,271215847.4
2026-07-20,TSC,0.0,460540.0,460540.0,-460540.0
2026-07-20,TSE,985791.0,299696.0,1285487.0,686095.0
2026-07-20,TSI,0.0,25000.0,25000.0,-25000.0
2026-07-20,TSTH,653068.0,1871551.0,2524619.0,-1218483.0
2026-07-20,TTA,9203840.0,1902380.0,11106220.0,7301460.0
2026-07-20,TTB,1366522313.16,825473668.0,2191995981.16,541048645.1600001
2026-07-20,TTW,14632990.0,12124890.0,26757880.0,2508100.0
2026-07-20,TU,74510490.0,102186360.0,176696850.0,-27675870.0
2026-07-20,TURBO,6990416.0,2049801.0,9040217.0,4940615.0
2026-07-20,TVH,0.0,23774.4,23774.4,-23774.4
2026-07-20,TVO,1161872.5,1668925.0,2830797.5,-507052.5
2026-07-20,TWPC,1440.0,0.0,1440.0,1440.0
2026-07-20,TWZ,200.0,0.0,200.0,200.0
2026-07-20,TYCN,339.0,167.0,506.0,172.0
2026-07-20,UBE,918690.0,1111083.0,2029773.0,-192393.0
2026-07-20,UBIS,0.0,141.0,141.0,-141.0
2026-07-20,UKEM,702795.0,1132914.0,1835709.0,-430119.0
2026-07-20,UMI,0.0,558.0,558.0,-558.0
2026-07-20,UMS,11880.0,8518.0,20398.0,3362.0
2026-07-20,UNIQ,13064.0,1692.0,14756.0,11372.0
2026-07-20,UNIX,329825.0,17675.0,347500.0,312150.0
2026-07-20,UREKA,0.0,3225.0,3225.0,-3225.0
2026-07-20,UTP,336810.0,613180.0,949990.0,-276370.0
2026-07-20,UV,60548.0,90193.0,150741.0,-29645.0
2026-07-20,UVAN,3182880.0,949140.0,4132020.0,2233740.0
2026-07-20,VCOM,33876.0,86480.0,120356.0,-52604.0
2026-07-20,VGI,4829872.0,10481165.0,15311037.0,-5651293.0
2026-07-20,VIBHA,12414.0,27237.78,39651.78,-14823.78
2026-07-20,VIBHA-W5,0.0,65.0,65.0,-65.0
2026-07-20,VIH,173240.0,72670.0,245910.0,100570.0
2026-07-20,VNG,0.0,2642.0,2642.0,-2642.0
2026-07-20,VS,0.0,37.0,37.0,-37.0
2026-07-20,WARRIX,680.0,274.0,954.0,406.0
2026-07-20,WASH,15920.0,179108.0,195028.0,-163188.0
2026-07-20,WFX,0.0,198.0,198.0,-198.0
2026-07-20,WHA,185573895.0,145242780.0,330816675.0,40331115.0
2026-07-20,WHAUP,9613715.0,40215315.0,49829030.0,-30601600.0
2026-07-20,WICE,2398532.0,171106.0,2569638.0,2227426.0
2026-07-20,WIIK,186794.0,62239.0,249033.0,124555.0
2026-07-20,WIN,2900.0,0.0,2900.0,2900.0
2026-07-20,WORK,0.0,7284.0,7284.0,-7284.0
2026-07-20,WP,0.0,1110.0,1110.0,-1110.0
2026-07-20,WPH,6325.0,32775.0,39100.0,-26450.0
2026-07-20,XBIO,77416.0,0.0,77416.0,77416.0
2026-07-20,XO,5665760.0,1501790.0,7167550.0,4163970.0
2026-07-20,XPG,548519.0,10867.0,559386.0,537652.0
2026-07-20,XYZ,0.0,918.0,918.0,-918.0
2026-07-20,YGG,0.0,326.0,326.0,-326.0
2026-07-20,ZIGA,0.0,88.0,88.0,-88.0
2026-07-17,88TH,123600.0,185738.0,309338.0,-62138.0
2026-07-17,AAI,4974988.0,388910.0,5363898.0,4586078.0
2026-07-17,AAV,250808.0,2902965.0,3153773.0,-2652157.0
2026-07-17,ACE,0.0,49952.0,49952.0,-49952.0
2026-07-17,ADVANC,1915685480.0,1351593902.0,3267279382.0,564091578.0
2026-07-17,ADVICE,3460605.0,4377585.0,7838190.0,-916980.0
2026-07-17,AEONTS,11566400.0,29480250.0,41046650.0,-17913850.0
2026-07-17,AFC,0.0,9940.0,9940.0,-9940.0
2026-07-17,AGE,263494.0,0.0,263494.0,263494.0
2026-07-17,AH,1188670.0,1356860.0,2545530.0,-168190.0
2026-07-17,AIE,44936.0,119.0,45055.0,44817.0
2026-07-17,AIT,149594.0,359934.0,509528.0,-210340.0
2026-07-17,AJ,1044052.0,2469038.0,3513090.0,-1424986.0
2026-07-17,AJA,96.0,132.0,228.0,-36.0
2026-07-17,AKP,0.0,20714.0,20714.0,-20714.0
2026-07-17,ALPHAX,100.0,0.0,100.0,100.0
2026-07-17,ALT,211413.0,1668433.0,1879846.0,-1457020.0
2026-07-17,AMA,1940.0,0.0,1940.0,1940.0
2026-07-17,AMANAH,5390.0,0.0,5390.0,5390.0
2026-07-17,AMARC,349924.0,935960.0,1285884.0,-586036.0
2026-07-17,AMARIN,0.0,204.0,204.0,-204.0
2026-07-17,AMATA,117588014.5,146206125.0,263794139.5,-28618110.5
2026-07-17,AOT,764822195.0,749932005.0,1514754200.0,14890190.0
2026-07-17,AP,51583655.0,21909790.0,73493445.0,29673865.0
2026-07-17,APCO,0.0,23590.0,23590.0,-23590.0
2026-07-17,APO,68980.0,135320.0,204300.0,-66340.0
2026-07-17,APURE,0.0,206.0,206.0,-206.0
2026-07-17,AQUA,0.0,1531.0,1531.0,-1531.0
2026-07-17,ARIP,0.0,1410.0,1410.0,-1410.0
2026-07-17,AS,655064.0,143084.0,798148.0,511980.0
2026-07-17,ASAP,0.0,218.0,218.0,-218.0
2026-07-17,ASEFA,719035.0,2230700.0,2949735.0,-1511665.0
2026-07-17,ASIA,545.0,0.0,545.0,545.0
2026-07-17,ASIAN,585330.0,154585.0,739915.0,430745.0
2026-07-17,ASK,1473390.0,5145280.0,6618670.0,-3671890.0
2026-07-17,ASP,221544.0,92898.0,314442.0,128646.0
2026-07-17,ASW,0.0,4495.0,4495.0,-4495.0
2026-07-17,ATLAS,599590.0,569027.0,1168617.0,30563.0
2026-07-17,AU,93802.0,303782.0,397584.0,-209980.0
2026-07-17,AUCT,404340.0,728786.0,1133126.0,-324446.0
2026-07-17,AURA,13097970.0,7134350.0,20232320.0,5963620.0
2026-07-17,AWC,43999756.0,38542734.0,82542490.0,5457022.0
2026-07-17,AYUD,8350.0,16700.0,25050.0,-8350.0
2026-07-17,BA,28137500.0,43610320.0,71747820.0,-15472820.0
2026-07-17,BAFS,203260.0,1113590.0,1316850.0,-910330.0
2026-07-17,BAM,7092665.0,42250035.0,49342700.0,-35157370.0
2026-07-17,BAY,8310600.0,27167275.0,35477875.0,-18856675.0
2026-07-17,BBGI,1065334.0,1561946.0,2627280.0,-496612.0
2026-07-17,BBIK,8573060.0,17469390.0,26042450.0,-8896330.0
2026-07-17,BBL,472891180.0,636512015.0,1109403195.0,-163620835.0
2026-07-17,BCH,17482500.0,54231100.0,71713600.0,-36748600.0
2026-07-17,BCP,389503600.0,319414225.0,708917825.0,70089375.0
2026-07-17,BCPG,53609855.0,28878940.0,82488795.0,24730915.0
2026-07-17,BDMS,337009980.0,370553380.0,707563360.0,-33543400.0
2026-07-17,BE8,256695.0,39035.0,295730.0,217660.0
2026-07-17,BEAUTY,498500.0,150000.0,648500.0,348500.0
2026-07-17,BEC,0.0,1080.0,1080.0,-1080.0
2026-07-17,BEM,123043705.0,130127242.5,253170947.5,-7083537.5
2026-07-17,BEYOND,0.0,340020.0,340020.0,-340020.0
2026-07-17,BGC,0.0,1370.0,1370.0,-1370.0
2026-07-17,BGRIM,395427520.0,223626010.0,619053530.0,171801510.0
2026-07-17,BH,196326000.0,236257000.0,432583000.0,-39931000.0
2026-07-17,BIG,0.0,31.0,31.0,-31.0
2026-07-17,BIOTEC,0.0,21539.0,21539.0,-21539.0
2026-07-17,BIZ,53680.0,14055.0,67735.0,39625.0
2026-07-17,BJC,13095030.0,46016460.0,59111490.0,-32921430.0
2026-07-17,BJCHI,0.0,3.22,3.22,-3.22
2026-07-17,BKGI,0.0,65124.0,65124.0,-65124.0
2026-07-17,BKIH,186200.0,0.0,186200.0,186200.0
2026-07-17,BLA,6072850.0,6123025.0,12195875.0,-50175.0
2026-07-17,BLAND,5093224.0,774579.0,5867803.0,4318645.0
2026-07-17,BLC,9700.04,242868.0,252568.04,-233167.96
2026-07-17,BM,2574.0,13104.0,15678.0,-10530.0
2026-07-17,BR,0.0,13269.0,13269.0,-13269.0
2026-07-17,BRI,2620.0,0.0,2620.0,2620.0
2026-07-17,BSM,0.0,927.0,927.0,-927.0
2026-07-17,BTC,304.0,15631.0,15935.0,-15327.0
2026-07-17,BTG,3186120.0,29473160.0,32659280.0,-26287040.0
2026-07-17,BTS,22029896.0,74665472.8,96695368.8,-52635576.8
2026-07-17,BUI,0.0,1100.0,1100.0,-1100.0
2026-07-17,BWG,27000.0,0.0,27000.0,27000.0
2026-07-17,BYD,21072.0,24692.0,45764.0,-3620.0
2026-07-17,CAZ,12248.0,6818.0,19066.0,5430.0
2026-07-17,CBG,91529025.0,95776725.0,187305750.0,-4247700.0
2026-07-17,CCET,68406466.0,141804218.8,210210684.8,-73397752.80000001
2026-07-17,CENTEL,24275600.0,63263800.0,87539400.0,-38988200.0
2026-07-17,CFARM,252000.0,0.0,252000.0,252000.0
2026-07-17,CFRESH,1470.0,0.0,1470.0,1470.0
2026-07-17,CGD,880000.0,18700.0,898700.0,861300.0
2026-07-17,CHASE,1341.0,0.0,1341.0,1341.0
2026-07-17,CHAYO,239756.0,2121521.0,2361277.0,-1881765.0
2026-07-17,CHEWA,0.0,17.0,17.0,-17.0
2026-07-17,CHG,8287852.0,13330423.0,21618275.0,-5042571.0
2026-07-17,CITY,5928.0,0.0,5928.0,5928.0
2026-07-17,CIVIL,63257.0,12857.0,76114.0,50400.0
2026-07-17,CK,70106820.0,63837710.0,133944530.0,6269110.0
2026-07-17,CKP,6832536.0,8532692.0,15365228.0,-1700156.0
2026-07-17,CMAN,0.0,699124.0,699124.0,-699124.0
2026-07-17,CMO,15400.0,0.0,15400.0,15400.0
2026-07-17,CMR,12600.0,0.0,12600.0,12600.0
2026-07-17,CNT,308296.0,81786.0,390082.0,226510.0
2026-07-17,COCOCO,60500.0,142820.0,203320.0,-82320.0
2026-07-17,COM7,252852575.0,161272550.0,414125125.0,91580025.0
2026-07-17,COMAN,0.0,50.0,50.0,-50.0
2026-07-17,CPALL,157218500.0,124842725.0,282061225.0,32375775.0
2026-07-17,CPANEL,0.0,3.6,3.6,-3.6
2026-07-17,CPAXT,1014400.0,11617530.0,12631930.0,-10603130.0
2026-07-17,CPF,133370370.0,190089360.0,323459730.0,-56718990.0
2026-07-17,CPL,21538.0,0.0,21538.0,21538.0
2026-07-17,CPN,390319350.0,425035925.0,815355275.0,-34716575.0
2026-07-17,CPW,504.0,0.0,504.0,504.0
2026-07-17,CRANE,0.0,266.0,266.0,-266.0
2026-07-17,CRC,110848690.0,92429280.0,203277970.0,18419410.0
2026-07-17,CRD,0.0,59.0,59.0,-59.0
2026-07-17,CREDIT,27593040.0,27481335.0,55074375.0,111705.0
2026-07-17,CSS,58990.0,73163.0,132153.0,-14173.0
2026-07-17,CTW,74320.0,8585.0,82905.0,65735.0
2026-07-17,CWT,20658.0,20532.0,41190.0,126.0
2026-07-17,DCC,9238.0,284956.0,294194.0,-275718.0
2026-07-17,DELTA,1087101790.0,1629072800.0,2716174590.0,-541971010.0
2026-07-17,DEMCO,109112.0,15584.0,124696.0,93528.0
2026-07-17,DITTO,94125990.0,52993320.0,147119310.0,41132670.0
2026-07-17,DMT,253910.0,541480.0,795390.0,-287570.0
2026-07-17,DOD,0.0,118.0,118.0,-118.0
2026-07-17,DOHOME,5718392.0,13579462.0,19297854.0,-7861070.0
2026-07-17,DUSIT,99970.0,267490.0,367460.0,-167520.0
2026-07-17,EA,110151842.0,79972664.0,190124506.0,30179178.0
2026-07-17,EASON,9630.0,0.0,9630.0,9630.0
2026-07-17,EAST,23126.0,6000.0,29126.0,17126.0
2026-07-17,EASTW,25269026.0,1256748.0,26525774.0,24012278.0
2026-07-17,EGCO,114546800.0,103085150.0,217631950.0,11461650.0
2026-07-17,EKH,40400.0,111600.0,152000.0,-71200.0
2026-07-17,EMC,21.0,0.0,21.0,21.0
2026-07-17,EMPIRE,180.0,72.0,252.0,108.0
2026-07-17,EPG,46847020.0,29732115.0,76579135.0,17114905.0
2026-07-17,ERW,4321018.0,5046322.0,9367340.0,-725304.0
2026-07-17,ESTAR,16750.0,49.0,16799.0,16701.0
2026-07-17,ETC,394372.0,136415.0,530787.0,257957.0
2026-07-17,EVER,0.0,592.0,592.0,-592.0
2026-07-17,FM,628426.0,419096.0,1047522.0,209330.0
2026-07-17,FNS,0.0,203660.0,203660.0,-203660.0
2026-07-17,FORTH,1019280.0,11542820.0,12562100.0,-10523540.0
2026-07-17,FSMART,4019430.0,5301075.0,9320505.0,-1281645.0
2026-07-17,FTE,2045060.0,0.0,2045060.0,2045060.0
2026-07-17,GABLE,52644.0,134802.0,187446.0,-82158.0
2026-07-17,GENCO,0.0,32.0,32.0,-32.0
2026-07-17,GFPT,37388500.0,12488585.0,49877085.0,24899915.0
2026-07-17,GJS,0.0,91.0,91.0,-91.0
2026-07-17,GLOBAL,31080035.0,23658774.1,54738809.1,7421260.8999999985
2026-07-17,GLORY,26.25,0.0,26.25,26.25
2026-07-17,GPSC,314173250.0,333999775.0,648173025.0,-19826525.0
2026-07-17,GRAND,0.0,100.0,100.0,-100.0
2026-07-17,GREEN,0.0,72.0,72.0,-72.0
2026-07-17,GTB,0.0,147.0,147.0,-147.0
2026-07-17,GULF,7236857436.75,2578340930.0,9815198366.75,4658516506.75
2026-07-17,GUNKUL,462499325.0,123004669.0,585503994.0,339494656.0
2026-07-17,GYT,1295.0,55500.0,56795.0,-54205.0
2026-07-17,HANA,36148821.0,309396475.0,345545296.0,-273247654.0
2026-07-17,HENG,607286.0,6932.0,614218.0,600354.0
2026-07-17,HMPRO,97362516.0,79840915.0,177203431.0,17521601.0
2026-07-17,HTC,1354070.0,130810.0,1484880.0,1223260.0
2026-07-17,HTECH,72410.0,951348.0,1023758.0,-878938.0
2026-07-17,HUMAN,393036.0,1636396.0,2029432.0,-1243360.0
2026-07-17,ICHI,10921830.0,7787720.0,18709550.0,3134110.0
2026-07-17,ICN,434.0,430.0,864.0,4.0
2026-07-17,IHL,0.0,14444.0,14444.0,-14444.0
2026-07-17,IIG,0.0,1560.0,1560.0,-1560.0
2026-07-17,ILINK,183855.0,268335.0,452190.0,-84480.0
2026-07-17,ILM,113520.0,0.0,113520.0,113520.0
2026-07-17,IND,8820.0,0.0,8820.0,8820.0
2026-07-17,INET,8480.0,998648.0,1007128.0,-990168.0
2026-07-17,INGRS,0.0,5400.0,5400.0,-5400.0
2026-07-17,INSET,12464968.0,35274386.0,47739354.0,-22809418.0
2026-07-17,IROYAL,88364.0,0.0,88364.0,88364.0
2026-07-17,IRPC,277225482.0,150468253.0,427693735.0,126757229.0
2026-07-17,IT,266975.0,606315.0,873290.0,-339340.0
2026-07-17,ITC,1723325.4,10581140.0,12304465.4,-8857814.6
2026-07-17,ITD,211056.0,246044.0,457100.0,-34988.0
2026-07-17,ITEL,1819468.0,6149008.0,7968476.0,-4329540.0
2026-07-17,ITNS,0.0,72705.0,72705.0,-72705.0
2026-07-17,IVL,330950540.0,527071930.0,858022470.0,-196121390.0
2026-07-17,J,5096.0,6408.0,11504.0,-1312.0
2026-07-17,JAS,843247.0,1276199.0,2119446.0,-432952.0
2026-07-17,JAS-W4,0.0,80000.0,80000.0,-80000.0
2026-07-17,JCK,0.0,13.0,13.0,-13.0
2026-07-17,JMART,25909300.0,58188950.0,84098250.0,-32279650.0
2026-07-17,JMT,50858740.0,59907820.0,110766560.0,-9049080.0
2026-07-17,JPARK,82268.0,149854.0,232122.0,-67586.0
2026-07-17,JR,0.0,528.0,528.0,-528.0
2026-07-17,JTS,685126.25,6477900.0,7163026.25,-5792773.75
2026-07-17,KAMART,63140.0,1161755.0,1224895.0,-1098615.0
2026-07-17,KBANK,1242136665.0,1395057780.0,2637194445.0,-152921115.0
2026-07-17,KBS,0.0,29830.0,29830.0,-29830.0
2026-07-17,KCC,37722.0,53474.0,91196.0,-15752.0
2026-07-17,KCE,214882578.5,416570600.0,631453178.5,-201688021.5
2026-07-17,KCG,70090.0,1150530.0,1220620.0,-1080440.0
2026-07-17,KCM,0.0,27.0,27.0,-27.0
2026-07-17,KGEN,7406551.0,1836373.0,9242924.0,5570178.0
2026-07-17,KGI,3172590.0,4076794.0,7249384.0,-904204.0
2026-07-17,KISS,273653.48,846932.0,1120585.48,-573278.52
2026-07-17,KJL,0.0,4420.0,4420.0,-4420.0
2026-07-17,KKP,143480510.0,304521400.0,448001910.0,-161040890.0
2026-07-17,KLINIQ,3463177.5,6183625.0,9646802.5,-2720447.5
2026-07-17,KSL,144201.0,180605.0,324806.0,-36404.0
2026-07-17,KTB,488217832.5,742151975.0,1230369807.5,-253934142.5
2026-07-17,KTC,266664116.25,299604775.0,566268891.25,-32940658.75
2026-07-17,KUMWEL,0.0,108294.0,108294.0,-108294.0
2026-07-17,LANNA,111000.0,0.0,111000.0,111000.0
2026-07-17,LEE,0.0,377060.48,377060.48,-377060.48
2026-07-17,LH,43931420.0,78641242.0,122572662.0,-34709822.0
2026-07-17,LHFG,366596.0,1049636.0,1416232.0,-683040.0
2026-07-17,LIT,44.02,0.0,44.02,44.02
2026-07-17,LOXLEY,0.0,3874.0,3874.0,-3874.0
2026-07-17,LPH,0.0,362.0,362.0,-362.0
2026-07-17,LPN,1610.0,29633.0,31243.0,-28023.0
2026-07-17,LTS,349308.0,373498.0,722806.0,-24190.0
2026-07-17,M,1542650.0,14103780.0,15646430.0,-12561130.0
2026-07-17,MADAME,6400.0,128.0,6528.0,6272.0
2026-07-17,MAGURO,863920.0,1323176.6,2187096.6,-459256.6000000001
2026-07-17,MAJOR,235170.0,1484715.0,1719885.0,-1249545.0
2026-07-17,MALEE,98880.0,289212.0,388092.0,-190332.0
2026-07-17,MASTEC,420566.0,1637902.0,2058468.0,-1217336.0
2026-07-17,MASTER,955810.0,3375740.0,4331550.0,-2419930.0
2026-07-17,MBK,20148100.0,7208220.0,27356320.0,12939880.0
2026-07-17,MC,778890.0,1418340.0,2197230.0,-639450.0
2026-07-17,MCS,1142315.0,2931460.0,4073775.0,-1789145.0
2026-07-17,MDX,24554.0,5984.0,30538.0,18570.0
2026-07-17,MEB,117810.0,875390.0,993200.0,-757580.0
2026-07-17,MEDEZE,246335.0,489990.0,736325.0,-243655.0
2026-07-17,MEGA,2697925.0,7596300.0,10294225.0,-4898375.0
2026-07-17,METCO,419500.0,119600.0,539100.0,299900.0
2026-07-17,MFC,450160.0,0.0,450160.0,450160.0
2026-07-17,MGC,12332200.0,11662705.0,23994905.0,669495.0
2026-07-17,MGI,70060.0,123100.0,193160.0,-53040.0
2026-07-17,MGT,0.0,190.0,190.0,-190.0
2026-07-17,MICRO,64648.0,9367.0,74015.0,55281.0
2026-07-17,MIDA,0.0,300.0,300.0,-300.0
2026-07-17,MINT,130039946.0,186876530.0,316916476.0,-56836584.0
2026-07-17,ML,1955414.0,270960.0,2226374.0,1684454.0
2026-07-17,MMM,0.0,13524.0,13524.0,-13524.0
2026-07-17,MONO,8804.0,643970.0,652774.0,-635166.0
2026-07-17,MOONG,0.0,240.0,240.0,-240.0
2026-07-17,MORE,0.0,17.0,17.0,-17.0
2026-07-17,MOSHI,12925950.0,6708175.0,19634125.0,6217775.0
2026-07-17,MRDIYT,6701060.0,1043060.0,7744120.0,5658000.0
2026-07-17,MSC,0.0,610.0,610.0,-610.0
2026-07-17,MST,6490.0,0.0,6490.0,6490.0
2026-07-17,MTC,204370500.0,219276175.0,423646675.0,-14905675.0
2026-07-17,MTI,0.0,1810.0,1810.0,-1810.0
2026-07-17,NCAP,3203272.0,6241822.0,9445094.0,-3038550.0
2026-07-17,NDR,0.0,16376.0,16376.0,-16376.0
2026-07-17,NEO,1769080.0,5390910.0,7159990.0,-3621830.0
2026-07-17,NEP,0.0,18.0,18.0,-18.0
2026-07-17,NER,4278656.0,14984830.0,19263486.0,-10706174.0
2026-07-17,NETBAY,7525350.0,3917500.0,11442850.0,3607850.0
2026-07-17,NEX,1167378.0,2941430.0,4108808.0,-1774052.0
2026-07-17,NOBLE,0.0,579.0,579.0,-579.0
2026-07-17,NOBLE-W3,0.0,5.5,5.5,-5.5
2026-07-17,NPK,364.0,0.0,364.0,364.0
2026-07-17,NSL,49140.0,1919510.0,1968650.0,-1870370.0
2026-07-17,NTF,1367660.0,1196580.0,2564240.0,171080.0
2026-07-17,NUT,0.0,97608.0,97608.0,-97608.0
2026-07-17,NV,58.0,0.0,58.0,58.0
2026-07-17,NVD,0.0,332.0,332.0,-332.0
2026-07-17,NYT,2275564.0,246466.0,2522030.0,2029098.0
2026-07-17,OKJ,486322.0,315136.0,801458.0,171186.0
2026-07-17,ONEE,25724.0,141706.4,167430.4,-115982.4
2026-07-17,ONSENS,240.0,480.0,720.0,-240.0
2026-07-17,OR,122010750.0,128917060.0,250927810.0,-6906310.0
2026-07-17,ORI,1340731.0,2283215.0,3623946.0,-942484.0
2026-07-17,OSP,28853620.0,46596730.0,75450350.0,-17743110.0
2026-07-17,PACO,0.0,64620.0,64620.0,-64620.0
2026-07-17,PB,0.0,191.0,191.0,-191.0
2026-07-17,PCE,676416.0,395396.0,1071812.0,281020.0
2026-07-17,PCSGH,36782.0,12080.0,48862.0,24702.0
2026-07-17,PEER,0.0,382.0,382.0,-382.0
2026-07-17,PERM,0.0,23.0,23.0,-23.0
2026-07-17,PIN,549908.0,1433658.0,1983566.0,-883750.0
2026-07-17,PK,2040.0,0.0,2040.0,2040.0
2026-07-17,PL,20550.0,0.0,20550.0,20550.0
2026-07-17,PLANB,58743535.0,26061145.0,84804680.0,32682390.0
2026-07-17,PLANET,55632.0,0.0,55632.0,55632.0
2026-07-17,PLAT,1842407.0,469032.0,2311439.0,1373375.0
2026-07-17,PLE,0.0,304.0,304.0,-304.0
2026-07-17,PM,272290.0,8870.0,281160.0,263420.0
2026-07-17,PMC,113400.0,106800.0,220200.0,6600.0
2026-07-17,PMTA,9400.0,0.0,9400.0,9400.0
2026-07-17,POLY,0.0,27200.0,27200.0,-27200.0
2026-07-17,PORT,3050.0,0.0,3050.0,3050.0
2026-07-17,PR9,5916350.0,18710080.0,24626430.0,-12793730.0
2026-07-17,PREB,0.0,10380.0,10380.0,-10380.0
2026-07-17,PRI,356.0,0.0,356.0,356.0
2026-07-17,PRIME,500.0,0.0,500.0,500.0
2026-07-17,PRINC,348.0,0.0,348.0,348.0
2026-07-17,PRM,6782620.0,5927450.0,12710070.0,855170.0
2026-07-17,PROEN,560285.0,10200.0,570485.0,550085.0
2026-07-17,PROEN-W2,0.0,193.6,193.6,-193.6
2026-07-17,PROS,0.0,17.0,17.0,-17.0
2026-07-17,PROUD,327000.0,434.0,327434.0,326566.0
2026-07-17,PSGC,106000.0,0.0,106000.0,106000.0
2026-07-17,PSH,167416.0,1282762.0,1450178.0,-1115346.0
2026-07-17,PSL,6815045.0,13147005.0,19962050.0,-6331960.0
2026-07-17,PSP,3395655.0,2289125.0,5684780.0,1106530.0
2026-07-17,PT,5750.0,103740.0,109490.0,-97990.0
2026-07-17,PTG,20317205.0,17433560.0,37750765.0,2883645.0
2026-07-17,PTL,320650.0,176900.0,497550.0,143750.0
2026-07-17,PTT,1466800700.0,1122224425.0,2589025125.0,344576275.0
2026-07-17,PTTEP,1683634750.0,1139964538.0,2823599288.0,543670212.0
2026-07-17,PTTGC,288026075.0,360216175.0,648242250.0,-72190100.0
2026-07-17,PYLON,176614.0,57838.0,234452.0,118776.0
2026-07-17,QH,4239701.0,4327978.0,8567679.0,-88277.0
2026-07-17,RABBIT,173926.0,41424.18,215350.18,132501.82
2026-07-17,RAM,1800.0,10740.0,12540.0,-8940.0
2026-07-17,RATCH,80008812.5,86063650.0,166072462.5,-6054837.5
2026-07-17,RBF,29788.0,968988.0,998776.0,-939200.0
2026-07-17,RCL,7149300.0,52698150.0,59847450.0,-45548850.0
2026-07-17,RICHY,16000.0,0.0,16000.0,16000.0
2026-07-17,RJH,238390.0,372770.0,611160.0,-134380.0
2026-07-17,ROCTEC,17780.0,0.0,17780.0,17780.0
2026-07-17,ROJNA,6779145.0,5307275.0,12086420.0,1471870.0
2026-07-17,RP,0.0,132.0,132.0,-132.0
2026-07-17,RPC,25900.0,222.0,26122.0,25678.0
2026-07-17,RS,0.0,528.0,528.0,-528.0
2026-07-17,RWI,0.0,16.0,16.0,-16.0
2026-07-17,S,6131.0,627.0,6758.0,5504.0
2026-07-17,S&J,604.0,0.0,604.0,604.0
2026-07-17,SABINA,481100.0,76100.0,557200.0,405000.0
2026-07-17,SAF,0.0,40000.0,40000.0,-40000.0
2026-07-17,SAFE,11400.0,0.0,11400.0,11400.0
2026-07-17,SAK,1089570.0,3446410.0,4535980.0,-2356840.0
2026-07-17,SAMART,489610.0,859550.0,1349160.0,-369940.0
2026-07-17,SANKO,0.0,7946.0,7946.0,-7946.0
2026-07-17,SAPPE,301425.0,5287075.0,5588500.0,-4985650.0
2026-07-17,SAT,693320.0,1547860.0,2241180.0,-854540.0
2026-07-17,SAV,2745970.0,1468640.0,4214610.0,1277330.0
2026-07-17,SAWAD,229172435.0,87719120.0,316891555.0,141453315.0
2026-07-17,SC,813708.0,4634159.0,5447867.0,-3820451.0
2026-07-17,SCAP,3224867.0,5696674.0,8921541.0,-2471807.0
2026-07-17,SCB,884574369.5,1002456050.0,1887030419.5,-117881680.5
2026-07-17,SCC,239400222.0,274646240.0,514046462.0,-35246018.0
2026-07-17,SCCC,2186250.0,938200.0,3124450.0,1248050.0
2026-07-17,SCG,313.0,868.0,1181.0,-555.0
2026-07-17,SCGD,111835.0,43335.0,155170.0,68500.0
2026-07-17,SCGP,32399675.0,54248925.0,86648600.0,-21849250.0
2026-07-17,SCL,0.0,8450.0,8450.0,-8450.0
2026-07-17,SCN,0.0,41.0,41.0,-41.0
2026-07-17,SEAFCO,31458.0,457854.0,489312.0,-426396.0
2026-07-17,SEAOIL,12252.0,6400.0,18652.0,5852.0
2026-07-17,SENX,0.0,21714.0,21714.0,-21714.0
2026-07-17,SFLEX,0.0,6556.0,6556.0,-6556.0
2026-07-17,SGC,43541656.0,73216193.0,116757849.0,-29674537.0
2026-07-17,SGF,0.0,70.0,70.0,-70.0
2026-07-17,SGP,16000.0,35200.0,51200.0,-19200.0
2026-07-17,SHR,48397.0,1300313.0,1348710.0,-1251916.0
2026-07-17,SIAM,0.0,77.0,77.0,-77.0
2026-07-17,SICT,9176.0,249726.0,258902.0,-240550.0
2026-07-17,SIMAT,0.0,406082.0,406082.0,-406082.0
2026-07-17,SINGER,49635200.0,30233220.0,79868420.0,19401980.0
2026-07-17,SIRI,21763383.0,45952662.0,67716045.0,-24189279.0
2026-07-17,SIS,1093625.0,8115625.0,9209250.0,-7022000.0
2026-07-17,SISB,1264990.0,5089160.0,6354150.0,-3824170.0
2026-07-17,SJWD,808785.0,6911475.0,7720260.0,-6102690.0
2026-07-17,SK,0.0,15600.0,15600.0,-15600.0
2026-07-17,SKIN,1033.0,0.0,1033.0,1033.0
2026-07-17,SKN,0.0,45360.0,45360.0,-45360.0
2026-07-17,SKR,7200.0,811385.0,818585.0,-804185.0
2026-07-17,SKY,9340210.0,7326410.0,16666620.0,2013800.0
2026-07-17,SMIT,0.0,215100.0,215100.0,-215100.0
2026-07-17,SMO,1950.0,761910.0,763860.0,-759960.0
2026-07-17,SMT,3133252.0,12194952.0,15328204.0,-9061700.0
2026-07-17,SNC,121500.0,1620.0,123120.0,119880.0
2026-07-17,SNNP,33840.0,414820.0,448660.0,-380980.0
2026-07-17,SO,932.0,0.0,932.0,932.0
2026-07-17,SOLAR,4400.0,0.0,4400.0,4400.0
2026-07-17,SPA,429024.0,3292886.0,3721910.0,-2863862.0
2026-07-17,SPACK,0.0,17599.0,17599.0,-17599.0
2026-07-17,SPALI,16140830.0,16854870.0,32995700.0,-714040.0
2026-07-17,SPCG,624815.0,1133220.0,1758035.0,-508405.0
2026-07-17,SPRC,156427445.0,138193510.45,294620955.45,18233934.55000001
2026-07-17,SPTX,1.0,0.0,1.0,1.0
2026-07-17,SPVI,28696.0,314816.0,343512.0,-286120.0
2026-07-17,SRICHA,250830.0,2458650.0,2709480.0,-2207820.0
2026-07-17,SSP,1882500.0,63526.0,1946026.0,1818974.0
2026-07-17,STA,91799300.0,103014550.0,194813850.0,-11215250.0
2026-07-17,STANLY,263800.0,601900.0,865700.0,-338100.0
2026-07-17,STARM,0.96,1920.0,1920.96,-1919.04
2026-07-17,STECON,84700330.0,68374620.0,153074950.0,16325710.0
2026-07-17,STELLA,0.0,28.0,28.0,-28.0
2026-07-17,STGT,3101670.0,3085620.0,6187290.0,16050.0
2026-07-17,STOWER,0.0,415.0,415.0,-415.0
2026-07-17,STPI,74592995.0,27249040.0,101842035.0,47343955.0
2026-07-17,STX,0.0,42000.0,42000.0,-42000.0
2026-07-17,SUC,196200.0,0.0,196200.0,196200.0
2026-07-17,SUN,0.0,108624.0,108624.0,-108624.0
2026-07-17,SUPER,2893.0,85128.0,88021.0,-82235.0
2026-07-17,SUSCO,127760.0,5800.0,133560.0,121960.0
2026-07-17,SVOA,2028200.0,2878822.0,4907022.0,-850622.0
2026-07-17,SVT,0.0,798.0,798.0,-798.0
2026-07-17,SYNEX,4567725.0,11812195.0,16379920.0,-7244470.0
2026-07-17,SYNTEC,0.0,92500.0,92500.0,-92500.0
2026-07-17,TACC,4337925.0,11186585.0,15524510.0,-6848660.0
2026-07-17,TAE,1171252.0,3927847.0,5099099.0,-2756595.0
2026-07-17,TAKUNI,41.0,0.0,41.0,41.0
2026-07-17,TASCO,18290850.0,18115180.0,36406030.0,175670.0
2026-07-17,TATG,30000.0,0.0,30000.0,30000.0
2026-07-17,TCAP,69629075.0,73904975.0,143534050.0,-4275900.0
2026-07-17,TCJ,976.0,0.0,976.0,976.0
2026-07-17,TCMC,0.0,1800.0,1800.0,-1800.0
2026-07-17,TEAM,218578.0,2231898.0,2450476.0,-2013320.0
2026-07-17,TEAMG,725756.0,2829638.0,3555394.0,-2103882.0
2026-07-17,TEGH,50204.0,459836.0,510040.0,-409632.0
2026-07-17,TFG,27778200.0,74602000.0,102380200.0,-46823800.0
2026-07-17,TFM,104810.0,199215.0,304025.0,-94405.0
2026-07-17,TFMAMA,37350.0,0.0,37350.0,37350.0
2026-07-17,TGE,1390.0,3265.0,4655.0,-1875.0
2026-07-17,TH,450.0,0.0,450.0,450.0
2026-07-17,THAI,34502000.0,50334010.0,84836010.0,-15832010.0
2026-07-17,THANI,21573326.0,15718318.0,37291644.0,5855008.0
2026-07-17,THCOM,1074040.0,8738370.0,9812410.0,-7664330.0
2026-07-17,THG,101915.0,4099635.0,4201550.0,-3997720.0
2026-07-17,THRE,135828.0,0.0,135828.0,135828.0
2026-07-17,TIDLOR,210462430.0,152485760.0,362948190.0,57976670.0
2026-07-17,TIGER,0.0,53.0,53.0,-53.0
2026-07-17,TIPCO,1935.0,0.0,1935.0,1935.0
2026-07-17,TIPH,87310.0,106090.0,193400.0,-18780.0
2026-07-17,TISCO,107313750.0,183446100.0,290759850.0,-76132350.0
2026-07-17,TITLE,326240.0,455465.0,781705.0,-129225.0
2026-07-17,TKC,0.0,930.0,930.0,-930.0
2026-07-17,TKN,446762.0,2035406.0,2482168.0,-1588644.0
2026-07-17,TKS,32585.0,0.0,32585.0,32585.0
2026-07-17,TLI,8946910.0,22805170.0,31752080.0,-13858260.0
2026-07-17,TMAN,59800.0,258790.0,318590.0,-198990.0
2026-07-17,TMW,3536350.0,0.0,3536350.0,3536350.0
2026-07-17,TNDT,0.0,14.0,14.0,-14.0
2026-07-17,TNDT-W2,0.0,40.0,40.0,-40.0
2026-07-17,TNITY-W2,0.0,6.0,6.0,-6.0
2026-07-17,TNP,0.0,292.0,292.0,-292.0
2026-07-17,TNR,0.0,1695.0,1695.0,-1695.0
2026-07-17,TOA,22582690.0,32235740.0,54818430.0,-9653050.0
2026-07-17,TOP,851915150.0,865409485.25,1717324635.25,-13494335.25
2026-07-17,TPAC,109055.0,850.0,109905.0,108205.0
2026-07-17,TPCH,0.0,1840.0,1840.0,-1840.0
2026-07-17,TPIPL,14170680.0,3054745.0,17225425.0,11115935.0
2026-07-17,TPIPP,882181.0,2635575.0,3517756.0,-1753394.0
2026-07-17,TPP,12600.0,0.0,12600.0,12600.0
2026-07-17,TQM,229150.0,965190.0,1194340.0,-736040.0
2026-07-17,TRP,0.0,426.0,426.0,-426.0
2026-07-17,TRT,18225810.0,16693510.0,34919320.0,1532300.0
2026-07-17,TRUBB,186731.0,171324.0,358055.0,15407.0
2026-07-17,TRUE,742342370.0,576015523.6,1318357893.6,166326846.39999998
2026-07-17,TSE,855800.0,32537.0,888337.0,823263.0
2026-07-17,TSTH,757247.0,48316.0,805563.0,708931.0
2026-07-17,TTA,4041563.0,1584422.0,5625985.0,2457141.0
2026-07-17,TTB,333450636.0,340503760.0,673954396.0,-7053124.0
2026-07-17,TTW,10215380.0,7762180.0,17977560.0,2453200.0
2026-07-17,TU,16397960.0,35448790.0,51846750.0,-19050830.0
2026-07-17,TURBO,2480960.0,4423789.0,6904749.0,-1942829.0
2026-07-17,TVO,2692325.0,2360050.0,5052375.0,332275.0
2026-07-17,TWPC,1440.0,0.0,1440.0,1440.0
2026-07-17,UAC,0.0,770.0,770.0,-770.0
2026-07-17,UBE,215400.0,66360.0,281760.0,149040.0
2026-07-17,UBIS,0.0,567.0,567.0,-567.0
2026-07-17,UKEM,127314.0,1989085.0,2116399.0,-1861771.0
2026-07-17,UMI,0.0,558.0,558.0,-558.0
2026-07-17,UMS,83324.0,14656.0,97980.0,68668.0
2026-07-17,UNIQ,0.0,276.0,276.0,-276.0
2026-07-17,UNIX,53322.0,610526.0,663848.0,-557204.0
2026-07-17,UREKA,8800.0,57464.0,66264.0,-48664.0
2026-07-17,UTP,157300.0,149175.0,306475.0,8125.0
2026-07-17,UV,11721.0,171736.0,183457.0,-160015.0
2026-07-17,UVAN,155030.0,1521400.0,1676430.0,-1366370.0
2026-07-17,VCOM,88436.0,194764.0,283200.0,-106328.0
2026-07-17,VGI,40685997.0,33062565.0,73748562.0,7623432.0
2026-07-17,VIBHA,3510.0,3528.35,7038.35,-18.34999999999991
2026-07-17,VIH,16900.0,0.0,16900.0,16900.0
2026-07-17,VPO,0.0,5600.0,5600.0,-5600.0
2026-07-17,WARRIX,0.0,137.0,137.0,-137.0
2026-07-17,WASH,0.0,74028.0,74028.0,-74028.0
2026-07-17,WHA,154170740.0,145286380.0,299457120.0,8884360.0
2026-07-17,WHAUP,31515370.0,63086245.0,94601615.0,-31570875.0
2026-07-17,WICE,11690.0,980988.0,992678.0,-969298.0
2026-07-17,WIIK,36868.0,464.0,37332.0,36404.0
2026-07-17,WORK,0.0,2444.0,2444.0,-2444.0
2026-07-17,WP,0.0,1106.0,1106.0,-1106.0
2026-07-17,WPH,5700.0,16650.0,22350.0,-10950.0
2026-07-17,XBIO,53688.0,68093.0,121781.0,-14405.0
2026-07-17,XO,594010.0,1280080.0,1874090.0,-686070.0
2026-07-17,XPG,1012436.0,13308.0,1025744.0,999128.0
2026-07-17,YGG,0.0,1158.0,1158.0,-1158.0
2026-07-17,ZIGA-W2,0.0,1.34,1.34,-1.34
2026-07-15,2S,310.0,0.0,310.0,310.0
2026-07-15,88TH,24444.0,0.0,24444.0,24444.0
2026-07-15,AAI,309572.0,823582.0,1133154.0,-514010.0
2026-07-15,AAV,1656738.0,15802647.0,17459385.0,-14145909.0
2026-07-15,ACE,0.0,34636.0,34636.0,-34636.0
2026-07-15,ADD,0.0,672.0,672.0,-672.0
2026-07-15,ADVANC,752407887.0,1856254720.0,2608662607.0,-1103846833.0
2026-07-15,ADVICE,3425485.0,4718990.0,8144475.0,-1293505.0
2026-07-15,AE,0.0,63.0,63.0,-63.0
2026-07-15,AEONTS,42028550.0,24634800.0,66663350.0,17393750.0
2026-07-15,AGE,374397.0,144339.0,518736.0,230058.0
2026-07-15,AH,1268460.0,1073040.0,2341500.0,195420.0
2026-07-15,AIE,460.0,11033.0,11493.0,-10573.0
2026-07-15,AIT,39360.0,481202.0,520562.0,-441842.0
2026-07-15,AJ,6782308.0,4351856.0,11134164.0,2430452.0
2026-07-15,AJA,0.0,504.0,504.0,-504.0
2026-07-15,AKP,0.0,630.0,630.0,-630.0
2026-07-15,ALPHAX,0.0,96.0,96.0,-96.0
2026-07-15,ALT,516931.0,3287653.0,3804584.0,-2770722.0
2026-07-15,ALUCON,49600.0,0.0,49600.0,49600.0
2026-07-15,AMANAH,0.0,154.0,154.0,-154.0
2026-07-15,AMARC,575700.0,1278048.0,1853748.0,-702348.0
2026-07-15,AMARIN,0.0,412.0,412.0,-412.0
2026-07-15,AMATA,85522190.0,74543675.0,160065865.0,10978515.0
2026-07-15,ANAN,5100.0,34.0,5134.0,5066.0
2026-07-15,AOT,574478045.0,790209768.5,1364687813.5,-215731723.5
2026-07-15,AP,12310795.0,9004090.0,21314885.0,3306705.0
2026-07-15,APO,17510.0,0.0,17510.0,17510.0
2026-07-15,APP,0.0,546.0,546.0,-546.0
2026-07-15,AQUA,0.0,14242.0,14242.0,-14242.0
2026-07-15,AS,510806.0,1530324.0,2041130.0,-1019518.0
2026-07-15,ASAP,0.0,2980.0,2980.0,-2980.0
2026-07-15,ASEFA,593980.0,1621105.0,2215085.0,-1027125.0
2026-07-15,ASIA,540.0,0.0,540.0,540.0
2026-07-15,ASIAN,350095.0,641090.0,991185.0,-290995.0
2026-07-15,ASK,796340.0,5212880.0,6009220.0,-4416540.0
2026-07-15,ASP,603712.0,242098.0,845810.0,361614.0
2026-07-15,ASTR,0.0,474.0,474.0,-474.0
2026-07-15,ASW,12890.0,1125.0,14015.0,11765.0
2026-07-15,ATLAS,2351821.0,2088155.0,4439976.0,263666.0
2026-07-15,ATP30,64800.0,0.0,64800.0,64800.0
2026-07-15,AU,135090.0,293734.0,428824.0,-158644.0
2026-07-15,AUCT,99776.0,484402.0,584178.0,-384626.0
2026-07-15,AURA,6685370.0,21207190.0,27892560.0,-14521820.0
2026-07-15,AWC,131357619.2,94162384.0,225520003.2,37195235.2
2026-07-15,AYUD,49307.0,8580.25,57887.25,40726.75
2026-07-15,BA,44073780.0,24243326.8,68317106.8,19830453.2
2026-07-15,BAFS,400250.0,123080.0,523330.0,277170.0
2026-07-15,BAM,16817030.0,24127525.0,40944555.0,-7310495.0
2026-07-15,BANPU,119728865.5,99727296.8,219456162.3,20001568.700000003
2026-07-15,BAY,31206100.0,29640225.0,60846325.0,1565875.0
2026-07-15,BBGI,3881648.0,7362712.0,11244360.0,-3481064.0
2026-07-15,BBIK,24156680.0,21641590.0,45798270.0,2515090.0
2026-07-15,BBL,612438090.0,730285049.0,1342723139.0,-117846959.0
2026-07-15,BCH,28057520.0,37043360.0,65100880.0,-8985840.0
2026-07-15,BCP,429169550.0,93287725.0,522457275.0,335881825.0
2026-07-15,BCPG,4888790.0,13486490.0,18375280.0,-8597700.0
2026-07-15,BDMS,153808507.6,174618670.0,328427177.6,-20810162.40000001
2026-07-15,BE8,228175.0,798215.0,1026390.0,-570040.0
2026-07-15,BEAUTY,0.0,23900.0,23900.0,-23900.0
2026-07-15,BEM,196876605.0,155458035.0,352334640.0,41418570.0
2026-07-15,BEYOND,0.0,7785.0,7785.0,-7785.0
2026-07-15,BGC,0.0,138690.0,138690.0,-138690.0
2026-07-15,BGRIM,257852380.0,232901230.0,490753610.0,24951150.0
2026-07-15,BGT,0.0,325.0,325.0,-325.0
2026-07-15,BH,35339900.0,111980100.0,147320000.0,-76640200.0
2026-07-15,BIOTEC,0.0,1150.0,1150.0,-1150.0
2026-07-15,BIZ,99015.0,70100.0,169115.0,28915.0
2026-07-15,BJC,45777010.0,45942010.0,91719020.0,-165000.0
2026-07-15,BKGI,0.0,403596.0,403596.0,-403596.0
2026-07-15,BKIH,595400.0,0.0,595400.0,595400.0
2026-07-15,BLA,11010000.0,3686075.0,14696075.0,7323925.0
2026-07-15,BLAND,76384.0,116426.0,192810.0,-40042.0
2026-07-15,BLC,244012.0,37170.0,281182.0,206842.0
2026-07-15,BM,2852.0,24299.0,27151.0,-21447.0
2026-07-15,BPP,11900.0,1286420.0,1298320.0,-1274520.0
2026-07-15,BR,0.0,2388.0,2388.0,-2388.0
2026-07-15,BRI,1397.0,0.0,1397.0,1397.0
2026-07-15,BSBM,58.0,0.0,58.0,58.0
2026-07-15,BSM,0.0,623.0,623.0,-623.0
2026-07-15,BTC,122.0,30.0,152.0,92.0
2026-07-15,BTG,11954870.0,28532160.0,40487030.0,-16577290.0
2026-07-15,BTS,21599106.0,25081884.0,46680990.0,-3482778.0
2026-07-15,BTW,0.0,8.0,8.0,-8.0
2026-07-15,BWG,26000.0,0.0,26000.0,26000.0
2026-07-15,BWG-W7,0.0,14.0,14.0,-14.0
2026-07-15,BWG-W8,0.0,28.0,28.0,-28.0
2026-07-15,BYD,137808.0,135072.0,272880.0,2736.0
2026-07-15,CAZ,895418.0,152906.0,1048324.0,742512.0
2026-07-15,CBG,46052662.5,68804300.0,114856962.5,-22751637.5
2026-07-15,CCET,202405045.6,342482255.0,544887300.6,-140077209.4
2026-07-15,CENTEL,22503275.0,22158775.0,44662050.0,344500.0
2026-07-15,CFARM,0.0,28910.0,28910.0,-28910.0
2026-07-15,CFRESH,16050.0,0.0,16050.0,16050.0
2026-07-15,CGD,0.0,11.0,11.0,-11.0
2026-07-15,CGH,0.0,2486.0,2486.0,-2486.0
2026-07-15,CHASE,1873.0,0.0,1873.0,1873.0
2026-07-15,CHAYO,960390.0,1805295.0,2765685.0,-844905.0
2026-07-15,CHAYO-W4,0.0,25.0,25.0,-25.0
2026-07-15,CHG,6109187.0,253655.0,6362842.0,5855532.0
2026-07-15,CHOW,0.0,137.0,137.0,-137.0
2026-07-15,CIG,3.0,0.0,3.0,3.0
2026-07-15,CIVIL,111112.0,11769.0,122881.0,99343.0
2026-07-15,CK,61040230.0,64917770.0,125958000.0,-3877540.0
2026-07-15,CKP,3034952.0,5512924.0,8547876.0,-2477972.0
2026-07-15,CMAN,0.0,67200.0,67200.0,-67200.0
2026-07-15,CMC,21.9,0.0,21.9,21.9
2026-07-15,CNT,363952.0,1746058.0,2110010.0,-1382106.0
2026-07-15,COCOCO,12505.0,1802020.0,1814525.0,-1789515.0
2026-07-15,COM7,145333650.0,131784325.0,277117975.0,13549325.0
2026-07-15,COMAN,49.0,385.0,434.0,-336.0
2026-07-15,CPALL,208259679.25,267653186.25,475912865.5,-59393507.0
2026-07-15,CPAXT,13625710.0,17061334.4,30687044.4,-3435624.3999999985
2026-07-15,CPF,159153482.0,191998470.0,351151952.0,-32844988.0
2026-07-15,CPL,495.0,0.0,495.0,495.0
2026-07-15,CPN,165242569.75,112722650.0,277965219.75,52519919.75
2026-07-15,CRC,104487338.6,137009190.0,241496528.6,-32521851.40000001
2026-07-15,CREDIT,4106140.0,5400770.0,9506910.0,-1294630.0
2026-07-15,CSS,211.0,9365.0,9576.0,-9154.0
2026-07-15,CTW,125755.0,7095.0,132850.0,118660.0
2026-07-15,CWT,16600.0,48240.0,64840.0,-31640.0
2026-07-15,CWT-W8,0.0,112081.0,112081.0,-112081.0
2026-07-15,DCC,70328.0,16687.0,87015.0,53641.0
2026-07-15,DCON,74.0,0.0,74.0,74.0
2026-07-15,DELTA,1371621960.0,1668860300.0,3040482260.0,-297238340.0
2026-07-15,DEMCO,547110.0,1390236.0,1937346.0,-843126.0
2026-07-15,DITTO,9621400.0,19638120.0,29259520.0,-10016720.0
2026-07-15,DMT,74420.0,68990.0,143410.0,5430.0
2026-07-15,DOHOME,19802330.0,15709292.8,35511622.8,4093037.1999999993
2026-07-15,DTCENT,19000.0,0.0,19000.0,19000.0
2026-07-15,DUSIT,0.0,6900.0,6900.0,-6900.0
2026-07-15,EA,65013532.0,50116701.44,115130233.44,14896830.560000002
2026-07-15,EA-W1,0.0,2.68,2.68,-2.68
2026-07-15,EAST,2920.0,0.0,2920.0,2920.0
2026-07-15,EASTW,4107102.0,2897838.0,7004940.0,1209264.0
2026-07-15,EGCO,44262350.0,110967850.0,155230200.0,-66705500.0
2026-07-15,EKH,90395.0,213615.0,304010.0,-123220.0
2026-07-15,EMPIRE,10000.0,97220.0,107220.0,-87220.0
2026-07-15,EPG,10828944.1,55999766.3,66828710.4,-45170822.2
2026-07-15,ERW,5854144.0,6410106.0,12264250.0,-555962.0
2026-07-15,ETC,117008.0,107352.0,224360.0,9656.0
2026-07-15,EVER,0.0,7653.0,7653.0,-7653.0
2026-07-15,FM,1456896.0,255818.0,1712714.0,1201078.0
2026-07-15,FNS,0.0,340.0,340.0,-340.0
2026-07-15,FORTH,7456400.0,19260030.0,26716430.0,-11803630.0
2026-07-15,FSMART,2090910.0,1112465.0,3203375.0,978445.0
2026-07-15,FSX,0.0,347.0,347.0,-347.0
2026-07-15,GABLE,29204.0,591368.0,620572.0,-562164.0
2026-07-15,GFPT,3143610.0,5790975.0,8934585.0,-2647365.0
2026-07-15,GJS,0.0,13.0,13.0,-13.0
2026-07-15,GLOBAL,53188365.0,43893995.0,97082360.0,9294370.0
2026-07-15,GPSC,135463625.0,178824275.0,314287900.0,-43360650.0
2026-07-15,GREEN,0.0,1067.0,1067.0,-1067.0
2026-07-15,GULF,1388490222.5,1183462325.0,2571952547.5,205027897.5
2026-07-15,GUNKUL,193677705.0,169075229.0,362752934.0,24602476.0
2026-07-15,HANA,559371462.5,218710300.0,778081762.5,340661162.5
2026-07-15,HANN,0.0,4400.0,4400.0,-4400.0
2026-07-15,HENG,326772.0,43051.0,369823.0,283721.0
2026-07-15,HFT,1200.0,2400.0,3600.0,-1200.0
2026-07-15,HMPRO,71981609.1,83724545.0,155706154.1,-11742935.900000006
2026-07-15,HTC,2017710.0,523290.0,2541000.0,1494420.0
2026-07-15,HTECH,27616.0,685200.0,712816.0,-657584.0
2026-07-15,HUMAN,855736.0,1950590.0,2806326.0,-1094854.0
2026-07-15,HYDRO,0.0,8.0,8.0,-8.0
2026-07-15,ICHI,71817730.0,35838555.2,107656285.2,35979174.8
2026-07-15,ICN,17440.0,17280.0,34720.0,160.0
2026-07-15,IHL,0.0,42800.0,42800.0,-42800.0
2026-07-15,IIG,4740.0,0.0,4740.0,4740.0
2026-07-15,III,0.0,84150.0,84150.0,-84150.0
2026-07-15,ILINK,173430.0,1123630.0,1297060.0,-950200.0
2026-07-15,ILM,14520.0,630440.0,644960.0,-615920.0
2026-07-15,INET,395156.0,251960.0,647116.0,143196.0
2026-07-15,INGRS,10000.0,0.0,10000.0,10000.0
2026-07-15,INOX,9044.0,0.0,9044.0,9044.0
2026-07-15,INSET,22138872.0,38177760.0,60316632.0,-16038888.0
2026-07-15,INSURE,10200.0,0.0,10200.0,10200.0
2026-07-15,IP,0.0,52290.0,52290.0,-52290.0
2026-07-15,IROYAL,44778.0,128770.0,173548.0,-83992.0
2026-07-15,IRPC,132996963.0,65124399.0,198121362.0,67872564.0
2026-07-15,IT,0.0,83875.0,83875.0,-83875.0
2026-07-15,ITC,6533910.0,22670460.0,29204370.0,-16136550.0
2026-07-15,ITD,234192.0,117725.0,351917.0,116467.0
2026-07-15,ITEL,3017334.0,7649913.0,10667247.0,-4632579.0
2026-07-15,ITEL-W6,8700.0,872.05,9572.05,7827.95
2026-07-15,ITNS,13650.0,0.0,13650.0,13650.0
2026-07-15,ITTHI,0.0,4592.0,4592.0,-4592.0
2026-07-15,ITTHI-W1,192859.0,81438.0,274297.0,111421.0
2026-07-15,IVL,292476767.2,185109510.0,477586277.2,107367257.2
2026-07-15,J,333.0,0.0,333.0,333.0
2026-07-15,JAS,1772474.0,1336106.0,3108580.0,436368.0
2026-07-15,JDF,1074.0,7412.0,8486.0,-6338.0
2026-07-15,JMART,44271840.0,67147250.0,111419090.0,-22875410.0
2026-07-15,JMT,21593510.0,43404060.0,64997570.0,-21810550.0
2026-07-15,JPARK,235506.0,0.0,235506.0,235506.0
2026-07-15,JR,0.0,870.0,870.0,-870.0
2026-07-15,JTS,9704750.0,1001625.0,10706375.0,8703125.0
2026-07-15,JUBILE,0.0,27195.0,27195.0,-27195.0
2026-07-15,KAMART,483335.0,616930.0,1100265.0,-133595.0
2026-07-15,KBANK,656528848.0,943078973.0,1599607821.0,-286550125.0
2026-07-15,KBS,0.0,62735.0,62735.0,-62735.0
2026-07-15,KC,0.0,6.0,6.0,-6.0
2026-07-15,KCC,26634.0,3388.0,30022.0,23246.0
2026-07-15,KCE,281316214.5,219578261.5,500894476.0,61737953.0
2026-07-15,KCG,110160.0,469340.0,579500.0,-359180.0
2026-07-15,KGEN,3581946.0,9112362.0,12694308.0,-5530416.0
2026-07-15,KGI,17499314.0,11657076.0,29156390.0,5842238.0
2026-07-15,KIAT,0.0,33.0,33.0,-33.0
2026-07-15,KISS,63852.0,1561198.0,1625050.0,-1497346.0
2026-07-15,KJL,0.0,70135.0,70135.0,-70135.0
2026-07-15,KKP,131452900.0,216327100.0,347780000.0,-84874200.0
2026-07-15,KLINIQ,12917800.0,2498625.0,15416425.0,10419175.0
2026-07-15,KSL,859885.0,1392210.0,2252095.0,-532325.0
2026-07-15,KTB,692752166.0,1595640559.0,2288392725.0,-902888393.0
2026-07-15,KTC,263661214.5,239173800.0,502835014.5,24487414.5
2026-07-15,KTIS,0.0,184.0,184.0,-184.0
2026-07-15,KUMWEL,220524.0,80446.0,300970.0,140078.0
2026-07-15,KUN-W4,0.0,4760.0,4760.0,-4760.0
2026-07-15,LALIN,0.0,202658.0,202658.0,-202658.0
2026-07-15,LANNA,4410.0,4410.0,8820.0,0.0
2026-07-15,LEE,0.0,12.6,12.6,-12.6
2026-07-15,LEO,0.0,4040.0,4040.0,-4040.0
2026-07-15,LH,18415872.0,21623762.0,40039634.0,-3207890.0
2026-07-15,LHFG,241187.0,3970283.0,4211470.0,-3729096.0
2026-07-15,LOXLEY,0.0,22432.0,22432.0,-22432.0
2026-07-15,LPH,0.0,31624.0,31624.0,-31624.0
2026-07-15,LPN,2041.0,33694.0,35735.0,-31653.0
2026-07-15,LST,478.0,0.0,478.0,478.0
2026-07-15,LTS,4504912.0,3439980.0,7944892.0,1064932.0
2026-07-15,M,9343700.0,8245390.0,17589090.0,1098310.0
2026-07-15,MAGURO,2882310.0,2684383.5,5566693.5,197926.5
2026-07-15,MAJOR,725340.0,544710.0,1270050.0,180630.0
2026-07-15,MALEE,92004.0,607244.0,699248.0,-515240.0
2026-07-15,MASTEC,1476814.0,9242682.0,10719496.0,-7765868.0
2026-07-15,MASTER,2427645.0,3213270.0,5640915.0,-785625.0
2026-07-15,MBAX,30220.0,0.0,30220.0,30220.0
2026-07-15,MBK,19967420.0,6505730.0,26473150.0,13461690.0
2026-07-15,MC,373180.0,450350.0,823530.0,-77170.0
2026-07-15,MCOT,0.0,16070.0,16070.0,-16070.0
2026-07-15,MCS,8755.0,111260.0,120015.0,-102505.0
2026-07-15,MDX,25400.0,84098.0,109498.0,-58698.0
2026-07-15,MEB,1235700.0,200570.0,1436270.0,1035130.0
2026-07-15,MEDEZE,435910.0,193515.0,629425.0,242395.0
2026-07-15,MEGA,12213125.0,11614950.0,23828075.0,598175.0
2026-07-15,MENA,0.0,74000.0,74000.0,-74000.0
2026-07-15,METCO,1378700.0,29900.0,1408600.0,1348800.0
2026-07-15,MFEC,4270.0,61250.0,65520.0,-56980.0
2026-07-15,MGC,26163465.0,14252095.0,40415560.0,11911370.0
2026-07-15,MGI,0.0,163245.0,163245.0,-163245.0
2026-07-15,MICRO,12399.0,12856.0,25255.0,-457.0
2026-07-15,MIDA,0.0,300.0,300.0,-300.0
2026-07-15,MINT,63544531.5,165396099.4,228940630.9,-101851567.9
2026-07-15,MK,0.0,1240.0,1240.0,-1240.0
2026-07-15,ML,646439.0,384373.0,1030812.0,262066.0
2026-07-15,MMM,22518.0,0.0,22518.0,22518.0
2026-07-15,MODERN,0.0,96492.0,96492.0,-96492.0
2026-07-15,MONO,174550.0,391849.0,566399.0,-217299.0
2026-07-15,MORE,0.0,5.0,5.0,-5.0
2026-07-15,MOSHI,5137600.0,5310875.0,10448475.0,-173275.0
2026-07-15,MRDIYT,12856750.0,36927150.0,49783900.0,-24070400.0
2026-07-15,MST,36835.0,815.0,37650.0,36020.0
2026-07-15,MTC,84967850.0,98488125.0,183455975.0,-13520275.0
2026-07-15,MUD,99.0,0.0,99.0,99.0
2026-07-15,NCAP,742908.0,1703150.0,2446058.0,-960242.0
2026-07-15,NCL,0.0,18.0,18.0,-18.0
2026-07-15,NDR,0.0,1840.0,1840.0,-1840.0
2026-07-15,NEO,2448560.0,3062740.0,5511300.0,-614180.0
2026-07-15,NER,8175942.0,6989034.0,15164976.0,1186908.0
2026-07-15,NETBAY,246590.0,13644350.0,13890940.0,-13397760.0
2026-07-15,NEX,1375414.0,5631558.0,7006972.0,-4256144.0
2026-07-15,NKT,7340.0,0.0,7340.0,7340.0
2026-07-15,NOBLE,0.0,184.0,184.0,-184.0
2026-07-15,NRF,0.0,24.0,24.0,-24.0
2026-07-15,NSL,1307950.0,872660.0,2180610.0,435290.0
2026-07-15,NTF,183690.0,92560.0,276250.0,91130.0
2026-07-15,NTSC,11340.0,0.0,11340.0,11340.0
2026-07-15,NUT,1968.0,0.0,1968.0,1968.0
2026-07-15,NVD,0.0,332.0,332.0,-332.0
2026-07-15,NYT,1780192.0,2978794.0,4758986.0,-1198602.0
2026-07-15,OHTL,78600.0,0.0,78600.0,78600.0
2026-07-15,OKJ,180106.0,1355386.0,1535492.0,-1175280.0
2026-07-15,ONEE,71616.0,814156.0,885772.0,-742540.0
2026-07-15,OR,160173438.4,87781234.0,247954672.4,72392204.4
2026-07-15,ORI,417271.0,406691.0,823962.0,10580.0
2026-07-15,OSP,59576780.0,71876820.0,131453600.0,-12300040.0
2026-07-15,PACO,4922.0,0.0,4922.0,4922.0
2026-07-15,PAF,0.0,1102.0,1102.0,-1102.0
2026-07-15,PB,0.0,48.0,48.0,-48.0
2026-07-15,PCC,0.0,300.0,300.0,-300.0
2026-07-15,PCE,0.0,252340.0,252340.0,-252340.0
2026-07-15,PEER,0.0,100.0,100.0,-100.0
2026-07-15,PHG,5050.0,517120.0,522170.0,-512070.0
2026-07-15,PHOL,0.0,18840.0,18840.0,-18840.0
2026-07-15,PIN,460392.0,1520152.0,1980544.0,-1059760.0
2026-07-15,PIS,42828.0,61166.0,103994.0,-18338.0
2026-07-15,PK,960.0,0.0,960.0,960.0
2026-07-15,PLANB,46192445.0,68638680.0,114831125.0,-22446235.0
2026-07-15,PLANET,0.0,1972.0,1972.0,-1972.0
2026-07-15,PLAT,1437073.0,661225.0,2098298.0,775848.0
2026-07-15,PLE,7617.0,0.0,7617.0,7617.0
2026-07-15,PLUS,1259.0,6992.0,8251.0,-5733.0
2026-07-15,PM,493230.0,1089250.0,1582480.0,-596020.0
2026-07-15,PMC,122065.0,124290.0,246355.0,-2225.0
2026-07-15,PPPM,0.0,379.0,379.0,-379.0
2026-07-15,PQS,79519.0,1504.0,81023.0,78015.0
2026-07-15,PR9,34314390.0,11414810.0,45729200.0,22899580.0
2026-07-15,PRG,0.0,131.6,131.6,-131.6
2026-07-15,PRI,35152.0,0.0,35152.0,35152.0
2026-07-15,PRIME,0.0,6.0,6.0,-6.0
2026-07-15,PRINC,346.0,0.0,346.0,346.0
2026-07-15,PRM,20896595.0,2755205.0,23651800.0,18141390.0
2026-07-15,PSGC,52000.0,0.0,52000.0,52000.0
2026-07-15,PSH,1317356.0,1170620.0,2487976.0,146736.0
2026-07-15,PSL,9506095.0,6708115.0,16214210.0,2797980.0
2026-07-15,PSP,6636760.0,6885155.0,13521915.0,-248395.0
2026-07-15,PSTC,374.0,0.0,374.0,374.0
2026-07-15,PT,59440.0,77520.0,136960.0,-18080.0
2026-07-15,PTG,10216535.0,7229785.0,17446320.0,2986750.0
2026-07-15,PTL,1881244.4,5744860.0,7626104.4,-3863615.6
2026-07-15,PTT,4445539962.5,2334054162.5,6779594125.0,2111485800.0
2026-07-15,PTTEP,1293487814.0,1012276750.0,2305764564.0,281211064.0
2026-07-15,PTTGC,534720067.0,301540950.0,836261017.0,233179117.0
2026-07-15,PYLON,1717058.0,944294.0,2661352.0,772764.0
2026-07-15,QH,4040440.0,1393524.0,5433964.0,2646916.0
2026-07-15,QTCG,0.0,10.0,10.0,-10.0
2026-07-15,RABBIT,188000.0,16264.0,204264.0,171736.0
2026-07-15,RAM,16150.0,21480.0,37630.0,-5330.0
2026-07-15,RATCH,53090575.0,51850375.0,104940950.0,1240200.0
2026-07-15,RBF,297759.0,2512830.0,2810589.0,-2215071.0
2026-07-15,RCL,48285775.0,36308950.0,84594725.0,11976825.0
2026-07-15,RJH,178030.0,383070.0,561100.0,-205040.0
2026-07-15,ROCTEC,174163.0,412998.0,587161.0,-238835.0
2026-07-15,ROJNA,7021475.0,10495716.5,17517191.5,-3474241.5
2026-07-15,RPC,37000.0,456.0,37456.0,36544.0
2026-07-15,RS,0.0,62340.0,62340.0,-62340.0
2026-07-15,RT,0.0,2900.0,2900.0,-2900.0
2026-07-15,RWI,0.0,1666.0,1666.0,-1666.0
2026-07-15,S,68317.0,4071.0,72388.0,64246.0
2026-07-15,SABINA,103870.0,58090.0,161960.0,45780.0
2026-07-15,SAF,1886.0,420.0,2306.0,1466.0
2026-07-15,SAFE,5700.0,0.0,5700.0,5700.0
2026-07-15,SAK,983766.0,2081874.0,3065640.0,-1098108.0
2026-07-15,SALEE,1020.0,0.0,1020.0,1020.0
2026-07-15,SAMART,729165.0,3939195.0,4668360.0,-3210030.0
2026-07-15,SAMCO,0.0,376.0,376.0,-376.0
2026-07-15,SANKO,7450.0,15622.0,23072.0,-8172.0
2026-07-15,SAPPE,209200.0,8539525.0,8748725.0,-8330325.0
2026-07-15,SAT,318920.0,1846536.1,2165456.1,-1527616.1
2026-07-15,SAUCE,0.0,28875.0,28875.0,-28875.0
2026-07-15,SAV,831990.0,736250.0,1568240.0,95740.0
2026-07-15,SAWAD,84579190.0,87112940.0,171692130.0,-2533750.0
2026-07-15,SC,1780609.0,2773532.0,4554141.0,-992923.0
2026-07-15,SCAP,4219283.0,5545994.0,9765277.0,-1326711.0
2026-07-15,SCB,815036587.5,1339376310.0,2154412897.5,-524339722.5
2026-07-15,SCC,727566121.0,464999375.0,1192565496.0,262566746.0
2026-07-15,SCCC,74600.0,1091300.0,1165900.0,-1016700.0
2026-07-15,SCGD,3745.0,132130.0,135875.0,-128385.0
2026-07-15,SCGP,63847980.0,71919117.0,135767097.0,-8071137.0
2026-07-15,SCM,0.0,24.0,24.0,-24.0
2026-07-15,SCP,540750.0,0.0,540750.0,540750.0
2026-07-15,SDC,0.0,170.0,170.0,-170.0
2026-07-15,SE-ED,0.0,15.4,15.4,-15.4
2026-07-15,SEAFCO,1107698.0,209186.0,1316884.0,898512.0
2026-07-15,SEAOIL,39138.0,0.0,39138.0,39138.0
2026-07-15,SECURE,0.0,1420.0,1420.0,-1420.0
2026-07-15,SENX,42000.0,0.0,42000.0,42000.0
2026-07-15,SFLEX,61200.0,415370.0,476570.0,-354170.0
2026-07-15,SGC,113025662.0,113650920.0,226676582.0,-625258.0
2026-07-15,SGF,0.0,84.0,84.0,-84.0
2026-07-15,SGP,800.0,28815.0,29615.0,-28015.0
2026-07-15,SHR,1550028.0,746436.0,2296464.0,803592.0
2026-07-15,SICT,57438.0,393284.0,450722.0,-335846.0
2026-07-15,SIMAT,245570.0,1391130.0,1636700.0,-1145560.0
2026-07-15,SINGER,32326013.4,43323990.0,75650003.4,-10997976.6
2026-07-15,SIRI,32970557.0,10420134.0,43390691.0,22550423.0
2026-07-15,SIS,2148850.0,1675075.0,3823925.0,473775.0
2026-07-15,SISB,4409800.0,5765830.0,10175630.0,-1356030.0
2026-07-15,SITHAI,0.0,270278.0,270278.0,-270278.0
2026-07-15,SJWD,1554060.0,5711420.0,7265480.0,-4157360.0
2026-07-15,SKIN,2775.0,0.0,2775.0,2775.0
2026-07-15,SKN,0.0,334210.0,334210.0,-334210.0
2026-07-15,SKR,19200.0,26400.0,45600.0,-7200.0
2026-07-15,SKY,4078690.0,2717460.0,6796150.0,1361230.0
2026-07-15,SMART,20130.0,0.0,20130.0,20130.0
2026-07-15,SMD100,7600.0,0.0,7600.0,7600.0
2026-07-15,SMIT,1062.0,0.0,1062.0,1062.0
2026-07-15,SMO,551506.0,319494.0,871000.0,232012.0
2026-07-15,SMPC,1890.0,0.0,1890.0,1890.0
2026-07-15,SMT,7645310.0,32338770.0,39984080.0,-24693460.0
2026-07-15,SNC,6440.0,20943.1,27383.1,-14503.1
2026-07-15,SNNP,365630.0,1134800.0,1500430.0,-769170.0
2026-07-15,SOLAR,392393.0,0.0,392393.0,392393.0
2026-07-15,SPA,796666.0,2797904.0,3594570.0,-2001238.0
2026-07-15,SPACK,0.0,6081.0,6081.0,-6081.0
2026-07-15,SPALI,6638545.0,11063150.0,17701695.0,-4424605.0
2026-07-15,SPCG,588965.0,426415.0,1015380.0,162550.0
2026-07-15,SPRC,496201990.0,222125560.0,718327550.0,274076430.0
2026-07-15,SPVI,364878.0,708548.0,1073426.0,-343670.0
2026-07-15,SR,0.0,39.0,39.0,-39.0
2026-07-15,SRICHA,305600.0,3327330.0,3632930.0,-3021730.0
2026-07-15,SSP,112964.0,1149238.0,1262202.0,-1036274.0
2026-07-15,STA,84550900.0,37952220.0,122503120.0,46598680.0
2026-07-15,STANLY,506100.0,507700.0,1013800.0,-1600.0
2026-07-15,STARM,0.0,1764.0,1764.0,-1764.0
2026-07-15,STC,0.0,57.0,57.0,-57.0
2026-07-15,STECON,15744030.0,21057470.0,36801500.0,-5313440.0
2026-07-15,STELLA,0.0,82.0,82.0,-82.0
2026-07-15,STGT,2706030.0,2193200.0,4899230.0,512830.0
2026-07-15,STI,0.0,1611.0,1611.0,-1611.0
2026-07-15,STOWER,0.0,416.0,416.0,-416.0
2026-07-15,STPI,2088740.0,8266235.0,10354975.0,-6177495.0
2026-07-15,STX,11645.0,0.0,11645.0,11645.0
2026-07-15,SUC,16350.0,0.0,16350.0,16350.0
2026-07-15,SUN,0.0,35700.0,35700.0,-35700.0
2026-07-15,SUPER,6450485.0,12125500.0,18575985.0,-5675015.0
2026-07-15,SUSCO,1380.0,22738.0,24118.0,-21358.0
2026-07-15,SVOA,1462760.0,5513326.0,6976086.0,-4050566.0
2026-07-15,SVT,0.0,132.0,132.0,-132.0
2026-07-15,SWC,0.0,5109.6,5109.6,-5109.6
2026-07-15,SYNEX,10879490.0,2564845.0,13444335.0,8314645.0
2026-07-15,SYNTEC,0.0,46598.0,46598.0,-46598.0
2026-07-15,TACC,1456410.0,2714130.0,4170540.0,-1257720.0
2026-07-15,TAE,1950623.0,2302827.0,4253450.0,-352204.0
2026-07-15,TAKUNI,520.0,0.0,520.0,520.0
2026-07-15,TASCO,3115260.0,1089820.0,4205080.0,2025440.0
2026-07-15,TATG,101000.0,0.0,101000.0,101000.0
2026-07-15,TCAP,56777950.0,34752875.0,91530825.0,22025075.0
2026-07-15,TCJ,16282.0,0.0,16282.0,16282.0
2026-07-15,TEAM,3229710.0,4296812.0,7526522.0,-1067102.0
2026-07-15,TEAMG,411440.0,1376780.0,1788220.0,-965340.0
2026-07-15,TEGH,302532.0,1047504.0,1350036.0,-744972.0
2026-07-15,TEKA,7788.0,0.0,7788.0,7788.0
2026-07-15,TFG,38851230.0,49688450.0,88539680.0,-10837220.0
2026-07-15,TFM,1017135.0,33425.0,1050560.0,983710.0
2026-07-15,TFMAMA,168250.0,187000.0,355250.0,-18750.0
2026-07-15,THAI,54911132.95,48332340.0,103243472.95,6578792.950000003
2026-07-15,THANI,14760028.0,5691540.0,20451568.0,9068488.0
2026-07-15,THCOM,618660.0,21447890.0,22066550.0,-20829230.0
2026-07-15,THG,3420075.0,1931980.0,5352055.0,1488095.0
2026-07-15,THMUI,2650.0,0.0,2650.0,2650.0
2026-07-15,THRE,23283.0,158.0,23441.0,23125.0
2026-07-15,TIDLOR,48477860.0,78665420.0,127143280.0,-30187560.0
2026-07-15,TIPCO,6500.0,0.0,6500.0,6500.0
2026-07-15,TIPH,249070.0,973060.0,1222130.0,-723990.0
2026-07-15,TISCO,201957673.0,147095700.0,349053373.0,54861973.0
2026-07-15,TITLE,100810.0,555535.0,656345.0,-454725.0
2026-07-15,TK,438.0,0.0,438.0,438.0
2026-07-15,TKC,0.0,930.0,930.0,-930.0
2026-07-15,TKN,450794.0,2766278.0,3217072.0,-2315484.0
2026-07-15,TKS,256125.0,14600.0,270725.0,241525.0
2026-07-15,TLI,32013824.6,64845170.0,96858994.6,-32831345.4
2026-07-15,TMAN,7744930.0,1449630.0,9194560.0,6295300.0
2026-07-15,TMT,0.0,328.0,328.0,-328.0
2026-07-15,TMW,1026350.0,0.0,1026350.0,1026350.0
2026-07-15,TNDT,0.0,14.0,14.0,-14.0
2026-07-15,TOA,17705280.0,15821150.0,33526430.0,1884130.0
2026-07-15,TOG,0.0,38000.0,38000.0,-38000.0
2026-07-15,TOP,1790509670.0,652729875.0,2443239545.0,1137779795.0
2026-07-15,TPAC,60200.0,0.0,60200.0,60200.0
2026-07-15,TPCS,0.0,88080.0,88080.0,-88080.0
2026-07-15,TPIPL,922428.0,1033815.0,1956243.0,-111387.0
2026-07-15,TPIPP,813938.0,1513796.0,2327734.0,-699858.0
2026-07-15,TPP,0.0,40320.0,40320.0,-40320.0
2026-07-15,TQM,1015060.0,874130.0,1889190.0,140930.0
2026-07-15,TRT,11006300.0,10720040.0,21726340.0,286260.0
2026-07-15,TRUBB,158704.0,161347.0,320051.0,-2643.0
2026-07-15,TRUE,790297988.2,927689710.0,1717987698.2,-137391721.79999995
2026-07-15,TSE,2960.0,61078.0,64038.0,-58118.0
2026-07-15,TSTH,225501.0,456879.0,682380.0,-231378.0
2026-07-15,TTA,5547270.0,2306030.0,7853300.0,3241240.0
2026-07-15,TTB,250743202.8,260542002.0,511285204.8,-9798799.199999988
2026-07-15,TTW,2333820.0,1919010.0,4252830.0,414810.0
2026-07-15,TU,34280520.0,60110600.0,94391120.0,-25830080.0
2026-07-15,TURBO,5372834.0,1662250.0,7035084.0,3710584.0
2026-07-15,TVDH-W5,0.0,2390.0,2390.0,-2390.0
2026-07-15,TVH,15900.0,4200.0,20100.0,11700.0
2026-07-15,TVO,3262975.0,7595925.0,10858900.0,-4332950.0
2026-07-15,TYCN,168.0,0.0,168.0,168.0
2026-07-15,UBE,198189.0,61000.0,259189.0,137189.0
2026-07-15,UBIS,0.0,142.0,142.0,-142.0
2026-07-15,UKEM,1220670.0,1504786.0,2725456.0,-284116.0
2026-07-15,UMI,0.0,6465.0,6465.0,-6465.0
2026-07-15,UMS,8100.0,8793.0,16893.0,-693.0
2026-07-15,UNIQ,16596.0,40390.0,56986.0,-23794.0
2026-07-15,UNIX,516131.0,139200.0,655331.0,376931.0
2026-07-15,UREKA,114570.0,73350.0,187920.0,41220.0
2026-07-15,UTP,51115.0,622130.0,673245.0,-571015.0
2026-07-15,UV,99347.0,603100.0,702447.0,-503753.0
2026-07-15,UVAN,3061360.0,176690.0,3238050.0,2884670.0
2026-07-15,VGI,27584249.0,44228414.0,71812663.0,-16644165.0
2026-07-15,VIBHA,3258.0,128.34,3386.34,3129.66
2026-07-15,VIH,19435.0,147050.0,166485.0,-127615.0
2026-07-15,VL,0.56,0.0,0.56,0.56
2026-07-15,WASH,19278.0,125404.0,144682.0,-106126.0
2026-07-15,WHA,105439799.9,79249805.0,184689604.9,26189994.90000001
2026-07-15,WHAUP,121914765.0,39062000.0,160976765.0,82852765.0
2026-07-15,WICE,193142.0,771180.0,964322.0,-578038.0
2026-07-15,WIIK,1547.0,6783.0,8330.0,-5236.0
2026-07-15,WORK,0.0,2450.0,2450.0,-2450.0
2026-07-15,WPH,20050.0,547155.0,567205.0,-527105.0
2026-07-15,XBIO,16960.0,9.0,16969.0,16951.0
2026-07-15,XO,1498930.0,2357080.0,3856010.0,-858150.0
2026-07-15,XPG,363022.0,47446.0,410468.0,315576.0
2026-07-15,ZIGA,0.0,44979.0,44979.0,-44979.0
2026-07-13,88TH,103498.0,384130.0,487628.0,-280632.0
2026-07-13,AAI,952550.0,396636.0,1349186.0,555914.0
2026-07-13,AAV,10864152.0,1387047.0,12251199.0,9477105.0
2026-07-13,ACC,16500.0,5604.0,22104.0,10896.0
2026-07-13,ACE,0.0,76851.0,76851.0,-76851.0
2026-07-13,ADD,0.0,338.0,338.0,-338.0
2026-07-13,ADVANC,801136700.0,517875280.0,1319011980.0,283261420.0
2026-07-13,ADVICE,269985.0,829110.0,1099095.0,-559125.0
2026-07-13,AE,0.0,112.5,112.5,-112.5
2026-07-13,AEONTS,38929500.0,12693950.0,51623450.0,26235550.0
2026-07-13,AGE,330878.0,6326.0,337204.0,324552.0
2026-07-13,AH,6517970.0,451620.0,6969590.0,6066350.0
2026-07-13,AI,191.52,300.76,492.28,-109.23999999999998
2026-07-13,AIE,14022.0,0.0,14022.0,14022.0
2026-07-13,AIT,3667076.0,407202.04,4074278.04,3259873.96
2026-07-13,AJ,848752.0,737498.0,1586250.0,111254.0
2026-07-13,AKP,0.0,568.0,568.0,-568.0
2026-07-13,AKR,0.0,2851.0,2851.0,-2851.0
2026-07-13,ALPHAX,950.0,0.0,950.0,950.0
2026-07-13,ALT,1008298.0,3318159.0,4326457.0,-2309861.0
2026-07-13,AMANAH,78.0,0.0,78.0,78.0
2026-07-13,AMARC,332628.0,3675638.0,4008266.0,-3343010.0
2026-07-13,AMATA,78078588.0,120765800.0,198844388.0,-42687212.0
2026-07-13,ANAN,297.0,0.0,297.0,297.0
2026-07-13,AOT,408225052.0,418335365.0,826560417.0,-10110313.0
2026-07-13,AP,25061065.0,8277410.0,33338475.0,16783655.0
2026-07-13,APO,46974.0,0.0,46974.0,46974.0
2026-07-13,APURE,0.0,618.0,618.0,-618.0
2026-07-13,AQUA,0.0,1410.0,1410.0,-1410.0
2026-07-13,ARIN,0.0,245.0,245.0,-245.0
2026-07-13,ARIP,0.0,1363.0,1363.0,-1363.0
2026-07-13,AS,559952.0,472.0,560424.0,559480.0
2026-07-13,ASAP,0.0,404.0,404.0,-404.0
2026-07-13,ASEFA,5413645.0,1389650.0,6803295.0,4023995.0
2026-07-13,ASIAN,744680.0,159500.0,904180.0,585180.0
2026-07-13,ASK,9602440.0,7717360.0,17319800.0,1885080.0
2026-07-13,ASP,932456.0,408412.0,1340868.0,524044.0
2026-07-13,ASTR,0.0,3416.0,3416.0,-3416.0
2026-07-13,ATLAS,1629094.0,911569.0,2540663.0,717525.0
2026-07-13,AU,129896.0,353262.0,483158.0,-223366.0
2026-07-13,AUCT,258300.0,1097358.0,1355658.0,-839058.0
2026-07-13,AURA,15775390.0,1009160.0,16784550.0,14766230.0
2026-07-13,AWC,25943276.0,28017388.0,53960664.0,-2074112.0
2026-07-13,AYUD,44250.0,4268.0,48518.0,39982.0
2026-07-13,BA,62551200.0,89048610.0,151599810.0,-26497410.0
2026-07-13,BAFS,328340.0,951810.0,1280150.0,-623470.0
2026-07-13,BAM,40617615.0,26654850.0,67272465.0,13962765.0
2026-07-13,BANPU,116577480.0,82120520.0,198698000.0,34456960.0
2026-07-13,BAY,19587375.0,73013725.0,92601100.0,-53426350.0
2026-07-13,BBGI,2243004.0,701578.0,2944582.0,1541426.0
2026-07-13,BBIK,17577270.0,27068450.0,44645720.0,-9491180.0
2026-07-13,BBL,1030903723.0,1111133588.0,2142037311.0,-80229865.0
2026-07-13,BCH,23015240.0,10624945.0,33640185.0,12390295.0
2026-07-13,BCP,146087400.0,40777625.0,186865025.0,105309775.0
2026-07-13,BCPG,28719450.0,23554195.2,52273645.2,5165254.800000001
2026-07-13,BDMS,381463135.0,330181590.0,711644725.0,51281545.0
2026-07-13,BE8,299060.0,529765.0,828825.0,-230705.0
2026-07-13,BEAUTY,389610.0,1110.0,390720.0,388500.0
2026-07-13,BEC,12840.0,4472.0,17312.0,8368.0
2026-07-13,BEM,71988339.5,40997455.0,112985794.5,30990884.5
2026-07-13,BGRIM,117308230.0,160143270.0,277451500.0,-42835040.0
2026-07-13,BGT,0.0,800.0,800.0,-800.0
2026-07-13,BH,361130160.0,285902850.0,647033010.0,75227310.0
2026-07-13,BIG,0.0,60.0,60.0,-60.0
2026-07-13,BIOTEC,0.0,14928.0,14928.0,-14928.0
2026-07-13,BIZ,95670.0,23990.0,119660.0,71680.0
2026-07-13,BJC,52234780.0,34549494.5,86784274.5,17685285.5
2026-07-13,BJCHI,0.0,3542.0,3542.0,-3542.0
2026-07-13,BKGI,68074.0,5636.0,73710.0,62438.0
2026-07-13,BKIH,0.0,445600.0,445600.0,-445600.0
2026-07-13,BLA,16521825.0,6561000.0,23082825.0,9960825.0
2026-07-13,BLAND,100393.0,0.0,100393.0,100393.0
2026-07-13,BLC,485362.0,23466.0,508828.0,461896.0
2026-07-13,BM,4602.0,58528.0,63130.0,-53926.0
2026-07-13,BOL,0.0,20000.0,20000.0,-20000.0
2026-07-13,BPP,1160.0,528810.0,529970.0,-527650.0
2026-07-13,BR,0.0,195.0,195.0,-195.0
2026-07-13,BRI,422.12,0.0,422.12,422.12
2026-07-13,BRR,2176.0,0.0,2176.0,2176.0
2026-07-13,BSM,0.0,356.0,356.0,-356.0
2026-07-13,BTC,592.0,12615.0,13207.0,-12023.0
2026-07-13,BTG,41269910.0,19855090.0,61125000.0,21414820.0
2026-07-13,BTS,219320046.96,81897188.0,301217234.96000004,137422858.96
2026-07-13,BTW,0.0,8.0,8.0,-8.0
2026-07-13,BWG,40500.0,27.0,40527.0,40473.0
2026-07-13,BWG-W8,0.0,800.0,800.0,-800.0
2026-07-13,BYD,284551.0,0.0,284551.0,284551.0
2026-07-13,CAZ,6000.0,279058.0,285058.0,-273058.0
2026-07-13,CBG,113104425.0,156441077.5,269545502.5,-43336652.5
2026-07-13,CCET,124935949.0,145876035.5,270811984.5,-20940086.5
2026-07-13,CCP,0.0,136.0,136.0,-136.0
2026-07-13,CENTEL,22984750.0,19862700.0,42847450.0,3122050.0
2026-07-13,CFARM,0.0,9382.0,9382.0,-9382.0
2026-07-13,CFRESH,150559.0,0.0,150559.0,150559.0
2026-07-13,CGH,14000.0,4311.0,18311.0,9689.0
2026-07-13,CHARAN,0.0,100450.0,100450.0,-100450.0
2026-07-13,CHASE,4056.0,0.0,4056.0,4056.0
2026-07-13,CHASE-W1,0.0,90.0,90.0,-90.0
2026-07-13,CHAYO,982095.0,4470523.6,5452618.6,-3488428.6
2026-07-13,CHAYO-W4,0.0,168.46,168.46,-168.46
2026-07-13,CHG,4159186.0,4919405.0,9078591.0,-760219.0
2026-07-13,CIVIL,82161.0,226.0,82387.0,81935.0
2026-07-13,CK,18303040.0,118298590.0,136601630.0,-99995550.0
2026-07-13,CKP,608458.0,4893914.0,5502372.0,-4285456.0
2026-07-13,CMC,23.56,84.0,107.56,-60.44
2026-07-13,CNT,3988792.0,2515719.0,6504511.0,1473073.0
2026-07-13,COCOCO,8434375.0,2006880.0,10441255.0,6427495.0
2026-07-13,COM7,91931825.0,136579750.0,228511575.0,-44647925.0
2026-07-13,COMAN,151.0,0.0,151.0,151.0
2026-07-13,CPALL,336909725.0,301127375.0,638037100.0,35782350.0
2026-07-13,CPANEL,30.68,119.0,149.68,-88.32
2026-07-13,CPAXT,1155920.0,17355500.0,18511420.0,-16199580.0
2026-07-13,CPF,197096130.0,264233490.0,461329620.0,-67137360.0
2026-07-13,CPL,3844.0,0.0,3844.0,3844.0
2026-07-13,CPN,220789050.0,128825600.0,349614650.0,91963450.0
2026-07-13,CPW,0.0,504.0,504.0,-504.0
2026-07-13,CRANE,0.0,380.0,380.0,-380.0
2026-07-13,CRC,170133180.0,105662510.0,275795690.0,64470670.0
2026-07-13,CREDIT,6929040.0,8264910.0,15193950.0,-1335870.0
2026-07-13,CSS,121491.0,51160.0,172651.0,70331.0
2026-07-13,CTW,240715.0,0.0,240715.0,240715.0
2026-07-13,CWT,0.0,8427.0,8427.0,-8427.0
2026-07-13,DCC,108615.0,322444.79,431059.79,-213829.79
2026-07-13,DCON,0.0,36.0,36.0,-36.0
2026-07-13,DELTA,1030951528.0,927954360.0,1958905888.0,102997168.0
2026-07-13,DEMCO,143932.0,274792.0,418724.0,-130860.0
2026-07-13,DEXON,120813.0,0.0,120813.0,120813.0
2026-07-13,DITTO,7252940.0,28300220.0,35553160.0,-21047280.0
2026-07-13,DMT,19310.0,2137640.0,2156950.0,-2118330.0
2026-07-13,DOHOME,13040334.0,9758712.0,22799046.0,3281622.0
2026-07-13,DUSIT,151330.0,144080.0,295410.0,7250.0
2026-07-13,EA,91847038.0,68696356.0,160543394.0,23150682.0
2026-07-13,EA-W1,0.0,452960.0,452960.0,-452960.0
2026-07-13,EASTW,2901412.0,6411688.0,9313100.0,-3510276.0
2026-07-13,EGCO,62620300.0,72820950.0,135441250.0,-10200650.0
2026-07-13,EKH,100495.0,4040.0,104535.0,96455.0
2026-07-13,EMPIRE,119614.0,7660.0,127274.0,111954.0
2026-07-13,EPG,31756950.5,31185916.5,62942867.0,571034.0
2026-07-13,ERW,4773366.0,11762894.0,16536260.0,-6989528.0
2026-07-13,ETC,151100.0,2016.0,153116.0,149084.0
2026-07-13,EVER,0.0,39.0,39.0,-39.0
2026-07-13,FLOYD,31200.0,0.0,31200.0,31200.0
2026-07-13,FM,1781106.0,444296.0,2225402.0,1336810.0
2026-07-13,FORTH,5041730.0,42499860.0,47541590.0,-37458130.0
2026-07-13,FPT,2065.0,5515.0,7580.0,-3450.0
2026-07-13,FSMART,1398650.0,1864565.0,3263215.0,-465915.0
2026-07-13,FSX,0.0,4731.0,4731.0,-4731.0
2026-07-13,FTE,0.0,548.0,548.0,-548.0
2026-07-13,GABLE,983220.0,10816.0,994036.0,972404.0
2026-07-13,GBX,0.0,36600.0,36600.0,-36600.0
2026-07-13,GC,0.0,2450.0,2450.0,-2450.0
2026-07-13,GFPT,2066020.0,1676305.0,3742325.0,389715.0
2026-07-13,GJS,0.0,10179.0,10179.0,-10179.0
2026-07-13,GLOBAL,51205585.0,30326735.0,81532320.0,20878850.0
2026-07-13,GLORY,0.0,2120.0,2120.0,-2120.0
2026-07-13,GPSC,132712075.0,124090250.0,256802325.0,8621825.0
2026-07-13,GRAND,0.0,200000.0,200000.0,-200000.0
2026-07-13,GREEN,0.0,2030.0,2030.0,-2030.0
2026-07-13,GTB,0.0,70.0,70.0,-70.0
2026-07-13,GULF,600079450.0,440099125.0,1040178575.0,159980325.0
2026-07-13,GUNKUL,55224188.0,270066140.0,325290328.0,-214841952.0
2026-07-13,HANA,342116275.0,214757450.0,556873725.0,127358825.0
2026-07-13,HARN,61800.0,0.0,61800.0,61800.0
2026-07-13,HENG,959975.0,11837.0,971812.0,948138.0
2026-07-13,HFT,0.0,1604.0,1604.0,-1604.0
2026-07-13,HMPRO,54856075.0,29790835.0,84646910.0,25065240.0
2026-07-13,HTC,2518350.0,50110.0,2568460.0,2468240.0
2026-07-13,HTECH,688458.0,572118.0,1260576.0,116340.0
2026-07-13,HUMAN,1075386.0,1145768.0,2221154.0,-70382.0
2026-07-13,HYDRO,0.0,16.0,16.0,-16.0
2026-07-13,ICHI,11184050.0,17471410.0,28655460.0,-6287360.0
2026-07-13,ICN,5066.0,0.0,5066.0,5066.0
2026-07-13,IHL,0.0,32644.0,32644.0,-32644.0
2026-07-13,ILINK,240405.0,32240.0,272645.0,208165.0
2026-07-13,ILM,69900.0,27550.0,97450.0,42350.0
2026-07-13,INET,38160.0,86856.0,125016.0,-48696.0
2026-07-13,INOX,31590.0,0.0,31590.0,31590.0
2026-07-13,INSET,24621918.0,44014578.0,68636496.0,-19392660.0
2026-07-13,IROYAL,71686.0,11628.0,83314.0,60058.0
2026-07-13,IRPC,70661106.0,77363904.0,148025010.0,-6702798.0
2026-07-13,IT,0.0,6600.0,6600.0,-6600.0
2026-07-13,ITC,5885280.0,27152470.0,33037750.0,-21267190.0
2026-07-13,ITD,367626.0,141834.0,509460.0,225792.0
2026-07-13,ITEL,1090791.0,7482976.0,8573767.0,-6392185.0
2026-07-13,IVL,123063939.0,154739721.0,277803660.0,-31675782.0
2026-07-13,J,810.0,0.0,810.0,810.0
2026-07-13,JAK,12771.0,0.0,12771.0,12771.0
2026-07-13,JAS,1298430.0,1431185.0,2729615.0,-132755.0
2026-07-13,JCK,0.0,1115.0,1115.0,-1115.0
2026-07-13,JDF,5100.0,0.0,5100.0,5100.0
2026-07-13,JMART,48393930.0,109823970.0,158217900.0,-61430040.0
2026-07-13,JMT,34542660.0,80305510.0,114848170.0,-45762850.0
2026-07-13,JPARK,682508.0,67532.0,750040.0,614976.0
2026-07-13,JTS,8859300.0,3341250.0,12200550.0,5518050.0
2026-07-13,JUBILE,0.0,27010.35,27010.35,-27010.35
2026-07-13,KAMART,1670205.0,80510.0,1750715.0,1589695.0
2026-07-13,KBANK,1438391000.0,1082451080.0,2520842080.0,355939920.0
2026-07-13,KBS,16800.0,0.0,16800.0,16800.0
2026-07-13,KCC,23464.0,5776.0,29240.0,17688.0
2026-07-13,KCE,324663225.0,290954945.0,615618170.0,33708280.0
2026-07-13,KCG,3686720.0,1030.0,3687750.0,3685690.0
2026-07-13,KGEN,1207009.0,4915431.0,6122440.0,-3708422.0
2026-07-13,KGI,18946082.0,3507818.0,22453900.0,15438264.0
2026-07-13,KIAT,170.0,0.0,170.0,170.0
2026-07-13,KISS,40276.0,69040.0,109316.0,-28764.0
2026-07-13,KKP,375598950.0,242150349.5,617749299.5,133448600.5
2026-07-13,KLINIQ,3460550.0,1067025.0,4527575.0,2393525.0
2026-07-13,KOOL,0.0,725.0,725.0,-725.0
2026-07-13,KSL,58734.0,322703.0,381437.0,-263969.0
2026-07-13,KTB,1046851950.0,1860732850.0,2907584800.0,-813880900.0
2026-07-13,KTC,288904900.0,142210625.0,431115525.0,146694275.0
2026-07-13,KUMWEL,244766.0,3688532.0,3933298.0,-3443766.0
2026-07-13,LANNA,224910.0,129360.0,354270.0,95550.0
2026-07-13,LEE,0.0,20.0,20.0,-20.0
2026-07-13,LH,14874690.0,10483990.0,25358680.0,4390700.0
2026-07-13,LHFG,1377951.0,719880.0,2097831.0,658071.0
2026-07-13,LHK,352.0,352.0,704.0,0.0
2026-07-13,LOXLEY,194950.0,21822.0,216772.0,173128.0
2026-07-13,LPH,0.0,42310.0,42310.0,-42310.0
2026-07-13,LPN,1570.0,42704.0,44274.0,-41134.0
2026-07-13,LST,478.0,0.0,478.0,478.0
2026-07-13,LTS,0.0,27900.0,27900.0,-27900.0
2026-07-13,M,15919840.0,4669300.0,20589140.0,11250540.0
2026-07-13,MAGURO,18300.0,834938.4,853238.4,-816638.4
2026-07-13,MAJOR,256920.0,251390.0,508310.0,5530.0
2026-07-13,MALEE,1093830.0,477236.0,1571066.0,616594.0
2026-07-13,MASTEC,3135780.0,541058.0,3676838.0,2594722.0
2026-07-13,MASTER,5578305.0,501940.0,6080245.0,5076365.0
2026-07-13,MATI,0.0,14.68,14.68,-14.68
2026-07-13,MBK,18627630.0,12782310.0,31409940.0,5845320.0
2026-07-13,MC,210400.0,10440.0,220840.0,199960.0
2026-07-13,MCOT,0.0,9000.0,9000.0,-9000.0
2026-07-13,MCS,236305.0,113040.0,349345.0,123265.0
2026-07-13,MDX,1216988.0,1343736.0,2560724.0,-126748.0
2026-07-13,MEB,537430.0,2896830.0,3434260.0,-2359400.0
2026-07-13,MEDEZE,340665.0,0.0,340665.0,340665.0
2026-07-13,MEGA,12287875.0,3615325.0,15903200.0,8672550.0
2026-07-13,METCO,621600.0,532700.0,1154300.0,88900.0
2026-07-13,MFC,358950.0,0.0,358950.0,358950.0
2026-07-13,MFEC,0.0,10105.0,10105.0,-10105.0
2026-07-13,MGC,61565020.0,48850070.0,110415090.0,12714950.0
2026-07-13,MGI,20690.0,116195.0,136885.0,-95505.0
2026-07-13,MGI-W1,0.0,168.0,168.0,-168.0
2026-07-13,MGT,8545.0,4983.0,13528.0,3562.0
2026-07-13,MICRO,275662.0,183824.0,459486.0,91838.0
2026-07-13,MIDA,45900.0,0.0,45900.0,45900.0
2026-07-13,MINT,270514446.5,151193620.0,421708066.5,119320826.5
2026-07-13,MK,0.0,3050.0,3050.0,-3050.0
2026-07-13,ML,3567732.0,276243.0,3843975.0,3291489.0
2026-07-13,MMM,55068.0,0.0,55068.0,55068.0
2026-07-13,MMM-W1,3660.0,0.0,3660.0,3660.0
2026-07-13,MONO,770595.0,345898.0,1116493.0,424697.0
2026-07-13,MOONG,0.0,234.0,234.0,-234.0
2026-07-13,MORE,0.0,5.0,5.0,-5.0
2026-07-13,MOSHI,1011825.0,2701675.0,3713500.0,-1689850.0
2026-07-13,MRDIYT,21420770.0,16795690.0,38216460.0,4625080.0
2026-07-13,MSC,0.0,605.0,605.0,-605.0
2026-07-13,MST,9540.0,800.0,10340.0,8740.0
2026-07-13,MTC,151842975.0,47896125.0,199739100.0,103946850.0
2026-07-13,NAT,172.0,0.0,172.0,172.0
2026-07-13,NCAP,1802476.0,4973686.0,6776162.0,-3171210.0
2026-07-13,NDR,0.0,180.0,180.0,-180.0
2026-07-13,NEO,15692130.0,2989500.0,18681630.0,12702630.0
2026-07-13,NER,22635658.0,2897902.0,25533560.0,19737756.0
2026-07-13,NETBAY,252100.0,9441910.0,9694010.0,-9189810.0
2026-07-13,NEX,12282029.0,3632614.0,15914643.0,8649415.0
2026-07-13,NSL,2566030.0,930570.0,3496600.0,1635460.0
2026-07-13,NTF,0.0,1491000.0,1491000.0,-1491000.0
2026-07-13,NTSC,31115.0,32600.0,63715.0,-1485.0
2026-07-13,NTV,75600.0,107150.0,182750.0,-31550.0
2026-07-13,NUT,0.0,5478.0,5478.0,-5478.0
2026-07-13,NVD,0.0,255.0,255.0,-255.0
2026-07-13,NYT,6597196.0,508700.0,7105896.0,6088496.0
2026-07-13,OKJ,743252.0,221170.0,964422.0,522082.0
2026-07-13,ONEE,236036.0,602046.0,838082.0,-366010.0
2026-07-13,OR,75228960.0,26407220.0,101636180.0,48821740.0
2026-07-13,ORI,219158.0,387580.0,606738.0,-168422.0
2026-07-13,OSP,51704440.0,51968380.0,103672820.0,-263940.0
2026-07-13,PACO,0.0,3065.0,3065.0,-3065.0
2026-07-13,PAF,0.0,2488.0,2488.0,-2488.0
2026-07-13,PCC,300.0,2086.0,2386.0,-1786.0
2026-07-13,PCE,169318.0,177358.0,346676.0,-8040.0
2026-07-13,PCSGH,0.0,12160.0,12160.0,-12160.0
2026-07-13,PF,0.0,10.0,10.0,-10.0
2026-07-13,PHG,0.0,1020.0,1020.0,-1020.0
2026-07-13,PHOL,3100.0,0.0,3100.0,3100.0
2026-07-13,PIMO,0.0,6600.0,6600.0,-6600.0
2026-07-13,PIN,3435006.0,1335766.0,4770772.0,2099240.0
2026-07-13,PIS,0.0,26290.0,26290.0,-26290.0
2026-07-13,PK,960.0,672.0,1632.0,288.0
2026-07-13,PLANB,83602150.0,114188330.0,197790480.0,-30586180.0
2026-07-13,PLAT,1357612.0,4363367.0,5720979.0,-3005755.0
2026-07-13,PLE,1112.0,0.0,1112.0,1112.0
2026-07-13,PLUS,16826.0,103691.0,120517.0,-86865.0
2026-07-13,PM,138830.0,2240.0,141070.0,136590.0
2026-07-13,PMC,412750.0,90000.0,502750.0,322750.0
2026-07-13,PMTA,0.0,48340.0,48340.0,-48340.0
2026-07-13,POLY,6775.0,0.0,6775.0,6775.0
2026-07-13,PORT,63.0,0.0,63.0,63.0
2026-07-13,PPM,0.0,12960.0,12960.0,-12960.0
2026-07-13,PPPM,567.0,22.0,589.0,545.0
2026-07-13,PQS,691257.0,378.0,691635.0,690879.0
2026-07-13,PR9,3551880.0,9655880.0,13207760.0,-6104000.0
2026-07-13,PRG,1845.0,92.95,1937.95,1752.05
2026-07-13,PRINC,688.0,0.0,688.0,688.0
2026-07-13,PRM,6339385.0,1801085.0,8140470.0,4538300.0
2026-07-13,PROEN-W2,0.0,602.0,602.0,-602.0
2026-07-13,PROS,0.0,34.0,34.0,-34.0
2026-07-13,PRTR,28352.0,0.0,28352.0,28352.0
2026-07-13,PSGC,0.0,10400.0,10400.0,-10400.0
2026-07-13,PSH,272944.0,135958.0,408902.0,136986.0
2026-07-13,PSL,12863005.0,6989925.0,19852930.0,5873080.0
2026-07-13,PSP,5195495.0,2301095.0,7496590.0,2894400.0
2026-07-13,PSTC,0.0,1248.0,1248.0,-1248.0
2026-07-13,PT,255440.0,68400.0,323840.0,187040.0
2026-07-13,PTG,14498900.0,6318165.0,20817065.0,8180735.0
2026-07-13,PTL,92300.0,279180.0,371480.0,-186880.0
2026-07-13,PTT,2099036350.0,1617978675.0,3717015025.0,481057675.0
2026-07-13,PTTEP,707394141.5,1371988969.0,2079383110.5,-664594827.5
2026-07-13,PTTGC,312001550.0,297395175.0,609396725.0,14606375.0
2026-07-13,PYLON,5470736.0,204252.0,5674988.0,5266484.0
2026-07-13,QH,4182679.29,3508089.0,7690768.29,674590.29
2026-07-13,QTCG,9.0,0.0,9.0,9.0
2026-07-13,RABBIT,1002476.0,35876.0,1038352.0,966600.0
2026-07-13,RABBIT-P,75855.0,10523.0,86378.0,65332.0
2026-07-13,RAM,0.0,12580.0,12580.0,-12580.0
2026-07-13,RATCH,87627250.0,154171050.0,241798300.0,-66543800.0
2026-07-13,RBF,689645.0,1150370.0,1840015.0,-460725.0
2026-07-13,RCL,20495025.0,20896500.0,41391525.0,-401475.0
2026-07-13,RJH,0.0,1410.0,1410.0,-1410.0
2026-07-13,ROCTEC,307602.0,5829.0,313431.0,301773.0
2026-07-13,ROJNA,4484100.0,16466150.0,20950250.0,-11982050.0
2026-07-13,RP,24.44,0.0,24.44,24.44
2026-07-13,RPC,0.0,35.0,35.0,-35.0
2026-07-13,RS,0.0,76.0,76.0,-76.0
2026-07-13,RWI,0.0,351.0,351.0,-351.0
2026-07-13,S,0.0,4900000.0,4900000.0,-4900000.0
2026-07-13,SABINA,385390.0,257440.0,642830.0,127950.0
2026-07-13,SAFE,5700.0,0.0,5700.0,5700.0
2026-07-13,SAK,3715658.0,863922.0,4579580.0,2851736.0
2026-07-13,SALEE,4366.0,0.0,4366.0,4366.0
2026-07-13,SAMART,1893465.0,3478966.0,5372431.0,-1585501.0
2026-07-13,SAMCO,0.0,176.0,176.0,-176.0
2026-07-13,SAMTEL,3160.0,0.0,3160.0,3160.0
2026-07-13,SANKO,2320.0,16733.33,19053.33,-14413.330000000002
2026-07-13,SAPPE,4150300.0,3821075.0,7971375.0,329225.0
2026-07-13,SAT,7179150.0,1716620.0,8895770.0,5462530.0
2026-07-13,SAV,6340310.0,1296560.0,7636870.0,5043750.0
2026-07-13,SAWAD,225740275.0,85123310.0,310863585.0,140616965.0
2026-07-13,SC,4243077.0,1320890.0,5563967.0,2922187.0
2026-07-13,SCAP,2480916.0,6002093.0,8483009.0,-3521177.0
2026-07-13,SCB,1800297600.0,1587156450.0,3387454050.0,213141150.0
2026-07-13,SCC,1060483500.0,663576761.0,1724060261.0,396906739.0
2026-07-13,SCCC,3230150.0,861700.0,4091850.0,2368450.0
2026-07-13,SCG,591.6,0.0,591.6,591.6
2026-07-13,SCGD,0.0,1540.0,1540.0,-1540.0
2026-07-13,SCGP,59185075.0,69799215.5,128984290.5,-10614140.5
2026-07-13,SCL,0.0,3330.0,3330.0,-3330.0
2026-07-13,SCM,0.0,12.0,12.0,-12.0
2026-07-13,SCP,36000.0,0.0,36000.0,36000.0
2026-07-13,SE-ED,147.0,155.0,302.0,-8.0
2026-07-13,SEAFCO,342452.0,28520.0,370972.0,313932.0
2026-07-13,SEAOIL,11932.0,314.0,12246.0,11618.0
2026-07-13,SECURE,175360.0,110370.0,285730.0,64990.0
2026-07-13,SENA,0.0,175.0,175.0,-175.0
2026-07-13,SENX,42000.0,0.0,42000.0,42000.0
2026-07-13,SFLEX,558904.0,33606.0,592510.0,525298.0
2026-07-13,SGC,9264711.0,76026914.0,85291625.0,-66762203.0
2026-07-13,SGF,0.0,56.0,56.0,-56.0
2026-07-13,SGP,0.0,14495.0,14495.0,-14495.0
2026-07-13,SHR,123447.0,83463.0,206910.0,39984.0
2026-07-13,SICT,246818.0,24298.0,271116.0,222520.0
2026-07-13,SIMAT,420175.0,2852.0,423027.0,417323.0
2026-07-13,SINGER,18265620.0,67211120.0,85476740.0,-48945500.0
2026-07-13,SIRI,20118231.0,560367.0,20678598.0,19557864.0
2026-07-13,SIS,7692965.0,8518255.0,16211220.0,-825290.0
2026-07-13,SISB,3028220.0,5754440.0,8782660.0,-2726220.0
2026-07-13,SITHAI,0.0,412.0,412.0,-412.0
2026-07-13,SJWD,8220310.0,19225905.0,27446215.0,-11005595.0
2026-07-13,SKE,0.0,19.0,19.0,-19.0
2026-07-13,SKIN,80.1,0.0,80.1,80.1
2026-07-13,SKR,461400.0,77060.0,538460.0,384340.0
2026-07-13,SKY,6518280.0,9723760.0,16242040.0,-3205480.0
2026-07-13,SMD100,6989.0,0.0,6989.0,6989.0
2026-07-13,SMIT,1062.0,17700.0,18762.0,-16638.0
2026-07-13,SMO,82476.0,699432.0,781908.0,-616956.0
2026-07-13,SMPC,426000.0,93935.0,519935.0,332065.0
2026-07-13,SMT,3163442.0,5224782.0,8388224.0,-2061340.0
2026-07-13,SNC,9740.0,25565.0,35305.0,-15825.0
2026-07-13,SNNP,952465.0,310545.0,1263010.0,641920.0
2026-07-13,SO,9320.0,0.0,9320.0,9320.0
2026-07-13,SOLAR,660.0,0.0,660.0,660.0
2026-07-13,SPA,669654.0,409378.0,1079032.0,260276.0
2026-07-13,SPACK,8915.0,741.0,9656.0,8174.0
2026-07-13,SPALI,7526660.0,12750530.0,20277190.0,-5223870.0
2026-07-13,SPC,5550.0,0.0,5550.0,5550.0
2026-07-13,SPCG,6343495.0,1678830.0,8022325.0,4664665.0
2026-07-13,SPI,0.0,13000.0,13000.0,-13000.0
2026-07-13,SPRC,57723905.0,108051945.0,165775850.0,-50328040.0
2026-07-13,SPVI,368534.0,1113814.0,1482348.0,-745280.0
2026-07-13,SRICHA,9933360.0,15877630.0,25810990.0,-5944270.0
2026-07-13,SSP,1144320.0,116922.0,1261242.0,1027398.0
2026-07-13,STA,60251870.0,39913210.0,100165080.0,20338660.0
2026-07-13,STANLY,3937400.0,1149600.0,5087000.0,2787800.0
2026-07-13,STARM,0.0,1910.0,1910.0,-1910.0
2026-07-13,STECH,0.0,1245.0,1245.0,-1245.0
2026-07-13,STECON,19664330.0,150958750.0,170623080.0,-131294420.0
2026-07-13,STELLA,0.0,28.0,28.0,-28.0
2026-07-13,STGT,4457640.0,2624380.0,7082020.0,1833260.0
2026-07-13,STPI,2225070.0,5731270.2,7956340.2,-3506200.2
2026-07-13,STX,1512.0,0.0,1512.0,1512.0
2026-07-13,SUC,160775.0,0.0,160775.0,160775.0
2026-07-13,SUN,0.0,1904.0,1904.0,-1904.0
2026-07-13,SUPER,6485726.0,1336760.0,7822486.0,5148966.0
2026-07-13,SUSCO,246578.0,258154.0,504732.0,-11576.0
2026-07-13,SVOA,4470513.0,876530.0,5347043.0,3593983.0
2026-07-13,SYNEX,15841340.0,13262555.0,29103895.0,2578785.0
2026-07-13,SYNTEC,0.0,91290.0,91290.0,-91290.0
2026-07-13,TACC,3366305.0,2212340.0,5578645.0,1153965.0
2026-07-13,TAE,3340779.0,3172279.0,6513058.0,168500.0
2026-07-13,TAKUNI,320.0,0.0,320.0,320.0
2026-07-13,TASCO,21409960.0,8086810.0,29496770.0,13323150.0
2026-07-13,TATG,69993.0,210.0,70203.0,69783.0
2026-07-13,TC,670.0,53600.0,54270.0,-52930.0
2026-07-13,TCAP,118775550.0,82110900.0,200886450.0,36664650.0
2026-07-13,TEAM,1547846.0,1172278.0,2720124.0,375568.0
2026-07-13,TEAMG,2780614.0,1935876.0,4716490.0,844738.0
2026-07-13,TEGH,240736.0,0.0,240736.0,240736.0
2026-07-13,TFG,67298890.0,48773387.9,116072277.9,18525502.1
2026-07-13,TFM,295150.0,880695.0,1175845.0,-585545.0
2026-07-13,TFMAMA,56300.0,112050.0,168350.0,-55750.0
2026-07-13,TGE,0.0,309.0,309.0,-309.0
2026-07-13,TH,0.0,1440.0,1440.0,-1440.0
2026-07-13,THAI,102301330.5,59556615.0,161857945.5,42744715.5
2026-07-13,THANI,39727014.0,567494.0,40294508.0,39159520.0
2026-07-13,THCOM,105280.0,1013620.0,1118900.0,-908340.0
2026-07-13,THG,505405.0,514300.0,1019705.0,-8895.0
2026-07-13,THRE,78000.0,4056.0,82056.0,73944.0
2026-07-13,THREL,0.0,1313.0,1313.0,-1313.0
2026-07-13,TIDLOR,168932540.0,62698250.0,231630790.0,106234290.0
2026-07-13,TIPH,579100.0,5592030.0,6171130.0,-5012930.0
2026-07-13,TISCO,275983250.0,154604500.0,430587750.0,121378750.0
2026-07-13,TITLE,4619120.0,976880.0,5596000.0,3642240.0
2026-07-13,TKC,0.0,7615.0,7615.0,-7615.0
2026-07-13,TKN,3050648.0,56958.0,3107606.0,2993690.0
2026-07-13,TKS,125905.0,3625.0,129530.0,122280.0
2026-07-13,TLI,32652030.0,23016840.0,55668870.0,9635190.0
2026-07-13,TMAN,196200.0,0.0,196200.0,196200.0
2026-07-13,TMW,1234750.0,1295675.0,2530425.0,-60925.0
2026-07-13,TNDT,0.0,14.0,14.0,-14.0
2026-07-13,TNDT-W2,0.0,100.0,100.0,-100.0
2026-07-13,TNR,306830.0,0.0,306830.0,306830.0
2026-07-13,TOA,18555860.0,12220030.0,30775890.0,6335830.0
2026-07-13,TOP,323291550.0,320470750.0,643762300.0,2820800.0
2026-07-13,TPCS,79785.0,0.0,79785.0,79785.0
2026-07-13,TPIPL,1337954.0,676615.0,2014569.0,661339.0
2026-07-13,TPIPP,2853171.0,1051094.0,3904265.0,1802077.0
2026-07-13,TPP,12600.0,0.0,12600.0,12600.0
2026-07-13,TQM,121880.0,1326850.0,1448730.0,-1204970.0
2026-07-13,TRC,56.0,0.0,56.0,56.0
2026-07-13,TRT,6709530.0,14582970.0,21292500.0,-7873440.0
2026-07-13,TRU,0.0,760.0,760.0,-760.0
2026-07-13,TRUBB,467465.0,191366.0,658831.0,276099.0
2026-07-13,TRUE,604580943.6,780678790.0,1385259733.6,-176097846.39999998
2026-07-13,TSE,324958.0,304390.0,629348.0,20568.0
2026-07-13,TSI,0.0,25000.0,25000.0,-25000.0
2026-07-13,TSTH,707505.0,297870.4,1005375.4,409634.6
2026-07-13,TTA,4998400.0,2794712.0,7793112.0,2203688.0
2026-07-13,TTB,281350412.0,293041614.0,574392026.0,-11691202.0
2026-07-13,TTW,21274570.0,10103530.0,31378100.0,11171040.0
2026-07-13,TU,86090930.0,69996980.0,156087910.0,16093950.0
2026-07-13,TURBO,20678549.0,3297057.0,23975606.0,17381492.0
2026-07-13,TVO,7852550.0,557791.0,8410341.0,7294759.0
2026-07-13,UBE,153726.0,194632.0,348358.0,-40906.0
2026-07-13,UBIS,0.0,1114.0,1114.0,-1114.0
2026-07-13,UEC,7600.0,0.0,7600.0,7600.0
2026-07-13,UKEM,34462.0,2440850.0,2475312.0,-2406388.0
2026-07-13,UMI,0.0,1564.0,1564.0,-1564.0
2026-07-13,UMS,1498132.0,1268670.0,2766802.0,229462.0
2026-07-13,UNIQ,1060.0,14574.0,15634.0,-13514.0
2026-07-13,UNIX,171186.0,123133.0,294319.0,48053.0
2026-07-13,UPOIC,3450.0,0.0,3450.0,3450.0
2026-07-13,UREKA,90945.0,748125.0,839070.0,-657180.0
2026-07-13,UTP,101250.0,442835.0,544085.0,-341585.0
2026-07-13,UV,0.0,133065.0,133065.0,-133065.0
2026-07-13,UVAN,828000.0,570370.0,1398370.0,257630.0
2026-07-13,VCOM,7864.0,0.0,7864.0,7864.0
2026-07-13,VGI,53339871.0,88317246.0,141657117.0,-34977375.0
2026-07-13,VIBHA,137.36,14659.37,14796.73,-14522.01
2026-07-13,VIBHA-W5,0.0,75.0,75.0,-75.0
2026-07-13,VIH,17025.0,0.0,17025.0,17025.0
2026-07-13,WARRIX,0.0,1876.0,1876.0,-1876.0
2026-07-13,WASH,112604.0,0.0,112604.0,112604.0
2026-07-13,WAVE,0.0,8028.0,8028.0,-8028.0
2026-07-13,WHA,100115362.0,193462810.0,293578172.0,-93347448.0
2026-07-13,WHAUP,38726370.0,28041015.0,66767385.0,10685355.0
2026-07-13,WICE,623176.0,406100.0,1029276.0,217076.0
2026-07-13,WIIK,63953.0,63846.0,127799.0,107.0
2026-07-13,WINNER,0.0,28776.0,28776.0,-28776.0
2026-07-13,WORK,0.0,9460.0,9460.0,-9460.0
2026-07-13,WP,370.0,0.0,370.0,370.0
2026-07-13,WPH,666105.0,2040460.0,2706565.0,-1374355.0
2026-07-13,XBIO,0.0,331424.0,331424.0,-331424.0
2026-07-13,XO,2715520.0,2536350.0,5251870.0,179170.0
2026-07-13,XPG,7680.0,120160.0,127840.0,-112480.0
2026-07-13,YGG,0.0,973.0,973.0,-973.0
2026-07-13,YUASA,14500.0,11640.0,26140.0,2860.0
2026-07-13,ZIGA,979.0,0.0,979.0,979.0
2026-07-13,ZIGA-W2,0.0,42.0,42.0,-42.0
2026-07-10,88TH,31720.0,6418.0,38138.0,25302.0
2026-07-10,AAI,817256.0,503746.0,1321002.0,313510.0
2026-07-10,AAV,5897467.0,3912081.0,9809548.0,1985386.0
2026-07-10,ACE,42937.0,56901.0,99838.0,-13964.0
2026-07-10,ADD,0.0,3668.0,3668.0,-3668.0
2026-07-10,ADVANC,815713340.0,975306580.0,1791019920.0,-159593240.0
2026-07-10,ADVICE,2080565.0,1803950.0,3884515.0,276615.0
2026-07-10,AEONTS,95900900.0,9717590.0,105618490.0,86183310.0
2026-07-10,AGE,4797.0,5412.0,10209.0,-615.0
2026-07-10,AH,5048620.0,19060930.0,24109550.0,-14012310.0
2026-07-10,AI,3190.0,23.22,3213.22,3166.78
2026-07-10,AIE,45387.0,0.0,45387.0,45387.0
2026-07-10,AIT,729914.0,98328.0,828242.0,631586.0
2026-07-10,AJ,533084.0,607070.0,1140154.0,-73986.0
2026-07-10,AJA,52.0,168.0,220.0,-116.0
2026-07-10,AKP,0.0,279.0,279.0,-279.0
2026-07-10,AKR,0.0,546.0,546.0,-546.0
2026-07-10,ALPHAX,100.0,0.0,100.0,100.0
2026-07-10,ALT,1187044.0,2382812.0,3569856.0,-1195768.0
2026-07-10,AMANAH,1368.0,0.0,1368.0,1368.0
2026-07-10,AMARC,2801120.0,272064.0,3073184.0,2529056.0
2026-07-10,AMARIN,0.0,428.0,428.0,-428.0
2026-07-10,AMATA,222546975.0,88366075.5,310913050.5,134180899.5
2026-07-10,AMATAV,31538.0,0.0,31538.0,31538.0
2026-07-10,AOT,551994675.0,464935500.0,1016930175.0,87059175.0
2026-07-10,AP,10849390.0,3965420.0,14814810.0,6883970.0
2026-07-10,APO,48280.0,26520.0,74800.0,21760.0
2026-07-10,APP,0.0,518.0,518.0,-518.0
2026-07-10,AQUA,0.0,2381.0,2381.0,-2381.0
2026-07-10,ARIN,0.0,147.0,147.0,-147.0
2026-07-10,ARROW,5265.0,5085.0,10350.0,180.0
2026-07-10,ASAP,0.0,606.0,606.0,-606.0
2026-07-10,ASEFA,1106055.0,42085.0,1148140.0,1063970.0
2026-07-10,ASIAN,464215.0,267835.0,732050.0,196380.0
2026-07-10,ASK,10165810.0,543060.0,10708870.0,9622750.0
2026-07-10,ASP,477358.0,79144.0,556502.0,398214.0
2026-07-10,ASTR,3898.0,1972.0,5870.0,1926.0
2026-07-10,ATLAS,498396.0,8967.0,507363.0,489429.0
2026-07-10,ATP30,41000.0,0.0,41000.0,41000.0
2026-07-10,AU,98840.0,99214.0,198054.0,-374.0
2026-07-10,AUCT,199686.0,1249938.0,1449624.0,-1050252.0
2026-07-10,AURA,13382650.0,2561990.0,15944640.0,10820660.0
2026-07-10,AWC,34954892.0,32378262.0,67333154.0,2576630.0
2026-07-10,AYUD,422675.0,47515.0,470190.0,375160.0
2026-07-10,BA,109427720.0,31599280.0,141027000.0,77828440.0
2026-07-10,BAFS,1052860.0,315390.0,1368250.0,737470.0
2026-07-10,BAM,29881190.0,10331115.0,40212305.0,19550075.0
2026-07-10,BANPU,55541776.2,19875440.0,75417216.2,35666336.2
2026-07-10,BAY,42493025.0,58296900.0,100789925.0,-15803875.0
2026-07-10,BBGI,3499664.0,0.0,3499664.0,3499664.0
2026-07-10,BBIK,7779880.0,10887070.0,18666950.0,-3107190.0
2026-07-10,BBL,1184651042.5,1860251800.0,3044902842.5,-675600757.5
2026-07-10,BC,33.0,62.0,95.0,-29.0
2026-07-10,BCH,43150190.0,17720765.0,60870955.0,25429425.0
2026-07-10,BCP,205592800.0,71426600.0,277019400.0,134166200.0
2026-07-10,BCPG,20997420.0,5825335.0,26822755.0,15172085.0
2026-07-10,BDMS,277757680.0,239858750.0,517616430.0,37898930.0
2026-07-10,BE8,943855.0,442680.0,1386535.0,501175.0
2026-07-10,BEM,28577934.25,28653393.5,57231327.75,-75459.25
2026-07-10,BGC,0.0,14595.0,14595.0,-14595.0
2026-07-10,BGRIM,243436260.0,175289230.0,418725490.0,68147030.0
2026-07-10,BH,83746451.0,89234700.0,172981151.0,-5488249.0
2026-07-10,BIG,0.0,360.0,360.0,-360.0
2026-07-10,BIOTEC,0.0,672.0,672.0,-672.0
2026-07-10,BIZ,14400.0,4185.0,18585.0,10215.0
2026-07-10,BJC,24959810.0,7269943.0,32229753.0,17689867.0
2026-07-10,BKD,0.0,22400.0,22400.0,-22400.0
2026-07-10,BKGI,28744.0,12928.0,41672.0,15816.0
2026-07-10,BKIH,37429.0,298000.0,335429.0,-260571.0
2026-07-10,BLA,11765325.0,7680475.0,19445800.0,4084850.0
2026-07-10,BLAND,0.0,5625.0,5625.0,-5625.0
2026-07-10,BLC,143290.0,26532.0,169822.0,116758.0
2026-07-10,BM,8614.0,73961.0,82575.0,-65347.0
2026-07-10,BOL,0.0,25755.0,25755.0,-25755.0
2026-07-10,BPP,0.0,371557.2,371557.2,-371557.2
2026-07-10,BR,0.0,3121.0,3121.0,-3121.0
2026-07-10,BRI,1560.0,0.0,1560.0,1560.0
2026-07-10,BSM,0.0,1158.0,1158.0,-1158.0
2026-07-10,BTC,6525.0,0.0,6525.0,6525.0
2026-07-10,BTG,17533110.0,30056590.0,47589700.0,-12523480.0
2026-07-10,BTS,66326228.0,15070362.72,81396590.72,51255865.28
2026-07-10,BTW,0.0,8.0,8.0,-8.0
2026-07-10,BWG,0.0,50.0,50.0,-50.0
2026-07-10,BWG-W8,0.0,0.51,0.51,-0.51
2026-07-10,BYD,47.0,13819.0,13866.0,-13772.0
2026-07-10,CAZ,308612.0,13068.0,321680.0,295544.0
2026-07-10,CBG,61973425.0,79064075.0,141037500.0,-17090650.0
2026-07-10,CCET,203434400.0,247815475.2,451249875.2,-44381075.19999999
2026-07-10,CCP,0.0,156.0,156.0,-156.0
2026-07-10,CENTEL,18597625.0,40247575.0,58845200.0,-21649950.0
2026-07-10,CFARM,0.0,52629.0,52629.0,-52629.0
2026-07-10,CFRESH,0.0,428.0,428.0,-428.0
2026-07-10,CGH,0.0,13506.0,13506.0,-13506.0
2026-07-10,CHASE,676.0,0.0,676.0,676.0
2026-07-10,CHAYO,5142798.0,386542.0,5529340.0,4756256.0
2026-07-10,CHG,13695952.0,3903507.0,17599459.0,9792445.0
2026-07-10,CHOW,42600.0,42900.0,85500.0,-300.0
2026-07-10,CIVIL,80206.0,78724.0,158930.0,1482.0
2026-07-10,CK,91589570.0,12329440.0,103919010.0,79260130.0
2026-07-10,CKP,11664490.0,1914484.0,13578974.0,9750006.0
2026-07-10,CMAN,0.0,140564.0,140564.0,-140564.0
2026-07-10,CNT,283009.0,160813.0,443822.0,122196.0
2026-07-10,COCOCO,2096170.0,260980.0,2357150.0,1835190.0
2026-07-10,COM7,190227350.0,251554125.0,441781475.0,-61326775.0
2026-07-10,COMAN,100.0,49.0,149.0,51.0
2026-07-10,CPALL,420038925.0,493701974.5,913740899.5,-73663049.5
2026-07-10,CPANEL,118.0,0.0,118.0,118.0
2026-07-10,CPAXT,4739190.0,17384100.0,22123290.0,-12644910.0
2026-07-10,CPF,194365760.0,282293370.0,476659130.0,-87927610.0
2026-07-10,CPI,35000.0,0.0,35000.0,35000.0
2026-07-10,CPL,14710.0,0.0,14710.0,14710.0
2026-07-10,CPN,181434253.5,75681800.0,257116053.5,105752453.5
2026-07-10,CPW,0.0,3116.0,3116.0,-3116.0
2026-07-10,CRANE,0.0,37.0,37.0,-37.0
2026-07-10,CRC,103996540.0,93478766.6,197475306.6,10517773.400000006
2026-07-10,CREDIT,9708030.0,7352160.0,17060190.0,2355870.0
2026-07-10,CSS,37782.0,35971.0,73753.0,1811.0
2026-07-10,CTW,88055.0,2660.0,90715.0,85395.0
2026-07-10,CWT,12350.0,9087.0,21437.0,3263.0
2026-07-10,DCC,249571.0,186493.27,436064.27,63077.73000000001
2026-07-10,DCON,0.0,90.0,90.0,-90.0
2026-07-10,DELTA,599807036.0,973816609.0,1573623645.0,-374009573.0
2026-07-10,DEMCO,21290.0,472714.0,494004.0,-451424.0
2026-07-10,DITTO,46957330.0,17455380.0,64412710.0,29501950.0
2026-07-10,DMT,13200.0,1634880.0,1648080.0,-1621680.0
2026-07-10,DOHOME,38423822.0,12286368.0,50710190.0,26137454.0
2026-07-10,DPAINT,0.0,16800.0,16800.0,-16800.0
2026-07-10,DUSIT,60120.0,0.0,60120.0,60120.0
2026-07-10,EA,96870151.6,39039698.0,135909849.6,57830453.6
2026-07-10,EA-W1,0.0,33000.0,33000.0,-33000.0
2026-07-10,EASON,0.0,117.0,117.0,-117.0
2026-07-10,EASTW,2044034.0,4087144.0,6131178.0,-2043110.0
2026-07-10,EFORL,0.0,48000.0,48000.0,-48000.0
2026-07-10,EGCO,204192100.0,114629062.5,318821162.5,89563037.5
2026-07-10,EKH,150000.0,2500.0,152500.0,147500.0
2026-07-10,EMPIRE,78414.0,77226.0,155640.0,1188.0
2026-07-10,EP,29550.0,236.0,29786.0,29314.0
2026-07-10,EPG,44098529.1,20802620.0,64901149.1,23295909.1
2026-07-10,ERW,10234712.0,5333646.0,15568358.0,4901066.0
2026-07-10,ESTAR,440.0,9420.0,9860.0,-8980.0
2026-07-10,ETC,89355.0,98324.0,187679.0,-8969.0
2026-07-10,EVER,0.0,14.0,14.0,-14.0
2026-07-10,F&D,3192000.0,0.0,3192000.0,3192000.0
2026-07-10,FM,2654656.0,29416.0,2684072.0,2625240.0
2026-07-10,FMT,1970.0,0.0,1970.0,1970.0
2026-07-10,FNS,10400.0,0.0,10400.0,10400.0
2026-07-10,FORTH,55583840.0,38978180.0,94562020.0,16605660.0
2026-07-10,FPT,1990.0,2665.0,4655.0,-675.0
2026-07-10,FSMART,5222425.0,1952485.0,7174910.0,3269940.0
2026-07-10,FSX,1938.0,1170.0,3108.0,768.0
2026-07-10,FTE,0.0,536.0,536.0,-536.0
2026-07-10,GABLE,146308.0,9696.0,156004.0,136612.0
2026-07-10,GFC,50800.0,0.0,50800.0,50800.0
2026-07-10,GFPT,1331490.0,5065060.0,6396550.0,-3733570.0
2026-07-10,GJS,0.0,53339.0,53339.0,-53339.0
2026-07-10,GLOBAL,44134620.0,25897736.6,70032356.6,18236883.4
2026-07-10,GLORY,0.0,535.0,535.0,-535.0
2026-07-10,GPI,4576.0,0.0,4576.0,4576.0
2026-07-10,GPSC,187587800.0,179511075.0,367098875.0,8076725.0
2026-07-10,GRAND,8002.0,0.0,8002.0,8002.0
2026-07-10,GREEN,0.0,284.0,284.0,-284.0
2026-07-10,GTV,0.0,2000.0,2000.0,-2000.0
2026-07-10,GULF,633573768.5,646860525.0,1280434293.5,-13286756.5
2026-07-10,GUNKUL,93357798.0,105604984.0,198962782.0,-12247186.0
2026-07-10,HANA,177573350.0,121077975.0,298651325.0,56495375.0
2026-07-10,HARN,333926.0,0.0,333926.0,333926.0
2026-07-10,HENG,54208.0,0.0,54208.0,54208.0
2026-07-10,HFT,0.0,396.0,396.0,-396.0
2026-07-10,HMPRO,65491360.0,30423385.0,95914745.0,35067975.0
2026-07-10,HTC,1205650.0,196250.0,1401900.0,1009400.0
2026-07-10,HTECH,1163402.0,352096.0,1515498.0,811306.0
2026-07-10,HUMAN,3279218.0,169208.0,3448426.0,3110010.0
2026-07-10,ICHI,54514180.0,16022380.0,70536560.0,38491800.0
2026-07-10,ICN,0.0,648.0,648.0,-648.0
2026-07-10,IFS,0.0,40312.0,40312.0,-40312.0
2026-07-10,IHL,0.0,41700.0,41700.0,-41700.0
2026-07-10,IIG,27300.0,0.0,27300.0,27300.0
2026-07-10,ILINK,737210.0,693830.0,1431040.0,43380.0
2026-07-10,ILM,440110.0,80810.0,520920.0,359300.0
2026-07-10,IMH,17122.0,0.0,17122.0,17122.0
2026-07-10,INET,448500.0,97476.0,545976.0,351024.0
2026-07-10,INGRS,20000.0,11.0,20011.0,19989.0
2026-07-10,INSET,50735526.0,12997794.0,63733320.0,37737732.0
2026-07-10,IRCP,0.0,27.0,27.0,-27.0
2026-07-10,IROYAL,41816.0,0.0,41816.0,41816.0
2026-07-10,IRPC,58659825.0,23095332.0,81755157.0,35564493.0
2026-07-10,IT,0.0,89760.0,89760.0,-89760.0
2026-07-10,ITC,94988020.0,114986480.0,209974500.0,-19998460.0
2026-07-10,ITD,150150.0,4830.0,154980.0,145320.0
2026-07-10,ITEL,10019729.0,4483128.0,14502857.0,5536601.0
2026-07-10,ITEL-W6,0.0,131450.0,131450.0,-131450.0
2026-07-10,ITNS,0.0,27058.0,27058.0,-27058.0
2026-07-10,ITTHI,4556.0,11039.0,15595.0,-6483.0
2026-07-10,IVF-W1,0.0,2121.0,2121.0,-2121.0
2026-07-10,IVL,114588126.8,135632690.0,250220816.8,-21044563.200000003
2026-07-10,JAS,2897656.0,335075.0,3232731.0,2562581.0
2026-07-10,JAS-W4,0.0,459.0,459.0,-459.0
2026-07-10,JCK,13.0,12.0,25.0,1.0
2026-07-10,JMART,258179530.0,75938792.0,334118322.0,182240738.0
2026-07-10,JMT,135455370.0,62045300.0,197500670.0,73410070.0
2026-07-10,JPARK,382006.0,1328.0,383334.0,380678.0
2026-07-10,JR,0.0,174.0,174.0,-174.0
2026-07-10,JTS,3187825.0,3242950.0,6430775.0,-55125.0
2026-07-10,JUBILE,705.0,2618746.8,2619451.8,-2618041.8
2026-07-10,KAMART,1111390.0,4670.0,1116060.0,1106720.0
2026-07-10,KBANK,1028378370.0,1007301700.0,2035680070.0,21076670.0
2026-07-10,KBS,0.0,50575.0,50575.0,-50575.0
2026-07-10,KC,0.0,30.0,30.0,-30.0
2026-07-10,KCC,40806.0,2736.0,43542.0,38070.0
2026-07-10,KCE,366969925.0,141755817.25,508725742.25,225214107.75
2026-07-10,KCG,326920.0,1128210.0,1455130.0,-801290.0
2026-07-10,KGEN,6869938.0,8509862.0,15379800.0,-1639924.0
2026-07-10,KGI,3773874.0,152944.0,3926818.0,3620930.0
2026-07-10,KIAT,0.0,165.0,165.0,-165.0
2026-07-10,KISS,120786.0,368526.0,489312.0,-247740.0
2026-07-10,KKP,435899085.0,345487650.0,781386735.0,90411435.0
2026-07-10,KLINIQ,5727950.0,147025.0,5874975.0,5580925.0
2026-07-10,KSL,466719.0,0.0,466719.0,466719.0
2026-07-10,KTB,964981293.75,1283992525.0,2248973818.75,-319011231.25
2026-07-10,KTC,238100850.0,297058825.0,535159675.0,-58957975.0
2026-07-10,KTMS,14607.0,0.0,14607.0,14607.0
2026-07-10,KUMWEL,1597116.0,119878.0,1716994.0,1477238.0
2026-07-10,KWM,0.0,850.0,850.0,-850.0
2026-07-10,LANNA,247980.0,0.0,247980.0,247980.0
2026-07-10,LEO,0.0,191.0,191.0,-191.0
2026-07-10,LH,55232254.0,25440474.0,80672728.0,29791780.0
2026-07-10,LHFG,1279935.0,649736.0,1929671.0,630199.0
2026-07-10,LOXLEY,92300.0,3408.0,95708.0,88892.0
2026-07-10,LPN,24058.0,97088.0,121146.0,-73030.0
2026-07-10,LST,1910.0,0.0,1910.0,1910.0
2026-07-10,LTS,11506.0,9040.0,20546.0,2466.0
2026-07-10,M,17765530.0,4954270.0,22719800.0,12811260.0
2026-07-10,MAGURO,1492190.0,462680.0,1954870.0,1029510.0
2026-07-10,MAJOR,752320.0,388160.0,1140480.0,364160.0
2026-07-10,MALEE,461702.0,8120.0,469822.0,453582.0
2026-07-10,MASTEC,247054.0,361060.0,608114.0,-114006.0
2026-07-10,MASTER,3274100.0,298363.75,3572463.75,2975736.25
2026-07-10,MBAX,0.0,1980.0,1980.0,-1980.0
2026-07-10,MBK,21814780.0,10863860.0,32678640.0,10950920.0
2026-07-10,MC,665710.0,94010.0,759720.0,571700.0
2026-07-10,MCOT,9225.0,16085.0,25310.0,-6860.0
2026-07-10,MCS,0.0,2906070.0,2906070.0,-2906070.0
2026-07-10,MDX,0.0,1380636.0,1380636.0,-1380636.0
2026-07-10,MEB,2755790.0,4219130.0,6974920.0,-1463340.0
2026-07-10,MEDEZE,85405.0,21945.0,107350.0,63460.0
2026-07-10,MEGA,9515450.0,4412375.0,13927825.0,5103075.0
2026-07-10,METCO,236000.0,0.0,236000.0,236000.0
2026-07-10,MFC,35640.0,0.0,35640.0,35640.0
2026-07-10,MFEC,0.0,69915.0,69915.0,-69915.0
2026-07-10,MGC,9643260.0,884315.0,10527575.0,8758945.0
2026-07-10,MGI,1587180.0,344680.0,1931860.0,1242500.0
2026-07-10,MICRO,55496.0,4320.0,59816.0,51176.0
2026-07-10,MIDA,0.0,4550.0,4550.0,-4550.0
2026-07-10,MINT,174124669.7,199020848.8,373145518.5,-24896179.100000024
2026-07-10,ML,423497.0,95211.0,518708.0,328286.0
2026-07-10,MMM,41802.0,0.0,41802.0,41802.0
2026-07-10,MMM-W1,0.0,3720.0,3720.0,-3720.0
2026-07-10,MODERN,1000.0,0.0,1000.0,1000.0
2026-07-10,MONO,350147.0,108632.0,458779.0,241515.0
2026-07-10,MOONG,0.0,230.0,230.0,-230.0
2026-07-10,MORE,0.0,15505.0,15505.0,-15505.0
2026-07-10,MOSHI,2992200.0,3288225.0,6280425.0,-296025.0
2026-07-10,MRDIYT,13383670.0,9250740.0,22634410.0,4132930.0
2026-07-10,MSC,0.0,1845.0,1845.0,-1845.0
2026-07-10,MST,1570.0,43175.0,44745.0,-41605.0
2026-07-10,MTC,108777330.0,80990025.0,189767355.0,27787305.0
2026-07-10,MTI,15360.0,3820.0,19180.0,11540.0
2026-07-10,NATION,4.0,0.0,4.0,4.0
2026-07-10,NCAP,5267892.0,3910882.0,9178774.0,1357010.0
2026-07-10,NDR,0.0,1800.0,1800.0,-1800.0
2026-07-10,NEO,445880.0,3023010.0,3468890.0,-2577130.0
2026-07-10,NER,6310976.0,454752.0,6765728.0,5856224.0
2026-07-10,NETBAY,11568080.0,4175730.0,15743810.0,7392350.0
2026-07-10,NEX,4041894.0,1115314.0,5157208.0,2926580.0
2026-07-10,NSL,1513080.0,0.0,1513080.0,1513080.0
2026-07-10,NTF,132300.0,169050.0,301350.0,-36750.0
2026-07-10,NVD,0.0,340.0,340.0,-340.0
2026-07-10,NYT,3211840.0,309540.0,3521380.0,2902300.0
2026-07-10,OHTL,104800.0,0.0,104800.0,104800.0
2026-07-10,OKJ,1373434.0,387396.0,1760830.0,986038.0
2026-07-10,ONEE,265916.0,427870.0,693786.0,-161954.0
2026-07-10,OR,73770830.0,45378431.0,119149261.0,28392399.0
2026-07-10,ORI,1176057.0,327798.0,1503855.0,848259.0
2026-07-10,ORN,0.0,5214.0,5214.0,-5214.0
2026-07-10,OSP,68027010.0,52417000.0,120444010.0,15610010.0
2026-07-10,PACO,550.0,0.0,550.0,550.0
2026-07-10,PAF,0.0,1581.0,1581.0,-1581.0
2026-07-10,PB,47.25,48.0,95.25,-0.75
2026-07-10,PCC,248452.0,32116.0,280568.0,216336.0
2026-07-10,PCE,572808.0,749642.0,1322450.0,-176834.0
2026-07-10,PEER,0.0,45.0,45.0,-45.0
2026-07-10,PF,0.0,105346.0,105346.0,-105346.0
2026-07-10,PHOL,0.0,6200.0,6200.0,-6200.0
2026-07-10,PIN,2060222.0,67988.0,2128210.0,1992234.0
2026-07-10,PIS,65700.0,46926.0,112626.0,18774.0
2026-07-10,PK,0.0,1692.0,1692.0,-1692.0
2026-07-10,PLANB,200305855.0,53450150.0,253756005.0,146855705.0
2026-07-10,PLAT,3357752.0,2176653.0,5534405.0,1181099.0
2026-07-10,PLUS,59058.0,7390.0,66448.0,51668.0
2026-07-10,PM,61050.0,5580.0,66630.0,55470.0
2026-07-10,PMC,122070.0,190260.0,312330.0,-68190.0
2026-07-10,PMTA,9600.0,94080.0,103680.0,-84480.0
2026-07-10,PPPM,0.0,322.0,322.0,-322.0
2026-07-10,PPS,6035.0,0.0,6035.0,6035.0
2026-07-10,PQS,111620.0,0.0,111620.0,111620.0
2026-07-10,PR9,492660.0,13059980.0,13552640.0,-12567320.0
2026-07-10,PREB,0.0,344.0,344.0,-344.0
2026-07-10,PRIME,0.0,5.0,5.0,-5.0
2026-07-10,PRINC,344.0,0.0,344.0,344.0
2026-07-10,PRM,8694150.0,1638835.0,10332985.0,7055315.0
2026-07-10,PRTR,28512.0,0.0,28512.0,28512.0
2026-07-10,PSH,424908.0,81892.0,506800.0,343016.0
2026-07-10,PSL,10112740.0,8657225.0,18769965.0,1455515.0
2026-07-10,PSP,4556685.0,6727415.0,11284100.0,-2170730.0
2026-07-10,PSTC,0.0,1020.0,1020.0,-1020.0
2026-07-10,PT,385480.0,16910.0,402390.0,368570.0
2026-07-10,PTG,11748510.0,15606395.0,27354905.0,-3857885.0
2026-07-10,PTL,0.0,150470.0,150470.0,-150470.0
2026-07-10,PTT,2199020650.0,858123125.0,3057143775.0,1340897525.0
2026-07-10,PTTEP,1251724278.0,1133152676.0,2384876954.0,118571602.0
2026-07-10,PTTGC,159936140.25,123826700.0,283762840.25,36109440.25
2026-07-10,PYLON,562606.0,17542.0,580148.0,545064.0
2026-07-10,QH,4022585.0,1049462.0,5072047.0,2973123.0
2026-07-10,QLT,0.0,192.0,192.0,-192.0
2026-07-10,QTC,0.0,1796.0,1796.0,-1796.0
2026-07-10,RABBIT,15144.0,119131.0,134275.0,-103987.0
2026-07-10,RABBIT-P,0.0,36.0,36.0,-36.0
2026-07-10,RATCH,270233262.5,204172925.0,474406187.5,66060337.5
2026-07-10,RBF,1829800.0,1915455.0,3745255.0,-85655.0
2026-07-10,RCL,41514800.0,37299975.0,78814775.0,4214825.0
2026-07-10,RJH,155880.0,41470.0,197350.0,114410.0
2026-07-10,ROCTEC,5194.8,44833.0,50027.8,-39638.2
2026-07-10,ROJNA,31329765.0,2440645.0,33770410.0,28889120.0
2026-07-10,RPC,0.0,252.0,252.0,-252.0
2026-07-10,RS,0.0,585.0,585.0,-585.0
2026-07-10,RT,0.0,29.0,29.0,-29.0
2026-07-10,RWI,0.0,1751.0,1751.0,-1751.0
2026-07-10,S,8428.0,441.0,8869.0,7987.0
2026-07-10,S&J,0.0,100.25,100.25,-100.25
2026-07-10,S11,432.0,0.0,432.0,432.0
2026-07-10,SABINA,106940.0,871280.0,978220.0,-764340.0
2026-07-10,SAK,3086816.0,450312.0,3537128.0,2636504.0
2026-07-10,SALEE,0.0,375039.0,375039.0,-375039.0
2026-07-10,SAMART,4150770.0,839445.0,4990215.0,3311325.0
2026-07-10,SAMTEL,3124.0,0.0,3124.0,3124.0
2026-07-10,SANKO,15816.0,0.0,15816.0,15816.0
2026-07-10,SAPPE,21060900.0,666325.0,21727225.0,20394575.0
2026-07-10,SAT,3506070.0,1158595.9,4664665.9,2347474.1
2026-07-10,SAV,1137730.0,696040.0,1833770.0,441690.0
2026-07-10,SAWAD,213398300.0,103977830.0,317376130.0,109420470.0
2026-07-10,SC,3905020.0,943467.0,4848487.0,2961553.0
2026-07-10,SCAP,6108858.0,2502610.0,8611468.0,3606248.0
2026-07-10,SCB,1852419380.0,1228219450.0,3080638830.0,624199930.0
2026-07-10,SCC,801836700.0,330578672.0,1132415372.0,471258028.0
2026-07-10,SCCC,1777800.0,1140000.0,2917800.0,637800.0
2026-07-10,SCG,1400.0,55600.0,57000.0,-54200.0
2026-07-10,SCGD,0.0,771630.0,771630.0,-771630.0
2026-07-10,SCGP,74205100.0,52630950.0,126836050.0,21574150.0
2026-07-10,SCL,0.0,9970.0,9970.0,-9970.0
2026-07-10,SCM,120.0,384.0,504.0,-264.0
2026-07-10,SCN,0.0,40.0,40.0,-40.0
2026-07-10,SCP,135000.0,0.0,135000.0,135000.0
2026-07-10,SDC,0.0,626.0,626.0,-626.0
2026-07-10,SE-ED,0.0,155.0,155.0,-155.0
2026-07-10,SEAFCO,284210.0,97320.0,381530.0,186890.0
2026-07-10,SEAOIL,17890.0,0.0,17890.0,17890.0
2026-07-10,SECURE,78670.0,0.0,78670.0,78670.0
2026-07-10,SFLEX,210614.0,142146.0,352760.0,68468.0
2026-07-10,SFT,6920.0,0.0,6920.0,6920.0
2026-07-10,SGC,73778316.0,46057389.0,119835705.0,27720927.0
2026-07-10,SGF,0.0,84.0,84.0,-84.0
2026-07-10,SGP,12020.0,20915.0,32935.0,-8895.0
2026-07-10,SHR,525955.0,266752.0,792707.0,259203.0
2026-07-10,SICT,668400.0,350566.0,1018966.0,317834.0
2026-07-10,SIMAT,117860.0,110680.0,228540.0,7180.0
2026-07-10,SINGER,150533960.0,49215471.7,199749431.7,101318488.3
2026-07-10,SIRI,13659975.0,2061053.0,15721028.0,11598922.0
2026-07-10,SIS,9879920.0,2944700.0,12824620.0,6935220.0
2026-07-10,SISB,3825720.0,10739710.0,14565430.0,-6913990.0
2026-07-10,SITHAI,0.0,300.0,300.0,-300.0
2026-07-10,SJWD,9723900.0,2498275.0,12222175.0,7225625.0
2026-07-10,SKE,0.0,19.0,19.0,-19.0
2026-07-10,SKR,41835.0,1620.0,43455.0,40215.0
2026-07-10,SKY,1816590.0,8010180.0,9826770.0,-6193590.0
2026-07-10,SMART,20140.0,0.0,20140.0,20140.0
2026-07-10,SMD100,920.0,1710.0,2630.0,-790.0
2026-07-10,SMO,186042.0,287668.0,473710.0,-101626.0
2026-07-10,SMPC,325930.0,930.0,326860.0,325000.0
2026-07-10,SMT,9897592.0,9202658.0,19100250.0,694934.0
2026-07-10,SNC,8250.0,84090.0,92340.0,-75840.0
2026-07-10,SNNP,348665.0,88380.0,437045.0,260285.0
2026-07-10,SOLAR,0.0,86.0,86.0,-86.0
2026-07-10,SPA,1986076.0,86902.0,2072978.0,1899174.0
2026-07-10,SPACK,2220.0,2066.0,4286.0,154.0
2026-07-10,SPALI,8983020.0,8232350.0,17215370.0,750670.0
2026-07-10,SPCG,103555.0,108070.0,211625.0,-4515.0
2026-07-10,SPRC,126558395.0,87668305.0,214226700.0,38890090.0
2026-07-10,SPREME,0.0,619.0,619.0,-619.0
2026-07-10,SPVI,430836.0,16800.0,447636.0,414036.0
2026-07-10,SQ,1080.0,0.0,1080.0,1080.0
2026-07-10,SRICHA,3488750.0,1419440.0,4908190.0,2069310.0
2026-07-10,SSP,526812.0,109186.0,635998.0,417626.0
2026-07-10,STA,25718570.0,22919630.0,48638200.0,2798940.0
2026-07-10,STANLY,1895700.0,524900.0,2420600.0,1370800.0
2026-07-10,STARM,0.0,2880.0,2880.0,-2880.0
2026-07-10,STECON,164143840.0,13247280.0,177391120.0,150896560.0
2026-07-10,STELLA,0.0,4115.0,4115.0,-4115.0
2026-07-10,STGT,3208230.0,2279100.0,5487330.0,929130.0
2026-07-10,STOWER,0.0,201.0,201.0,-201.0
2026-07-10,STPI,11112080.0,2092675.0,13204755.0,9019405.0
2026-07-10,STX,595.0,126000.0,126595.0,-125405.0
2026-07-10,SUC,411475.0,0.0,411475.0,411475.0
2026-07-10,SUN,0.0,66.64,66.64,-66.64
2026-07-10,SUPER,0.0,13.0,13.0,-13.0
2026-07-10,SUSCO,673510.0,224.0,673734.0,673286.0
2026-07-10,SVOA,338922.0,13386.0,352308.0,325536.0
2026-07-10,SVT,16770.0,1677.0,18447.0,15093.0
2026-07-10,SWC,81.72,0.0,81.72,81.72
2026-07-10,SYNEX,20064095.0,2946105.0,23010200.0,17117990.0
2026-07-10,SYNTEC,515696.0,152605.0,668301.0,363091.0
2026-07-10,TACC,3778620.0,27720.0,3806340.0,3750900.0
2026-07-10,TAE,893457.0,1036315.0,1929772.0,-142858.0
2026-07-10,TAKUNI,762.0,0.0,762.0,762.0
2026-07-10,TASCO,4260060.0,3032710.0,7292770.0,1227350.0
2026-07-10,TBN,70078.0,0.0,70078.0,70078.0
2026-07-10,TC,4000.0,66500.0,70500.0,-62500.0
2026-07-10,TCAP,20507125.0,18212700.0,38719825.0,2294425.0
2026-07-10,TCC,93.0,0.0,93.0,93.0
2026-07-10,TCJ,13142.0,0.0,13142.0,13142.0
2026-07-10,TCMC,248.0,0.0,248.0,248.0
2026-07-10,TEAM,3793692.0,2002454.0,5796146.0,1791238.0
2026-07-10,TEAMG,4729732.0,129780.0,4859512.0,4599952.0
2026-07-10,TEGH,91268.0,0.0,91268.0,91268.0
2026-07-10,TFG,44268530.0,65265710.0,109534240.0,-20997180.0
2026-07-10,TFM,49400.0,1325870.0,1375270.0,-1276470.0
2026-07-10,TFMAMA,168500.0,93400.0,261900.0,75100.0
2026-07-10,TGE,311.0,0.0,311.0,311.0
2026-07-10,THAI,52210325.0,108278000.0,160488325.0,-56067675.0
2026-07-10,THANA,0.0,91800.0,91800.0,-91800.0
2026-07-10,THANI,15554162.0,6993412.0,22547574.0,8560750.0
2026-07-10,THCOM,1100080.0,3078190.0,4178270.0,-1978110.0
2026-07-10,THG,805600.0,200580.0,1006180.0,605020.0
2026-07-10,THMUI,0.0,465.0,465.0,-465.0
2026-07-10,THRE,28402.0,0.0,28402.0,28402.0
2026-07-10,THREL,0.0,20200.0,20200.0,-20200.0
2026-07-10,TIDLOR,116094000.0,103930250.0,220024250.0,12163750.0
2026-07-10,TIGER,0.0,66056.0,66056.0,-66056.0
2026-07-10,TIPH,231340.0,1428900.0,1660240.0,-1197560.0
2026-07-10,TISCO,257868750.0,222957600.0,480826350.0,34911150.0
2026-07-10,TITLE,1135950.0,23905.0,1159855.0,1112045.0
2026-07-10,TKC,0.0,850.0,850.0,-850.0
2026-07-10,TKN,1287782.0,174580.0,1462362.0,1113202.0
2026-07-10,TKS,99325.0,5805.0,105130.0,93520.0
2026-07-10,TLI,73867370.0,56273660.0,130141030.0,17593710.0
2026-07-10,TMAN,159070.0,3270.0,162340.0,155800.0
2026-07-10,TMW,35425.0,442600.0,478025.0,-407175.0
2026-07-10,TNDT,0.0,14.0,14.0,-14.0
2026-07-10,TNITY,0.0,2817.4,2817.4,-2817.4
2026-07-10,TNR,0.0,1090.0,1090.0,-1090.0
2026-07-10,TOA,18143140.0,33576990.0,51720130.0,-15433850.0
2026-07-10,TOP,298024950.0,108074225.0,406099175.0,189950725.0
2026-07-10,TPAC,2610.0,0.0,2610.0,2610.0
2026-07-10,TPCH,0.0,1104.0,1104.0,-1104.0
2026-07-10,TPCS,0.0,4975.0,4975.0,-4975.0
2026-07-10,TPIPL,2633011.0,400639.0,3033650.0,2232372.0
2026-07-10,TPIPP,593131.0,320836.0,913967.0,272295.0
2026-07-10,TPOLY,20.0,0.0,20.0,20.0
2026-07-10,TQM,2050350.0,769250.0,2819600.0,1281100.0
2026-07-10,TRT,65373230.0,20619510.0,85992740.0,44753720.0
2026-07-10,TRUBB,253018.0,87946.0,340964.0,165072.0
2026-07-10,TRUE,727754767.6,690820382.0,1418575149.6,36934385.60000002
2026-07-10,TSE,67227.0,43294.0,110521.0,23933.0
2026-07-10,TSI,0.0,25000.0,25000.0,-25000.0
2026-07-10,TSTH,347136.0,360587.0,707723.0,-13451.0
2026-07-10,TTA,10459232.0,1453912.0,11913144.0,9005320.0
2026-07-10,TTB,226121477.84,264150102.0,490271579.84,-38028624.16
2026-07-10,TTW,28282795.0,346755.1,28629550.1,27936039.9
2026-07-10,TU,56672540.0,31932340.0,88604880.0,24740200.0
2026-07-10,TURBO,4818719.0,988815.0,5807534.0,3829904.0
2026-07-10,TVO,4909675.0,217850.0,5127525.0,4691825.0
2026-07-10,TYCN,4344.0,0.0,4344.0,4344.0
2026-07-10,UBA,545.0,0.0,545.0,545.0
2026-07-10,UBE,58048.0,81243.0,139291.0,-23195.0
2026-07-10,UBIS,0.0,1215.0,1215.0,-1215.0
2026-07-10,UEC,7700.0,0.0,7700.0,7700.0
2026-07-10,UKEM,2644762.0,792422.0,3437184.0,1852340.0
2026-07-10,UMI,372.0,0.0,372.0,372.0
2026-07-10,UMS,40935.0,35520.0,76455.0,5415.0
2026-07-10,UNIQ,532.0,10868.0,11400.0,-10336.0
2026-07-10,UNIX,688717.0,0.0,688717.0,688717.0
2026-07-10,UREKA,130635.0,204255.0,334890.0,-73620.0
2026-07-10,UTP,302645.0,620630.0,923275.0,-317985.0
2026-07-10,UV,0.0,37767.0,37767.0,-37767.0
2026-07-10,UVAN,162410.0,120680.0,283090.0,41730.0
2026-07-10,VCOM,55050.0,80196.0,135246.0,-25146.0
2026-07-10,VGI,70130430.0,44139690.0,114270120.0,25990740.0
2026-07-10,VIBHA-W5,0.0,80.0,80.0,-80.0
2026-07-10,VIH,89830.0,845.0,90675.0,88985.0
2026-07-10,VPO,48000.0,238008.0,286008.0,-190008.0
2026-07-10,WARRIX,137000.0,91790.0,228790.0,45210.0
2026-07-10,WASH,119394.0,1212.0,120606.0,118182.0
2026-07-10,WAVE,0.0,92655.0,92655.0,-92655.0
2026-07-10,WHA,579496470.0,168173244.5,747669714.5,411323225.5
2026-07-10,WHAUP,78760655.0,33980875.0,112741530.0,44779780.0
2026-07-10,WICE,170922.0,26574.0,197496.0,144348.0
2026-07-10,WIIK,16060.0,6126.0,22186.0,9934.0
2026-07-10,WORK,350.0,346.0,696.0,4.0
2026-07-10,WP,0.0,736.0,736.0,-736.0
2026-07-10,WPH,333355.0,91795.0,425150.0,241560.0
2026-07-10,XBIO,0.0,7.0,7.0,-7.0
2026-07-10,XO,1318220.0,883270.0,2201490.0,434950.0
2026-07-10,XPG,0.0,28600.0,28600.0,-28600.0
2026-07-10,YONG,0.0,23433.0,23433.0,-23433.0
2026-07-10,ZIGA-W2,0.0,69.66,69.66,-69.66
2026-07-09,88TH,2120.0,24530.0,26650.0,-22410.0
2026-07-09,AAI,2268764.0,2591842.0,4860606.0,-323078.0
2026-07-09,AAV,1024972.0,3440284.0,4465256.0,-2415312.0
2026-07-09,ACC,0.0,33.0,33.0,-33.0
2026-07-09,ACE,9411.0,0.0,9411.0,9411.0
2026-07-09,ADB,93130.0,0.0,93130.0,93130.0
2026-07-09,ADD,0.0,17028.0,17028.0,-17028.0
2026-07-09,ADVANC,1195899250.0,939230114.28,2135129364.28,256669135.72000003
2026-07-09,ADVICE,3740475.0,2167800.0,5908275.0,1572675.0
2026-07-09,AEONTS,58273200.0,8551450.0,66824650.0,49721750.0
2026-07-09,AGE,0.0,509634.0,509634.0,-509634.0
2026-07-09,AH,4051310.0,11479690.0,15531000.0,-7428380.0
2026-07-09,AI,0.0,17.28,17.28,-17.28
2026-07-09,AIE,19888.0,5084.0,24972.0,14804.0
2026-07-09,AIT,299516.0,17218.0,316734.0,282298.0
2026-07-09,AJ,486638.0,737796.0,1224434.0,-251158.0
2026-07-09,AJA,520.0,26.0,546.0,494.0
2026-07-09,AKP,621.0,0.0,621.0,621.0
2026-07-09,AKR,0.0,1911.0,1911.0,-1911.0
2026-07-09,ALPHAX,25000.0,52.0,25052.0,24948.0
2026-07-09,ALT,7097943.0,553683.0,7651626.0,6544260.0
2026-07-09,AMANAH,0.0,76.0,76.0,-76.0
2026-07-09,AMARC,1033738.0,52142.0,1085880.0,981596.0
2026-07-09,AMATA,109193925.0,30364100.0,139558025.0,78829825.0
2026-07-09,ANI,0.0,1672.0,1672.0,-1672.0
2026-07-09,AOT,388459275.0,506932665.5,895391940.5,-118473390.5
2026-07-09,AP,12336870.0,7331770.0,19668640.0,5005100.0
2026-07-09,APO,0.0,1428.0,1428.0,-1428.0
2026-07-09,AQUA,0.0,1511.0,1511.0,-1511.0
2026-07-09,ARROW,0.0,580.0,580.0,-580.0
2026-07-09,AS,0.0,26910.0,26910.0,-26910.0
2026-07-09,ASAP,0.0,400.0,400.0,-400.0
2026-07-09,ASEFA,1016550.0,50910.0,1067460.0,965640.0
2026-07-09,ASIA,540.0,0.0,540.0,540.0
2026-07-09,ASIAN,977115.0,1450.0,978565.0,975665.0
2026-07-09,ASK,3580380.0,291040.0,3871420.0,3289340.0
2026-07-09,ASP,426798.0,180056.0,606854.0,246742.0
2026-07-09,ASTR,968.0,972.0,1940.0,-4.0
2026-07-09,ASW,1470.0,0.0,1470.0,1470.0
2026-07-09,ATLAS,231858.0,60480.0,292338.0,171378.0
2026-07-09,AU,54550.0,466.0,55016.0,54084.0
2026-07-09,AUCT,258640.0,266254.0,524894.0,-7614.0
2026-07-09,AURA,4795260.0,1776250.0,6571510.0,3019010.0
2026-07-09,AWC,26840222.0,17051378.0,43891600.0,9788844.0
2026-07-09,AYUD,478750.0,0.0,478750.0,478750.0
2026-07-09,BA,63521850.0,64949320.0,128471170.0,-1427470.0
2026-07-09,BAFS,262180.0,345270.0,607450.0,-83090.0
2026-07-09,BAM,23164625.0,4767245.0,27931870.0,18397380.0
2026-07-09,BANPU,85598625.0,62588945.0,148187570.0,23009680.0
2026-07-09,BAY,136933950.0,55684250.0,192618200.0,81249700.0
2026-07-09,BBGI,2321824.0,2338462.0,4660286.0,-16638.0
2026-07-09,BBIK,85577420.0,8388466.0,93965886.0,77188954.0
2026-07-09,BBL,754916900.0,1024801316.0,1779718216.0,-269884416.0
2026-07-09,BCH,17789200.0,18157245.0,35946445.0,-368045.0
2026-07-09,BCP,135500025.0,116963050.0,252463075.0,18536975.0
2026-07-09,BCPG,25615555.0,9401904.3,35017459.3,16213650.7
2026-07-09,BDMS,267153755.0,212005955.5,479159710.5,55147799.5
2026-07-09,BE8,2292635.0,76280.0,2368915.0,2216355.0
2026-07-09,BEAUTY,237300.0,19050.0,256350.0,218250.0
2026-07-09,BEC,4100.0,60334.0,64434.0,-56234.0
2026-07-09,BEM,75835905.0,28331010.0,104166915.0,47504895.0
2026-07-09,BEYOND,0.0,15020.0,15020.0,-15020.0
2026-07-09,BGC,0.0,1390.0,1390.0,-1390.0
2026-07-09,BGRIM,187899000.0,261973950.0,449872950.0,-74074950.0
2026-07-09,BH,151190722.0,253017874.0,404208596.0,-101827152.0
2026-07-09,BIG,0.0,540.0,540.0,-540.0
2026-07-09,BIOTEC,0.0,8924.0,8924.0,-8924.0
2026-07-09,BIZ,1800.0,1200.0,3000.0,600.0
2026-07-09,BJC,22694164.6,15073992.3,37768156.900000006,7620172.300000001
2026-07-09,BKGI,161728.0,30148.0,191876.0,131580.0
2026-07-09,BKIH,0.0,594900.0,594900.0,-594900.0
2026-07-09,BLA,11248650.0,12617275.0,23865925.0,-1368625.0
2026-07-09,BLAND,26235.0,7560.0,33795.0,18675.0
2026-07-09,BLC,36804.0,199584.0,236388.0,-162780.0
2026-07-09,BM,218845.0,13151.0,231996.0,205694.0
2026-07-09,BPP,0.0,114200.0,114200.0,-114200.0
2026-07-09,BR,0.0,29988.0,29988.0,-29988.0
2026-07-09,BRI,0.0,27170.0,27170.0,-27170.0
2026-07-09,BTC,15045.0,31.0,15076.0,15014.0
2026-07-09,BTG,28824710.0,33182560.0,62007270.0,-4357850.0
2026-07-09,BTS,59596042.0,32371020.0,91967062.0,27225022.0
2026-07-09,BTW,0.0,24.0,24.0,-24.0
2026-07-09,BWG,0.0,23.0,23.0,-23.0
2026-07-09,BYD,12000.0,248604.0,260604.0,-236604.0
2026-07-09,CAZ,14012.0,8950.0,22962.0,5062.0
2026-07-09,CBG,72878575.0,69955200.0,142833775.0,2923375.0
2026-07-09,CCET,161389550.0,77892402.4,239281952.4,83497147.6
2026-07-09,CEN,0.0,60.0,60.0,-60.0
2026-07-09,CENTEL,42496575.0,37304200.0,79800775.0,5192375.0
2026-07-09,CFARM,0.0,69736.0,69736.0,-69736.0
2026-07-09,CFRESH,324.0,214.0,538.0,110.0
2026-07-09,CGD,880000.0,0.0,880000.0,880000.0
2026-07-09,CGH,7938.0,12364.0,20302.0,-4426.0
2026-07-09,CHASE,1581.0,0.0,1581.0,1581.0
2026-07-09,CHAYO,1331268.0,11615.0,1342883.0,1319653.0
2026-07-09,CHG,5554991.0,6514481.0,12069472.0,-959490.0
2026-07-09,CHOW,0.0,128.0,128.0,-128.0
2026-07-09,CITY,408580.0,0.0,408580.0,408580.0
2026-07-09,CIVIL,4860.0,4956.0,9816.0,-96.0
2026-07-09,CK,149381810.0,21724000.0,171105810.0,127657810.0
2026-07-09,CKP,5215582.0,2501818.0,7717400.0,2713764.0
2026-07-09,CMAN,0.0,306028.0,306028.0,-306028.0
2026-07-09,CMR,0.0,127.0,127.0,-127.0
2026-07-09,CNT,401714.0,43805.0,445519.0,357909.0
2026-07-09,COCOCO,133370.0,5050.0,138420.0,128320.0
2026-07-09,COM7,149484500.0,68061900.0,217546400.0,81422600.0
2026-07-09,COMAN,100.0,0.0,100.0,100.0
2026-07-09,CPALL,305077900.0,503881637.75,808959537.75,-198803737.75
2026-07-09,CPAXT,14308430.0,14284510.0,28592940.0,23920.0
2026-07-09,CPF,290972220.0,381133552.0,672105772.0,-90161332.0
2026-07-09,CPL,21388.0,14600.0,35988.0,6788.0
2026-07-09,CPN,199504650.0,131123248.75,330627898.75,68381401.25
2026-07-09,CPW,0.0,2596.0,2596.0,-2596.0
2026-07-09,CRANE,0.0,340.0,340.0,-340.0
2026-07-09,CRC,156158150.0,71328770.0,227486920.0,84829380.0
2026-07-09,CREDIT,22059830.0,3333900.0,25393730.0,18725930.0
2026-07-09,CSS,87540.0,48525.0,136065.0,39015.0
2026-07-09,CTW,404720.0,0.0,404720.0,404720.0
2026-07-09,CWT,95.0,373.0,468.0,-278.0
2026-07-09,CWT-W8,15283.0,0.0,15283.0,15283.0
2026-07-09,DCC,152126.0,145720.0,297846.0,6406.0
2026-07-09,DDD,0.0,498.0,498.0,-498.0
2026-07-09,DELTA,1899452978.0,1826572960.0,3726025938.0,72880018.0
2026-07-09,DEMCO,498672.0,123720.0,622392.0,374952.0
2026-07-09,DIMET,0.0,14.0,14.0,-14.0
2026-07-09,DITTO,38868540.0,4074430.0,42942970.0,34794110.0
2026-07-09,DMT,44400.0,609280.0,653680.0,-564880.0
2026-07-09,DOD,10080.0,115.0,10195.0,9965.0
2026-07-09,DOHOME,8250262.0,4607654.0,12857916.0,3642608.0
2026-07-09,DPAINT,0.0,32800.0,32800.0,-32800.0
2026-07-09,DRT,29040.0,0.0,29040.0,29040.0
2026-07-09,DUSIT,442030.0,32430.0,474460.0,409600.0
2026-07-09,EA,72305982.0,31509274.0,103815256.0,40796708.0
2026-07-09,EA-W1,0.0,4410.0,4410.0,-4410.0
2026-07-09,EAST,5840.0,0.0,5840.0,5840.0
2026-07-09,EASTW,7608180.0,4620170.0,12228350.0,2988010.0
2026-07-09,EGCO,73942550.0,50334100.0,124276650.0,23608450.0
2026-07-09,EKH,104000.0,11015.0,115015.0,92985.0
2026-07-09,EMPIRE,46134.0,68238.0,114372.0,-22104.0
2026-07-09,EP,5800.0,0.0,5800.0,5800.0
2026-07-09,EPG,43394019.0,19383725.0,62777744.0,24010294.0
2026-07-09,ERW,5041932.0,2805470.0,7847402.0,2236462.0
2026-07-09,ETC,10184.0,125291.0,135475.0,-115107.0
2026-07-09,EVER,0.0,7.0,7.0,-7.0
2026-07-09,FM,578670.0,92442.0,671112.0,486228.0
2026-07-09,FNS,130000.0,0.0,130000.0,130000.0
2026-07-09,FORTH,48670700.0,5065740.0,53736440.0,43604960.0
2026-07-09,FPI,0.0,150.0,150.0,-150.0
2026-07-09,FSMART,3476095.0,474805.0,3950900.0,3001290.0
2026-07-09,FTI,0.0,540.0,540.0,-540.0
2026-07-09,GABLE,192260.0,0.0,192260.0,192260.0
2026-07-09,GBX,97250.0,0.0,97250.0,97250.0
2026-07-09,GFPT,2311920.0,2534325.0,4846245.0,-222405.0
2026-07-09,GJS,0.0,23972.0,23972.0,-23972.0
2026-07-09,GLOBAL,72739945.0,13007450.0,85747395.0,59732495.0
2026-07-09,GPI,8800.0,1750.0,10550.0,7050.0
2026-07-09,GPSC,283376925.0,182716075.0,466093000.0,100660850.0
2026-07-09,GREEN,0.0,1818.0,1818.0,-1818.0
2026-07-09,GULF,731529558.0,613708813.75,1345238371.75,117820744.25
2026-07-09,GUNKUL,156359896.0,182090890.2,338450786.2,-25730994.199999988
2026-07-09,HANA,231426325.0,239129025.0,470555350.0,-7702700.0
2026-07-09,HARN,250084.0,0.0,250084.0,250084.0
2026-07-09,HENG,0.0,92.0,92.0,-92.0
2026-07-09,HMPRO,65419044.0,38529425.0,103948469.0,26889619.0
2026-07-09,HTC,439330.0,2587500.0,3026830.0,-2148170.0
2026-07-09,HTECH,737202.0,356752.0,1093954.0,380450.0
2026-07-09,HUMAN,597826.0,253916.0,851742.0,343910.0
2026-07-09,ICHI,37915995.8,10211550.0,48127545.8,27704445.8
2026-07-09,IHL,0.0,41300.0,41300.0,-41300.0
2026-07-09,ILINK,3795405.0,263860.0,4059265.0,3531545.0
2026-07-09,ILM,393680.0,10280.0,403960.0,383400.0
2026-07-09,INET,1564664.0,496016.0,2060680.0,1068648.0
2026-07-09,INGRS,0.0,50.0,50.0,-50.0
2026-07-09,INOX,0.0,37800.0,37800.0,-37800.0
2026-07-09,INSET,28677138.0,15161628.0,43838766.0,13515510.0
2026-07-09,IP,5854.0,6740.0,12594.0,-886.0
2026-07-09,IRC,23800.0,27140.0,50940.0,-3340.0
2026-07-09,IROYAL,0.0,41836.0,41836.0,-41836.0
2026-07-09,IRPC,17834603.0,91233591.0,109068194.0,-73398988.0
2026-07-09,IT,0.0,3620.0,3620.0,-3620.0
2026-07-09,ITC,53353300.0,12754340.0,66107640.0,40598960.0
2026-07-09,ITD,266591.0,12178.0,278769.0,254413.0
2026-07-09,ITEL,17020327.0,1962251.0,18982578.0,15058076.0
2026-07-09,ITEL-W6,0.0,45000.0,45000.0,-45000.0
2026-07-09,ITTHI,5676.0,3893.0,9569.0,1783.0
2026-07-09,IVL,126732190.0,152034060.0,278766250.0,-25301870.0
2026-07-09,JAS,2230132.0,2675584.0,4905716.0,-445452.0
2026-07-09,JAS-W4,800.0,0.0,800.0,800.0
2026-07-09,JDF,0.0,1170.0,1170.0,-1170.0
2026-07-09,JMART,189178375.0,23499464.5,212677839.5,165678910.5
2026-07-09,JMT,132069000.0,16812570.0,148881570.0,115256430.0
2026-07-09,JPARK,170888.0,5576.0,176464.0,165312.0
2026-07-09,JR,0.0,175.0,175.0,-175.0
2026-07-09,JTS,2685250.0,10444500.0,13129750.0,-7759250.0
2026-07-09,KAMART,838795.0,177215.0,1016010.0,661580.0
2026-07-09,KBANK,1304377420.0,1104993950.0,2409371370.0,199383470.0
2026-07-09,KBS,0.0,54405.0,54405.0,-54405.0
2026-07-09,KC,3.0,3840.0,3843.0,-3837.0
2026-07-09,KCC,29536.0,27896.0,57432.0,1640.0
2026-07-09,KCE,560106150.0,85192631.0,645298781.0,474913519.0
2026-07-09,KCG,577045.0,2649490.0,3226535.0,-2072445.0
2026-07-09,KGEN,9450699.0,3605781.0,13056480.0,5844918.0
2026-07-09,KGI,2084552.0,135296.0,2219848.0,1949256.0
2026-07-09,KIAT,0.0,34.0,34.0,-34.0
2026-07-09,KISS,194148.0,84624.0,278772.0,109524.0
2026-07-09,KKP,191452154.0,291287200.0,482739354.0,-99835046.0
2026-07-09,KLINIQ,2944000.0,150700.0,3094700.0,2793300.0
2026-07-09,KSL,770.0,85983.0,86753.0,-85213.0
2026-07-09,KTB,2243676890.0,1698346840.5,3942023730.5,545330049.5
2026-07-09,KTC,253674850.0,235730575.0,489405425.0,17944275.0
2026-07-09,KTMS,71.89,0.0,71.89,71.89
2026-07-09,KUMWEL,1463460.0,165918.0,1629378.0,1297542.0
2026-07-09,KYE,0.0,4095.0,4095.0,-4095.0
2026-07-09,LANNA,15870.0,14.5,15884.5,15855.5
2026-07-09,LEE,1240.0,0.0,1240.0,1240.0
2026-07-09,LH,20684598.0,13191390.0,33875988.0,7493208.0
2026-07-09,LHFG,4421478.0,199208.0,4620686.0,4222270.0
2026-07-09,LOXLEY,0.0,50196.0,50196.0,-50196.0
2026-07-09,LPN,0.0,21495.0,21495.0,-21495.0
2026-07-09,LTS,74802.0,51904.0,126706.0,22898.0
2026-07-09,M,4999830.0,1412290.0,6412120.0,3587540.0
2026-07-09,MADAME,206400.0,0.0,206400.0,206400.0
2026-07-09,MAGURO,1410878.1,14580.4,1425458.5,1396297.7000000002
2026-07-09,MAJOR,625815.0,1870855.0,2496670.0,-1245040.0
2026-07-09,MALEE,2412.0,33864.0,36276.0,-31452.0
2026-07-09,MASTEC,868064.0,307116.0,1175180.0,560948.0
2026-07-09,MASTER,727135.0,11965.0,739100.0,715170.0
2026-07-09,MBK,14934500.0,4614160.0,19548660.0,10320340.0
2026-07-09,MC,865360.0,2698120.0,3563480.0,-1832760.0
2026-07-09,MCOT,76000.0,0.0,76000.0,76000.0
2026-07-09,MCS,319005.0,188550.0,507555.0,130455.0
2026-07-09,MDX,0.0,111530.0,111530.0,-111530.0
2026-07-09,MEB,2915350.0,3135150.0,6050500.0,-219800.0
2026-07-09,MEDEZE,463190.0,372535.0,835725.0,90655.0
2026-07-09,MEGA,4996500.0,1425550.0,6422050.0,3570950.0
2026-07-09,METCO,353400.0,117900.0,471300.0,235500.0
2026-07-09,MFC,43470.0,0.0,43470.0,43470.0
2026-07-09,MFEC,0.0,80730.0,80730.0,-80730.0
2026-07-09,MGC,3819430.0,383175.0,4202605.0,3436255.0
2026-07-09,MGI,221890.0,329000.0,550890.0,-107110.0
2026-07-09,MGT,23660.0,0.0,23660.0,23660.0
2026-07-09,MICRO,4752.0,742.0,5494.0,4010.0
2026-07-09,MIDA,0.0,6865.0,6865.0,-6865.0
2026-07-09,MINT,149088340.0,176470374.9,325558714.9,-27382034.90000001
2026-07-09,MK,0.0,47078.64,47078.64,-47078.64
2026-07-09,ML,589651.0,118602.0,708253.0,471049.0
2026-07-09,MMM,29866.0,33428.0,63294.0,-3562.0
2026-07-09,MMM-W1,0.0,16736.02,16736.02,-16736.02
2026-07-09,MONO,80194.0,17706.0,97900.0,62488.0
2026-07-09,MOONG,1824.0,456.0,2280.0,1368.0
2026-07-09,MORE,0.0,5.0,5.0,-5.0
2026-07-09,MOSHI,19561000.0,1015875.0,20576875.0,18545125.0
2026-07-09,MRDIYT,16399020.0,13200080.0,29599100.0,3198940.0
2026-07-09,MST,775.0,0.0,775.0,775.0
2026-07-09,MTC,138650450.0,198874150.0,337524600.0,-60223700.0
2026-07-09,MTI,125400.0,0.0,125400.0,125400.0
2026-07-09,NCAP,3373286.0,2231202.0,5604488.0,1142084.0
2026-07-09,NDR,0.0,3759.0,3759.0,-3759.0
2026-07-09,NEO,2536270.0,225650.0,2761920.0,2310620.0
2026-07-09,NER,1367580.0,408848.0,1776428.0,958732.0
2026-07-09,NETBAY,381220.0,5768950.0,6150170.0,-5387730.0
2026-07-09,NEX,270619.0,225040.0,495659.0,45579.0
2026-07-09,NOBLE,10010.0,8145.0,18155.0,1865.0
2026-07-09,NSL,1170780.0,2260.0,1173040.0,1168520.0
2026-07-09,NTF,810580.0,60300.0,870880.0,750280.0
2026-07-09,NTSC,0.0,109600.0,109600.0,-109600.0
2026-07-09,NUT,14520.0,0.0,14520.0,14520.0
2026-07-09,NV,0.0,180.0,180.0,-180.0
2026-07-09,NVD,0.0,346.0,346.0,-346.0
2026-07-09,NYT,1822594.0,154694.0,1977288.0,1667900.0
2026-07-09,OKJ,270368.0,0.0,270368.0,270368.0
2026-07-09,ONEE,1477130.0,409816.0,1886946.0,1067314.0
2026-07-09,OR,63861350.0,58360669.4,122222019.4,5500680.6000000015
2026-07-09,ORI,1093930.0,96358.0,1190288.0,997572.0
2026-07-09,OSP,55707880.0,39890560.0,95598440.0,15817320.0
2026-07-09,PACO,137.0,1350.0,1487.0,-1213.0
2026-07-09,PAF,0.0,1852.0,1852.0,-1852.0
2026-07-09,PCC,0.0,878.0,878.0,-878.0
2026-07-09,PCE,0.0,203060.0,203060.0,-203060.0
2026-07-09,PCSGH,0.0,9362.0,9362.0,-9362.0
2026-07-09,PEER,150.0,0.0,150.0,150.0
2026-07-09,PERM,0.0,27.0,27.0,-27.0
2026-07-09,PHG,0.0,1010.0,1010.0,-1010.0
2026-07-09,PIN,196854.0,39848.0,236702.0,157006.0
2026-07-09,PK,0.0,282.0,282.0,-282.0
2026-07-09,PLANB,84530871.0,33452617.0,117983488.0,51078254.0
2026-07-09,PLAT,1853949.0,737624.0,2591573.0,1116325.0
2026-07-09,PLE,2120.0,0.0,2120.0,2120.0
2026-07-09,PLUS,16682.0,10621.0,27303.0,6061.0
2026-07-09,PM,160950.0,167490.0,328440.0,-6540.0
2026-07-09,PMC,141240.0,193710.0,334950.0,-52470.0
2026-07-09,POLY,2055.0,0.0,2055.0,2055.0
2026-07-09,PPPM,0.0,22.0,22.0,-22.0
2026-07-09,PR9,18517140.0,23137810.0,41654950.0,-4620670.0
2026-07-09,PREB,0.0,688.0,688.0,-688.0
2026-07-09,PRG,0.0,9.25,9.25,-9.25
2026-07-09,PRM,16023150.0,643840.0,16666990.0,15379310.0
2026-07-09,PRTR,356.0,0.0,356.0,356.0
2026-07-09,PSGC,302250.0,0.0,302250.0,302250.0
2026-07-09,PSH,165294.0,527722.0,693016.0,-362428.0
2026-07-09,PSL,15696915.0,3286520.0,18983435.0,12410395.0
2026-07-09,PSP,4068645.0,1678090.0,5746735.0,2390555.0
2026-07-09,PSTC,0.0,1371.0,1371.0,-1371.0
2026-07-09,PT,262080.0,72800.0,334880.0,189280.0
2026-07-09,PTG,2493625.0,10185615.0,12679240.0,-7691990.0
2026-07-09,PTL,82360.0,91830.0,174190.0,-9470.0
2026-07-09,PTT,2589215850.0,1148301092.25,3737516942.25,1440914757.75
2026-07-09,PTTEP,915617770.0,1852683156.0,2768300926.0,-937065386.0
2026-07-09,PTTGC,231125675.0,353145025.0,584270700.0,-122019350.0
2026-07-09,PYLON,198616.0,51454.0,250070.0,147162.0
2026-07-09,QDC,0.0,6.0,6.0,-6.0
2026-07-09,QH,5930185.0,2347945.0,8278130.0,3582240.0
2026-07-09,RABBIT,3400.0,13124.0,16524.0,-9724.0
2026-07-09,RABBIT-P,0.0,36.0,36.0,-36.0
2026-07-09,RAM,0.0,10770.0,10770.0,-10770.0
2026-07-09,RATCH,70759425.0,86754325.0,157513750.0,-15994900.0
2026-07-09,RBF,3489244.0,622406.0,4111650.0,2866838.0
2026-07-09,RCL,36590400.0,15179850.0,51770250.0,21410550.0
2026-07-09,READY,9060.0,0.0,9060.0,9060.0
2026-07-09,RJH,473380.0,5520.0,478900.0,467860.0
2026-07-09,RML,0.0,117.0,117.0,-117.0
2026-07-09,ROCTEC,44021.0,1464.0,45485.0,42557.0
2026-07-09,ROJNA,5885985.0,443440.0,6329425.0,5442545.0
2026-07-09,RPC,0.0,175.0,175.0,-175.0
2026-07-09,RS,6500.0,0.0,6500.0,6500.0
2026-07-09,RT,29000.0,0.0,29000.0,29000.0
2026-07-09,RWI,0.0,67.0,67.0,-67.0
2026-07-09,S,10192.0,19536.0,29728.0,-9344.0
2026-07-09,SA,0.0,710.0,710.0,-710.0
2026-07-09,SABINA,68640.0,170980.0,239620.0,-102340.0
2026-07-09,SAFE,16800.0,0.0,16800.0,16800.0
2026-07-09,SAK,4040138.0,368904.0,4409042.0,3671234.0
2026-07-09,SALEE,0.0,6321.0,6321.0,-6321.0
2026-07-09,SAMART,4681640.0,373775.0,5055415.0,4307865.0
2026-07-09,SAMTEL,1244.0,0.0,1244.0,1244.0
2026-07-09,SANKO,0.0,18231.0,18231.0,-18231.0
2026-07-09,SAPPE,2057750.0,634575.0,2692325.0,1423175.0
2026-07-09,SAT,1407120.0,510400.0,1917520.0,896720.0
2026-07-09,SAV,1623290.0,29850.0,1653140.0,1593440.0
2026-07-09,SAWAD,286498090.0,70321712.9,356819802.9,216176377.1
2026-07-09,SC,2802102.0,3011899.0,5814001.0,-209797.0
2026-07-09,SCAP,7982508.0,695752.0,8678260.0,7286756.0
2026-07-09,SCB,1262933590.0,904454892.0,2167388482.0,358478698.0
2026-07-09,SCC,193416300.0,728169463.0,921585763.0,-534753163.0
2026-07-09,SCCC,3886800.0,1602150.0,5488950.0,2284650.0
2026-07-09,SCG,1139.2,0.0,1139.2,1139.2
2026-07-09,SCGD,0.0,125240.0,125240.0,-125240.0
2026-07-09,SCGP,98954950.0,66603375.0,165558325.0,32351575.0
2026-07-09,SCL,0.0,9260.0,9260.0,-9260.0
2026-07-09,SCM,72.0,0.0,72.0,72.0
2026-07-09,SCN,0.0,40.0,40.0,-40.0
2026-07-09,SCP,332500.0,0.0,332500.0,332500.0
2026-07-09,SE,0.0,5003.43,5003.43,-5003.43
2026-07-09,SEAFCO,517382.0,18894.0,536276.0,498488.0
2026-07-09,SEAOIL,20540.0,0.0,20540.0,20540.0
2026-07-09,SECURE,254770.0,266700.0,521470.0,-11930.0
2026-07-09,SFLEX,347170.0,63468.0,410638.0,283702.0
2026-07-09,SGC,82970424.0,7169368.0,90139792.0,75801056.0
2026-07-09,SGF,0.0,240.0,240.0,-240.0
2026-07-09,SGP,0.0,23845.0,23845.0,-23845.0
2026-07-09,SHR,143846.0,380891.0,524737.0,-237045.0
2026-07-09,SICT,152450.0,11390.0,163840.0,141060.0
2026-07-09,SIMAT,370806.0,24841.0,395647.0,345965.0
2026-07-09,SINGER,113980431.5,28415500.0,142395931.5,85564931.5
2026-07-09,SIRI,21751074.0,9567022.46,31318096.46,12184051.54
2026-07-09,SIS,9619510.0,1296480.0,10915990.0,8323030.0
2026-07-09,SISB,16568050.0,2863905.0,19431955.0,13704145.0
2026-07-09,SITHAI,0.0,298.0,298.0,-298.0
2026-07-09,SJWD,12670540.0,1602575.0,14273115.0,11067965.0
2026-07-09,SKE,0.0,18.0,18.0,-18.0
2026-07-09,SKR,39500.0,10270.0,49770.0,29230.0
2026-07-09,SKY,18922410.0,2266860.0,21189270.0,16655550.0
2026-07-09,SMD100,1370.0,114.0,1484.0,1256.0
2026-07-09,SMO,245698.0,246568.0,492266.0,-870.0
2026-07-09,SMPC,12890.0,67525.0,80415.0,-54635.0
2026-07-09,SMT,18154012.0,1980196.0,20134208.0,16173816.0
2026-07-09,SNC,12690.0,51995.0,64685.0,-39305.0
2026-07-09,SNNP,28750.0,276170.0,304920.0,-247420.0
2026-07-09,SOLAR,0.0,748.0,748.0,-748.0
2026-07-09,SORKON,14000.0,0.0,14000.0,14000.0
2026-07-09,SPA,3929090.0,218706.0,4147796.0,3710384.0
2026-07-09,SPACK,14729.0,1136.0,15865.0,13593.0
2026-07-09,SPALI,17639600.0,20693160.0,38332760.0,-3053560.0
2026-07-09,SPCG,2020255.0,663305.0,2683560.0,1356950.0
2026-07-09,SPRC,116796925.0,77905270.0,194702195.0,38891655.0
2026-07-09,SPVI,472098.0,19080.0,491178.0,453018.0
2026-07-09,SRICHA,6019640.0,4813100.0,10832740.0,1206540.0
2026-07-09,SSP,2224062.0,71138.0,2295200.0,2152924.0
2026-07-09,SST,0.0,95.0,95.0,-95.0
2026-07-09,STA,84029280.0,43391190.0,127420470.0,40638090.0
2026-07-09,STANLY,541700.0,924900.0,1466600.0,-383200.0
2026-07-09,STARM,0.0,3740.0,3740.0,-3740.0
2026-07-09,STECON,104276740.0,18509150.0,122785890.0,85767590.0
2026-07-09,STELLA,4263.0,348.0,4611.0,3915.0
2026-07-09,STGT,2990040.0,1702159.0,4692199.0,1287881.0
2026-07-09,STOWER,311.0,0.0,311.0,311.0
2026-07-09,STPI,5275985.0,3873750.0,9149735.0,1402235.0
2026-07-09,SUC,185300.0,0.0,185300.0,185300.0
2026-07-09,SUN,0.0,9828.0,9828.0,-9828.0
2026-07-09,SUPER,0.0,1767.0,1767.0,-1767.0
2026-07-09,SUSCO,539200.0,37628.0,576828.0,501572.0
2026-07-09,SVOA,17310.0,45599.0,62909.0,-28289.0
2026-07-09,SVT,1250.0,1534.0,2784.0,-284.0
2026-07-09,SYMC,0.0,282.5,282.5,-282.5
2026-07-09,SYNEX,13480485.0,518735.0,13999220.0,12961750.0
2026-07-09,SYNTEC,606153.0,18480.0,624633.0,587673.0
2026-07-09,TACC,10030705.0,1342175.0,11372880.0,8688530.0
2026-07-09,TAE,610751.0,2139076.0,2749827.0,-1528325.0
2026-07-09,TAKUNI,76626.0,0.0,76626.0,76626.0
2026-07-09,TASCO,4615990.0,1424250.0,6040240.0,3191740.0
2026-07-09,TC,0.0,87115.0,87115.0,-87115.0
2026-07-09,TCAP,66641075.0,51228275.0,117869350.0,15412800.0
2026-07-09,TCJ,242.0,0.0,242.0,242.0
2026-07-09,TCMC,308.0,0.0,308.0,308.0
2026-07-09,TEAM,3024514.0,673804.0,3698318.0,2350710.0
2026-07-09,TEAMG,1741642.0,247330.0,1988972.0,1494312.0
2026-07-09,TEGH,18280.0,8060.0,26340.0,10220.0
2026-07-09,TERA,0.0,33522.0,33522.0,-33522.0
2026-07-09,TFG,37841900.0,36186510.0,74028410.0,1655390.0
2026-07-09,TFM,55510.0,507255.0,562765.0,-451745.0
2026-07-09,TFMAMA,353700.0,0.0,353700.0,353700.0
2026-07-09,TGE,98.0,0.0,98.0,98.0
2026-07-09,THAI,108499200.0,125740695.0,234239895.0,-17241495.0
2026-07-09,THANI,12872796.0,6460872.0,19333668.0,6411924.0
2026-07-09,THCOM,508920.0,1320000.0,1828920.0,-811080.0
2026-07-09,THE,156.0,316.0,472.0,-160.0
2026-07-09,THG,657905.0,410040.0,1067945.0,247865.0
2026-07-09,THMUI,0.0,31.0,31.0,-31.0
2026-07-09,THRE,77000.0,3800.0,80800.0,73200.0
2026-07-09,TIDLOR,159405400.0,96955900.0,256361300.0,62449500.0
2026-07-09,TIPCO,0.0,124000.0,124000.0,-124000.0
2026-07-09,TIPH,1724480.0,689690.0,2414170.0,1034790.0
2026-07-09,TISCO,151585434.0,107727050.0,259312484.0,43858384.0
2026-07-09,TITLE,1829075.0,12370.0,1841445.0,1816705.0
2026-07-09,TKN,1453810.0,1220978.0,2674788.0,232832.0
2026-07-09,TKS,41260.0,3615.0,44875.0,37645.0
2026-07-09,TL,0.0,5148.0,5148.0,-5148.0
2026-07-09,TLI,60774770.0,64459980.0,125234750.0,-3685210.0
2026-07-09,TMAN,41040.0,0.0,41040.0,41040.0
2026-07-09,TMW,283200.0,35400.0,318600.0,247800.0
2026-07-09,TNDT,0.0,27.0,27.0,-27.0
2026-07-09,TNDT-W2,0.0,75.0,75.0,-75.0
2026-07-09,TNP,0.0,286.0,286.0,-286.0
2026-07-09,TOA,38046460.0,11167900.0,49214360.0,26878560.0
2026-07-09,TOG,0.0,304290.0,304290.0,-304290.0
2026-07-09,TOP,611369435.0,468833460.0,1080202895.0,142535975.0
2026-07-09,TPIPL,904180.0,719900.0,1624080.0,184280.0
2026-07-09,TPIPP,719598.0,240230.0,959828.0,479368.0
2026-07-09,TQM,1224620.0,1456830.0,2681450.0,-232210.0
2026-07-09,TRT,7176853.0,8395680.0,15572533.0,-1218827.0
2026-07-09,TRUBB,223424.0,68870.0,292294.0,154554.0
2026-07-09,TRUE,546432493.8,435927474.0,982359967.8,110505019.79999997
2026-07-09,TRV,0.0,298.0,298.0,-298.0
2026-07-09,TSE,1040.0,1351755.0,1352795.0,-1350715.0
2026-07-09,TSTH,7941.0,216088.0,224029.0,-208147.0
2026-07-09,TTA,5222210.0,19878.0,5242088.0,5202332.0
2026-07-09,TTB,377004060.0,435929281.0,812933341.0,-58925221.0
2026-07-09,TTW,11387065.0,831730.0,12218795.0,10555335.0
2026-07-09,TU,41105970.0,58109020.0,99214990.0,-17003050.0
2026-07-09,TURBO,5099025.0,1368409.0,6467434.0,3730616.0
2026-07-09,TVO,8001375.0,2382350.0,10383725.0,5619025.0
2026-07-09,TYCN,6640.0,0.0,6640.0,6640.0
2026-07-09,UAC,0.0,254.0,254.0,-254.0
2026-07-09,UBE,145824.0,161182.0,307006.0,-15358.0
2026-07-09,UBIS,24738.0,801.0,25539.0,23937.0
2026-07-09,UKEM,4368846.0,477584.0,4846430.0,3891262.0
2026-07-09,UMI,0.0,15635.0,15635.0,-15635.0
2026-07-09,UMS,821982.0,799991.0,1621973.0,21991.0
2026-07-09,UNIQ,4530.0,9350.0,13880.0,-4820.0
2026-07-09,UNIX,1278771.0,262140.0,1540911.0,1016631.0
2026-07-09,UREKA,296128.0,22546.0,318674.0,273582.0
2026-07-09,UTP,132910.0,651470.0,784380.0,-518560.0
2026-07-09,UV,41500.0,738.0,42238.0,40762.0
2026-07-09,UVAN,74601.3,136980.0,211581.3,-62378.7
2026-07-09,VCOM,13134.0,4378.0,17512.0,8756.0
2026-07-09,VGI,69942155.0,18442736.0,88384891.0,51499419.0
2026-07-09,VIBHA-W5,0.0,10.0,10.0,-10.0
2026-07-09,VIH,39985.0,0.0,39985.0,39985.0
2026-07-09,VPO,0.0,189000.0,189000.0,-189000.0
2026-07-09,WASH,21514.0,75200.0,96714.0,-53686.0
2026-07-09,WAVE,0.0,3.0,3.0,-3.0
2026-07-09,WFX,0.0,192.0,192.0,-192.0
2026-07-09,WHA,89716477.0,70639886.0,160356363.0,19076591.0
2026-07-09,WHAUP,148856910.0,38311065.0,187167975.0,110545845.0
2026-07-09,WICE,0.0,7466.0,7466.0,-7466.0
2026-07-09,WIIK,40950.0,48353.0,89303.0,-7403.0
2026-07-09,WORK,0.0,2428.0,2428.0,-2428.0
2026-07-09,WPH,218935.0,49985.0,268920.0,168950.0
2026-07-09,XBIO,0.0,78000.0,78000.0,-78000.0
2026-07-09,XO,2298320.0,682320.0,2980640.0,1616000.0
2026-07-09,XPG,150080.0,17688.0,167768.0,132392.0
2026-07-09,YGG,0.0,19.0,19.0,-19.0
2026-07-09,ZIGA-W2,0.0,2.01,2.01,-2.01
2026-07-08,88TH,57520.0,60548.0,118068.0,-3028.0
2026-07-08,AAI,752682.0,326098.0,1078780.0,426584.0
2026-07-08,AAV,5060218.0,26230503.0,31290721.0,-21170285.0
2026-07-08,ACE,0.0,52001.0,52001.0,-52001.0
2026-07-08,ADB,190333.0,0.0,190333.0,190333.0
2026-07-08,ADD,0.0,1268.0,1268.0,-1268.0
2026-07-08,ADVANC,1575416644.0,830839740.0,2406256384.0,744576904.0
2026-07-08,ADVICE,781975.0,1922155.0,2704130.0,-1140180.0
2026-07-08,AE,198.0,32.0,230.0,166.0
2026-07-08,AEONTS,16673053.0,15829600.0,32502653.0,843453.0
2026-07-08,AGE,0.0,116216.0,116216.0,-116216.0
2026-07-08,AH,651680.0,6322240.0,6973920.0,-5670560.0
2026-07-08,AI,134.4,63.64,198.04,70.76
2026-07-08,AIE,0.0,270031.0,270031.0,-270031.0
2026-07-08,AIT,132870.0,146558.0,279428.0,-13688.0
2026-07-08,AJ,1609384.0,1059614.0,2668998.0,549770.0
2026-07-08,AJA,13.0,13.0,26.0,0.0
2026-07-08,AKP,0.0,1150.0,1150.0,-1150.0
2026-07-08,AKR,273.0,360.0,633.0,-87.0
2026-07-08,ALLA,231.0,115.0,346.0,116.0
2026-07-08,ALPHAX,26000.0,584.0,26584.0,25416.0
2026-07-08,ALT,1113604.0,901006.0,2014610.0,212598.0
2026-07-08,AMA,0.0,384.0,384.0,-384.0
2026-07-08,AMANAH,504.0,0.0,504.0,504.0
2026-07-08,AMARC,96998.0,1636666.0,1733664.0,-1539668.0
2026-07-08,AMATA,87815839.0,76769825.0,164585664.0,11046014.0
2026-07-08,ANAN,28800.0,0.0,28800.0,28800.0
2026-07-08,AOT,860211512.75,970092050.0,1830303562.75,-109880537.25
2026-07-08,AP,13851760.0,17000785.0,30852545.0,-3149025.0
2026-07-08,APCS,0.0,128.0,128.0,-128.0
2026-07-08,APO,67010.0,116194.0,183204.0,-49184.0
2026-07-08,AS,16738.0,482214.0,498952.0,-465476.0
2026-07-08,ASAP,0.0,400.0,400.0,-400.0
2026-07-08,ASEFA,644975.0,83350.0,728325.0,561625.0
2026-07-08,ASIAN,142455.0,1417895.0,1560350.0,-1275440.0
2026-07-08,ASIMAR,675.0,272.0,947.0,403.0
2026-07-08,ASK,12601470.0,7402110.0,20003580.0,5199360.0
2026-07-08,ASP,149724.0,367540.0,517264.0,-217816.0
2026-07-08,ASTR,0.0,5304.0,5304.0,-5304.0
2026-07-08,ASW,1440.0,0.0,1440.0,1440.0
2026-07-08,ATLAS,92415.0,537930.0,630345.0,-445515.0
2026-07-08,AU,95088.0,292750.0,387838.0,-197662.0
2026-07-08,AUCT,155470.0,572072.0,727542.0,-416602.0
2026-07-08,AURA,1076220.0,4812940.0,5889160.0,-3736720.0
2026-07-08,AWC,41688580.0,54600108.0,96288688.0,-12911528.0
2026-07-08,AYUD,104025.0,120000.0,224025.0,-15975.0
2026-07-08,BA,169351360.0,40794644.0,210146004.0,128556716.0
2026-07-08,BAFS,936610.0,744790.0,1681400.0,191820.0
2026-07-08,BAM,32039362.0,6902730.0,38942092.0,25136632.0
2026-07-08,BANPU,96370920.0,55001802.8,151372722.8,41369117.2
2026-07-08,BAY,108227800.0,27703100.0,135930900.0,80524700.0
2026-07-08,BBGI,571318.0,1769130.88,2340448.88,-1197812.88
2026-07-08,BBIK,9677200.0,10235400.0,19912600.0,-558200.0
2026-07-08,BBL,799650175.5,661763150.0,1461413325.5,137887025.5
2026-07-08,BCH,18828965.0,67053305.0,85882270.0,-48224340.0
2026-07-08,BCP,122957850.0,81934328.5,204892178.5,41023521.5
2026-07-08,BCPG,11842275.0,16209270.0,28051545.0,-4366995.0
2026-07-08,BDMS,454630670.0,469030749.5,923661419.5,-14400079.5
2026-07-08,BE8,186750.0,248850.0,435600.0,-62100.0
2026-07-08,BEAUTY,546000.0,21350.0,567350.0,524650.0
2026-07-08,BEC,13164.0,42828.0,55992.0,-29664.0
2026-07-08,BEM,36948040.0,73843511.0,110791551.0,-36895471.0
2026-07-08,BGC,12690.0,0.0,12690.0,12690.0
2026-07-08,BGRIM,357408800.0,204213132.0,561621932.0,153195668.0
2026-07-08,BH,139431332.0,450845800.0,590277132.0,-311414468.0
2026-07-08,BIG,0.0,810.0,810.0,-810.0
2026-07-08,BIOTEC,0.0,24.0,24.0,-24.0
2026-07-08,BIZ,0.0,4720.0,4720.0,-4720.0
2026-07-08,BJC,33172992.0,38730353.5,71903345.5,-5557361.5
2026-07-08,BJCHI,0.0,620.0,620.0,-620.0
2026-07-08,BKD,0.0,444.0,444.0,-444.0
2026-07-08,BKGI,59628.0,103880.0,163508.0,-44252.0
2026-07-08,BKIH,0.0,297400.0,297400.0,-297400.0
2026-07-08,BLA,34955650.0,15872800.0,50828450.0,19082850.0
2026-07-08,BLAND,55959.0,12821.0,68780.0,43138.0
2026-07-08,BLC,7420.0,0.0,7420.0,7420.0
2026-07-08,BM,21568.0,6820.0,28388.0,14748.0
2026-07-08,BOL,25398.0,26250.0,51648.0,-852.0
2026-07-08,BPP,1140.0,373940.0,375080.0,-372800.0
2026-07-08,BR,5937.0,395.0,6332.0,5542.0
2026-07-08,BRI,1677.0,0.0,1677.0,1677.0
2026-07-08,BRR,0.0,360.0,360.0,-360.0
2026-07-08,BSM,0.0,1300.0,1300.0,-1300.0
2026-07-08,BTC,46.0,1938.0,1984.0,-1892.0
2026-07-08,BTG,35883464.0,48399010.0,84282474.0,-12515546.0
2026-07-08,BTS,15203484.0,55684150.0,70887634.0,-40480666.0
2026-07-08,BWG,12000.0,24.0,12024.0,11976.0
2026-07-08,BWG-W7,0.0,2.0,2.0,-2.0
2026-07-08,BWG-W8,0.0,4.0,4.0,-4.0
2026-07-08,BYD,136766.0,599915.0,736681.0,-463149.0
2026-07-08,CAZ,7564.0,9930.0,17494.0,-2366.0
2026-07-08,CBG,131178900.0,85734675.0,216913575.0,45444225.0
2026-07-08,CCET,76990729.1,66448900.0,143439629.1,10541829.099999994
2026-07-08,CENTEL,58549275.0,46077325.0,104626600.0,12471950.0
2026-07-08,CFARM,0.0,36298.0,36298.0,-36298.0
2026-07-08,CFRESH,0.0,728.0,728.0,-728.0
2026-07-08,CGD,0.0,780.0,780.0,-780.0
2026-07-08,CGH,1890.0,2830.0,4720.0,-940.0
2026-07-08,CHAYO,282966.75,731563.0,1014529.75,-448596.25
2026-07-08,CHG,6103340.0,7754675.0,13858015.0,-1651335.0
2026-07-08,CHOW,0.0,256.0,256.0,-256.0
2026-07-08,CIVIL,28822.0,29183.0,58005.0,-361.0
2026-07-08,CK,25859700.0,52900070.0,78759770.0,-27040370.0
2026-07-08,CKP,7903092.0,3663090.0,11566182.0,4240002.0
2026-07-08,CMAN,0.0,286.0,286.0,-286.0
2026-07-08,CNT,185342.0,114478.0,299820.0,70864.0
2026-07-08,COCOCO,2260.0,2332600.0,2334860.0,-2330340.0
2026-07-08,COM7,213876450.0,120680050.0,334556500.0,93196400.0
2026-07-08,COMAN,100.0,49.0,149.0,51.0
2026-07-08,CPALL,546017956.25,540197950.0,1086215906.25,5820006.25
2026-07-08,CPANEL,0.0,12.11,12.11,-12.11
2026-07-08,CPAXT,10430470.0,152333710.0,162764180.0,-141903240.0
2026-07-08,CPF,572842560.0,445199410.0,1018041970.0,127643150.0
2026-07-08,CPL,13800.0,14600.0,28400.0,-800.0
2026-07-08,CPN,111943065.0,108046850.0,219989915.0,3896215.0
2026-07-08,CPW,0.0,3800.0,3800.0,-3800.0
2026-07-08,CRC,243150260.0,173671710.0,416821970.0,69478550.0
2026-07-08,CREDIT,3584630.0,3990610.0,7575240.0,-405980.0
2026-07-08,CSS,51644.0,58676.0,110320.0,-7032.0
2026-07-08,CTW,129015.0,32550.0,161565.0,96465.0
2026-07-08,CWT,19079.0,8160.0,27239.0,10919.0
2026-07-08,CWT-W8,36000.0,0.0,36000.0,36000.0
2026-07-08,DCC,47486.0,49964.0,97450.0,-2478.0
2026-07-08,DELTA,1215653691.0,1695903800.0,2911557491.0,-480250109.0
2026-07-08,DEMCO,40532.0,223322.0,263854.0,-182790.0
2026-07-08,DEMCO-W8,25198.0,25564.0,50762.0,-366.0
2026-07-08,DIMET,0.0,522.0,522.0,-522.0
2026-07-08,DITTO,10850110.0,11450250.0,22300360.0,-600140.0
2026-07-08,DMT,703200.0,364730.0,1067930.0,338470.0
2026-07-08,DOHOME,8010622.0,25462948.0,33473570.0,-17452326.0
2026-07-08,DPAINT,5000.0,0.0,5000.0,5000.0
2026-07-08,DRT,510.0,1020.0,1530.0,-510.0
2026-07-08,DTCENT,0.0,409.84,409.84,-409.84
2026-07-08,DUSIT,237000.0,0.0,237000.0,237000.0
2026-07-08,EA,31364172.0,68123496.0,99487668.0,-36759324.0
2026-07-08,EA-W1,31000.0,0.0,31000.0,31000.0
2026-07-08,EAST,8880.0,9315.0,18195.0,-435.0
2026-07-08,EASTW,1262826.0,2026356.0,3289182.0,-763530.0
2026-07-08,EFORL,0.0,12.0,12.0,-12.0
2026-07-08,EGCO,88712100.0,72731050.0,161443150.0,15981050.0
2026-07-08,EKH,0.0,4000.0,4000.0,-4000.0
2026-07-08,EMPIRE,0.0,395195.0,395195.0,-395195.0
2026-07-08,EPG,12941339.9,19762895.0,32704234.9,-6821555.1
2026-07-08,ERW,7759286.0,7800546.0,15559832.0,-41260.0
2026-07-08,ETC,8298.0,368037.0,376335.0,-359739.0
2026-07-08,ETL,0.0,1566.0,1566.0,-1566.0
2026-07-08,EVER,0.0,483.0,483.0,-483.0
2026-07-08,FM,2133824.0,3886102.0,6019926.0,-1752278.0
2026-07-08,FMT,0.0,21.0,21.0,-21.0
2026-07-08,FNS,63000.0,0.0,63000.0,63000.0
2026-07-08,FORTH,9736650.0,14107630.0,23844280.0,-4370980.0
2026-07-08,FPT,4620.0,0.0,4620.0,4620.0
2026-07-08,FSMART,195390.0,2814605.0,3009995.0,-2619215.0
2026-07-08,FSX,0.0,1200.0,1200.0,-1200.0
2026-07-08,FTE,20.02,264.0,284.02,-243.98
2026-07-08,FTI,0.0,179.0,179.0,-179.0
2026-07-08,GABLE,1144574.0,17194.0,1161768.0,1127380.0
2026-07-08,GC,9800.0,488.0,10288.0,9312.0
2026-07-08,GFC,0.0,2070.0,2070.0,-2070.0
2026-07-08,GFPT,2067740.0,4511755.0,6579495.0,-2444015.0
2026-07-08,GGC,0.0,39988.0,39988.0,-39988.0
2026-07-08,GJS,0.0,52780.0,52780.0,-52780.0
2026-07-08,GLOBAL,51478595.0,51450871.0,102929466.0,27724.0
2026-07-08,GLORY,0.0,443.0,443.0,-443.0
2026-07-08,GPSC,310404100.0,246122675.0,556526775.0,64281425.0
2026-07-08,GRAND,19440.0,220370.0,239810.0,-200930.0
2026-07-08,GREEN,0.0,276.0,276.0,-276.0
2026-07-08,GULF,1094639737.5,533439336.75,1628079074.25,561200400.75
2026-07-08,GUNKUL,613400740.0,237977535.48,851378275.48,375423204.52
2026-07-08,HANA,79211633.0,97448950.0,176660583.0,-18237317.0
2026-07-08,HARN,291284.0,0.0,291284.0,291284.0
2026-07-08,HFT,1192.0,0.0,1192.0,1192.0
2026-07-08,HMPRO,80830718.95,118316905.0,199147623.95,-37486186.05
2026-07-08,HTC,545590.0,533960.0,1079550.0,11630.0
2026-07-08,HTECH,1559180.0,101192.0,1660372.0,1457988.0
2026-07-08,HUMAN,84650.0,786610.0,871260.0,-701960.0
2026-07-08,ICHI,39131000.0,26029690.0,65160690.0,13101310.0
2026-07-08,ICN,0.0,642.0,642.0,-642.0
2026-07-08,IHL,0.0,13700.0,13700.0,-13700.0
2026-07-08,ILINK,1286000.0,216264.0,1502264.0,1069736.0
2026-07-08,ILM,244500.0,220180.0,464680.0,24320.0
2026-07-08,IND,2760.0,0.0,2760.0,2760.0
2026-07-08,INET,1122800.0,219646.0,1342446.0,903154.0
2026-07-08,INGRS,0.0,117711.0,117711.0,-117711.0
2026-07-08,INOX,416.0,414.0,830.0,2.0
2026-07-08,INSET,30768512.0,14354696.0,45123208.0,16413816.0
2026-07-08,IP,0.0,482.0,482.0,-482.0
2026-07-08,IRCP,28000.0,270.0,28270.0,27730.0
2026-07-08,IROYAL,0.0,51676.0,51676.0,-51676.0
2026-07-08,IRPC,114477966.0,150659635.0,265137601.0,-36181669.0
2026-07-08,ITC,41515640.0,81782030.0,123297670.0,-40266390.0
2026-07-08,ITD,11218.0,18196.0,29414.0,-6978.0
2026-07-08,ITEL,1429318.0,812793.0,2242111.0,616525.0
2026-07-08,ITNS,0.0,170.0,170.0,-170.0
2026-07-08,ITTHI,0.0,1080.0,1080.0,-1080.0
2026-07-08,IVF-W1,0.0,11.97,11.97,-11.97
2026-07-08,IVL,204764880.0,234701150.0,439466030.0,-29936270.0
2026-07-08,JAS,8171742.0,22785988.0,30957730.0,-14614246.0
2026-07-08,JAS-W4,1650.0,0.0,1650.0,1650.0
2026-07-08,JMART,49745235.0,32983430.0,82728665.0,16761805.0
2026-07-08,JMT,62663360.0,66497510.0,129160870.0,-3834150.0
2026-07-08,JPARK,295896.0,182848.0,478744.0,113048.0
2026-07-08,JSP,17700.0,0.0,17700.0,17700.0
2026-07-08,JTS,9462000.0,5234075.0,14696075.0,4227925.0
2026-07-08,JUBILE,750.0,760.0,1510.0,-10.0
2026-07-08,KAMART,197670.0,2142225.0,2339895.0,-1944555.0
2026-07-08,KBANK,1093793192.0,1176010240.0,2269803432.0,-82217048.0
2026-07-08,KBS,0.0,36270.0,36270.0,-36270.0
2026-07-08,KCC,0.0,70294.0,70294.0,-70294.0
2026-07-08,KCE,196777503.25,158484500.0,355262003.25,38293003.25
2026-07-08,KCG,813500.0,3187895.0,4001395.0,-2374395.0
2026-07-08,KGEN,869161.0,2893448.0,3762609.0,-2024287.0
2026-07-08,KGI,2851394.0,5123066.0,7974460.0,-2271672.0
2026-07-08,KISS,14420.0,216584.0,231004.0,-202164.0
2026-07-08,KKP,469074853.0,411738050.0,880812903.0,57336803.0
2026-07-08,KLINIQ,3104350.0,4213425.0,7317775.0,-1109075.0
2026-07-08,KSL,148417.0,308815.0,457232.0,-160398.0
2026-07-08,KTB,1687927450.0,1109318304.5,2797245754.5,578609145.5
2026-07-08,KTC,568746900.0,443944951.0,1012691851.0,124801949.0
2026-07-08,KUMWEL,42568.0,141284.0,183852.0,-98716.0
2026-07-08,LALIN,434.0,222912.0,223346.0,-222478.0
2026-07-08,LANNA,141610.0,0.0,141610.0,141610.0
2026-07-08,LEE,0.0,5.0,5.0,-5.0
2026-07-08,LEO,187.0,0.0,187.0,187.0
2026-07-08,LH,17768894.0,42676650.0,60445544.0,-24907756.0
2026-07-08,LHFG,3607079.0,3416110.0,7023189.0,190969.0
2026-07-08,LOXLEY,0.0,103946.0,103946.0,-103946.0
2026-07-08,LPH,0.0,44686.0,44686.0,-44686.0
2026-07-08,LPN,101603.0,81304.0,182907.0,20299.0
2026-07-08,LST,476.0,0.0,476.0,476.0
2026-07-08,LTS,25458.0,770.0,26228.0,24688.0
2026-07-08,M,7654490.0,22198800.0,29853290.0,-14544310.0
2026-07-08,M-CHAI,7320.0,0.0,7320.0,7320.0
2026-07-08,MAGURO,88954.0,887740.0,976694.0,-798786.0
2026-07-08,MAJOR,348195.0,675940.0,1024135.0,-327745.0
2026-07-08,MALEE,137196.0,297122.0,434318.0,-159926.0
2026-07-08,MASTEC,1046639.0,1091024.0,2137663.0,-44385.0
2026-07-08,MASTER,31620.0,466515.0,498135.0,-434895.0
2026-07-08,MBK,24259470.0,12543750.0,36803220.0,11715720.0
2026-07-08,MC,280320.0,3418980.0,3699300.0,-3138660.0
2026-07-08,MCOT,0.0,169595.0,169595.0,-169595.0
2026-07-08,MCS,219570.0,4753035.0,4972605.0,-4533465.0
2026-07-08,MEB,204490.0,1887750.0,2092240.0,-1683260.0
2026-07-08,MEDEZE,645.0,135870.0,136515.0,-135225.0
2026-07-08,MEGA,29574375.0,3689500.0,33263875.0,25884875.0
2026-07-08,METCO,117700.0,58800.0,176500.0,58900.0
2026-07-08,MFC,47280.0,0.0,47280.0,47280.0
2026-07-08,MFEC,11700.0,7540.0,19240.0,4160.0
2026-07-08,MGC,615475.0,7432005.0,8047480.0,-6816530.0
2026-07-08,MGI,453170.0,667760.0,1120930.0,-214590.0
2026-07-08,MICRO,103.0,678.0,781.0,-575.0
2026-07-08,MIDA,0.0,5027.0,5027.0,-5027.0
2026-07-08,MINT,516286100.0,249726820.0,766012920.0,266559280.0
2026-07-08,MJD,2232.0,0.0,2232.0,2232.0
2026-07-08,MK,0.0,2240.0,2240.0,-2240.0
2026-07-08,ML,989094.0,476015.0,1465109.0,513079.0
2026-07-08,MMM,13800.0,69766.0,83566.0,-55966.0
2026-07-08,MONO,467567.0,417588.0,885155.0,49979.0
2026-07-08,MORE,0.0,30.0,30.0,-30.0
2026-07-08,MOSHI,4599825.0,7011100.0,11610925.0,-2411275.0
2026-07-08,MPJ,0.0,1092.0,1092.0,-1092.0
2026-07-08,MRDIYT,39914410.0,25280730.0,65195140.0,14633680.0
2026-07-08,MST,122450.0,0.0,122450.0,122450.0
2026-07-08,MTC,163207575.0,141924575.0,305132150.0,21283000.0
2026-07-08,NATION,600.0,0.0,600.0,600.0
2026-07-08,NCAP,2259212.0,514120.0,2773332.0,1745092.0
2026-07-08,NCL,0.0,216.0,216.0,-216.0
2026-07-08,NCP,0.0,12480.0,12480.0,-12480.0
2026-07-08,NDR,8.89,2520.0,2528.89,-2511.11
2026-07-08,NEO,1276230.0,2350900.0,3627130.0,-1074670.0
2026-07-08,NER,2942880.0,6604420.0,9547300.0,-3661540.0
2026-07-08,NETBAY,5394300.0,3631550.0,9025850.0,1762750.0
2026-07-08,NEX,8989.0,859650.0,868639.0,-850661.0
2026-07-08,NL,0.0,69.0,69.0,-69.0
2026-07-08,NNCL,35700.0,0.0,35700.0,35700.0
2026-07-08,NOBLE,18200.0,21500.0,39700.0,-3300.0
2026-07-08,NSL,116750.0,3714680.0,3831430.0,-3597930.0
2026-07-08,NTF,1148690.0,1208860.0,2357550.0,-60170.0
2026-07-08,NV,60.0,0.0,60.0,60.0
2026-07-08,NVD,0.0,356.0,356.0,-356.0
2026-07-08,NYT,1579026.0,1687018.0,3266044.0,-107992.0
2026-07-08,OKJ,83374.0,482628.0,566002.0,-399254.0
2026-07-08,ONEE,107700.0,879622.0,987322.0,-771922.0
2026-07-08,OR,61234240.0,64257810.0,125492050.0,-3023570.0
2026-07-08,ORI,103881.0,437490.0,541371.0,-333609.0
2026-07-08,OSP,62877650.0,74057740.0,136935390.0,-11180090.0
2026-07-08,PACO,2836.0,0.0,2836.0,2836.0
2026-07-08,PAF,8083.0,10558.0,18641.0,-2475.0
2026-07-08,PCC,840692.0,3146.0,843838.0,837546.0
2026-07-08,PCE,0.0,84000.0,84000.0,-84000.0
2026-07-08,PCSGH,0.0,600.0,600.0,-600.0
2026-07-08,PDJ,291.0,0.0,291.0,291.0
2026-07-08,PEER,0.0,153.0,153.0,-153.0
2026-07-08,PIN,299578.0,73020.0,372598.0,226558.0
2026-07-08,PK,0.0,1173.0,1173.0,-1173.0
2026-07-08,PLANB,29984718.0,31316820.0,61301538.0,-1332102.0
2026-07-08,PLANET,0.0,59.0,59.0,-59.0
2026-07-08,PLAT,604569.0,1376956.0,1981525.0,-772387.0
2026-07-08,PLE,223.0,9.0,232.0,214.0
2026-07-08,PLUS,7580.0,9243.0,16823.0,-1663.0
2026-07-08,PM,172630.0,330000.0,502630.0,-157370.0
2026-07-08,PMC,114841.0,287660.0,402501.0,-172819.0
2026-07-08,PORT,6100.0,0.0,6100.0,6100.0
2026-07-08,PPPM,0.0,22.0,22.0,-22.0
2026-07-08,PR9,9662010.0,9547490.0,19209500.0,114520.0
2026-07-08,PREB,0.0,342.0,342.0,-342.0
2026-07-08,PRINC,691.0,0.0,691.0,691.0
2026-07-08,PRM,8290890.0,4685520.0,12976410.0,3605370.0
2026-07-08,PRTR,342.0,273312.0,273654.0,-272970.0
2026-07-08,PSGC,50000.0,35.0,50035.0,49965.0
2026-07-08,PSH,198588.0,156080.0,354668.0,42508.0
2026-07-08,PSL,23800600.0,7079955.0,30880555.0,16720645.0
2026-07-08,PSP,3341835.0,1398065.0,4739900.0,1943770.0
2026-07-08,PSTC,0.0,780.0,780.0,-780.0
2026-07-08,PT,133280.0,98560.0,231840.0,34720.0
2026-07-08,PTG,6775725.0,19984030.0,26759755.0,-13208305.0
2026-07-08,PTL,60040.0,979050.0,1039090.0,-919010.0
2026-07-08,PTT,1824855740.0,1435159745.0,3260015485.0,389695995.0
2026-07-08,PTTEP,2538982550.0,3224548800.0,5763531350.0,-685566250.0
2026-07-08,PTTGC,274591150.0,464763875.0,739355025.0,-190172725.0
2026-07-08,PYLON,761800.0,1162704.0,1924504.0,-400904.0
2026-07-08,QH,3049869.0,7242818.0,10292687.0,-4192949.0
2026-07-08,QTC,0.0,3188.0,3188.0,-3188.0
2026-07-08,QTCG,0.0,10.0,10.0,-10.0
2026-07-08,RABBIT,101150.0,205.0,101355.0,100945.0
2026-07-08,RABBIT-P,22104.0,36.0,22140.0,22068.0
2026-07-08,RAM,3620.0,9010.0,12630.0,-5390.0
2026-07-08,RATCH,179788750.0,94332750.0,274121500.0,85456000.0
2026-07-08,RBF,1891657.0,2168600.0,4060257.0,-276943.0
2026-07-08,RCL,94445250.0,52690325.0,147135575.0,41754925.0
2026-07-08,READY,0.0,612.0,612.0,-612.0
2026-07-08,RJH,198930.0,208950.0,407880.0,-10020.0
2026-07-08,ROCTEC,26.7,57244.0,57270.7,-57217.3
2026-07-08,ROJNA,590700.0,10117205.0,10707905.0,-9526505.0
2026-07-08,RPC,0.0,420.0,420.0,-420.0
2026-07-08,RPH,0.0,498.0,498.0,-498.0
2026-07-08,RS,70.0,351.0,421.0,-281.0
2026-07-08,RT,0.0,116.0,116.0,-116.0
2026-07-08,RWI,0.0,16.0,16.0,-16.0
2026-07-08,S,2744.0,5390.0,8134.0,-2646.0
2026-07-08,SAAM,0.0,577.88,577.88,-577.88
2026-07-08,SABINA,79580.0,1674700.0,1754280.0,-1595120.0
2026-07-08,SAF,25500.0,4686.0,30186.0,20814.0
2026-07-08,SAK,1353398.0,5417842.0,6771240.0,-4064444.0
2026-07-08,SALEE,0.0,531.0,531.0,-531.0
2026-07-08,SAMART,463720.0,1923900.0,2387620.0,-1460180.0
2026-07-08,SAMTEL,2476.0,0.0,2476.0,2476.0
2026-07-08,SANKO,18326.0,17747.0,36073.0,579.0
2026-07-08,SAPPE,4005200.0,3546750.0,7551950.0,458450.0
2026-07-08,SAT,1266430.0,2393920.0,3660350.0,-1127490.0
2026-07-08,SAV,645330.0,3491390.0,4136720.0,-2846060.0
2026-07-08,SAWAD,129267650.0,190166140.0,319433790.0,-60898490.0
2026-07-08,SC,952788.0,7776505.0,8729293.0,-6823717.0
2026-07-08,SCAP,4681927.0,7237193.19,11919120.19,-2555266.1900000004
2026-07-08,SCB,1319429200.0,853337700.0,2172766900.0,466091500.0
2026-07-08,SCC,106583100.0,257329600.0,363912700.0,-150746500.0
2026-07-08,SCCC,338890.0,43950.0,382840.0,294940.0
2026-07-08,SCG,568.0,0.0,568.0,568.0
2026-07-08,SCGD,10610.0,54035.0,64645.0,-43425.0
2026-07-08,SCGP,170559825.0,178841217.75,349401042.75,-8281392.75
2026-07-08,SCL,0.0,3160.0,3160.0,-3160.0
2026-07-08,SCM,108.0,300.0,408.0,-192.0
2026-07-08,SE,0.0,106.0,106.0,-106.0
2026-07-08,SEAFCO,323744.0,893322.0,1217066.0,-569578.0
2026-07-08,SEAOIL,37824.0,6474.0,44298.0,31350.0
2026-07-08,SECURE,252310.0,0.0,252310.0,252310.0
2026-07-08,SENA,0.0,1050.0,1050.0,-1050.0
2026-07-08,SFLEX,0.0,30870.0,30870.0,-30870.0
2026-07-08,SGC,36023230.0,32774074.0,68797304.0,3249156.0
2026-07-08,SGF,0.0,206.0,206.0,-206.0
2026-07-08,SGP,1585.0,1590.0,3175.0,-5.0
2026-07-08,SHANG,8550.0,0.0,8550.0,8550.0
2026-07-08,SHR,74619.0,2158814.0,2233433.0,-2084195.0
2026-07-08,SIAM,0.0,30400.0,30400.0,-30400.0
2026-07-08,SICT,23416.0,30542.0,53958.0,-7126.0
2026-07-08,SIMAT,3371.0,516643.0,520014.0,-513272.0
2026-07-08,SINGER,34119320.0,28726380.0,62845700.0,5392940.0
2026-07-08,SIRI,5476348.0,15372692.0,20849040.0,-9896344.0
2026-07-08,SIS,9546650.0,2393490.0,11940140.0,7153160.0
2026-07-08,SISB,1413665.0,7093640.0,8507305.0,-5679975.0
2026-07-08,SITHAI,0.0,331634.0,331634.0,-331634.0
2026-07-08,SJWD,5119150.0,3531810.0,8650960.0,1587340.0
2026-07-08,SKE,0.0,19.0,19.0,-19.0
2026-07-08,SKR,0.0,323665.0,323665.0,-323665.0
2026-07-08,SKY,2132460.0,3220300.0,5352760.0,-1087840.0
2026-07-08,SLP,500.0,0.0,500.0,500.0
2026-07-08,SMART,0.0,530.0,530.0,-530.0
2026-07-08,SMD100,678.0,0.0,678.0,678.0
2026-07-08,SMIT,1770.0,70400.0,72170.0,-68630.0
2026-07-08,SMO,0.0,655492.0,655492.0,-655492.0
2026-07-08,SMPC,5495.0,0.0,5495.0,5495.0
2026-07-08,SMT,2710552.0,1516348.0,4226900.0,1194204.0
2026-07-08,SNC,77375.0,37870.0,115245.0,39505.0
2026-07-08,SNNP,786625.0,421545.0,1208170.0,365080.0
2026-07-08,SO,6524.0,23200.0,29724.0,-16676.0
2026-07-08,SPA,40992.0,1142520.0,1183512.0,-1101528.0
2026-07-08,SPACK,9607.0,294.0,9901.0,9313.0
2026-07-08,SPALI,2906053.0,10974470.0,13880523.0,-8068417.0
2026-07-08,SPCG,557860.0,171415.0,729275.0,386445.0
2026-07-08,SPRC,152745735.0,79859167.4,232604902.4,72886567.6
2026-07-08,SPVI,66208.0,743812.0,810020.0,-677604.0
2026-07-08,SQ,1800.0,43947.0,45747.0,-42147.0
2026-07-08,SR,0.0,68200.0,68200.0,-68200.0
2026-07-08,SRICHA,1022380.0,2513260.0,3535640.0,-1490880.0
2026-07-08,SSP,5970.0,714678.0,720648.0,-708708.0
2026-07-08,SSSC,0.0,218.0,218.0,-218.0
2026-07-08,SST,180.0,94.0,274.0,86.0
2026-07-08,STA,36734660.0,32666810.0,69401470.0,4067850.0
2026-07-08,STANLY,1707500.0,2416300.0,4123800.0,-708800.0
2026-07-08,STARM,0.0,3720.0,3720.0,-3720.0
2026-07-08,STECON,20832730.0,39385060.0,60217790.0,-18552330.0
2026-07-08,STELLA,0.0,3448.0,3448.0,-3448.0
2026-07-08,STGT,4435910.0,10008103.5,14444013.5,-5572193.5
2026-07-08,STI,0.0,1881.0,1881.0,-1881.0
2026-07-08,STPI,10047475.0,2055140.0,12102615.0,7992335.0
2026-07-08,SUC,92650.0,0.0,92650.0,92650.0
2026-07-08,SUN,0.0,11326.0,11326.0,-11326.0
2026-07-08,SUPER,0.0,137461.0,137461.0,-137461.0
2026-07-08,SUSCO,96964.0,894.0,97858.0,96070.0
2026-07-08,SVOA,9828.0,150101.0,159929.0,-140273.0
2026-07-08,SVR,0.0,72.0,72.0,-72.0
2026-07-08,SVT,125.0,0.0,125.0,125.0
2026-07-08,SYNEX,388885.0,3718620.0,4107505.0,-3329735.0
2026-07-08,TACC,1020090.0,10701610.0,11721700.0,-9681520.0
2026-07-08,TAE,1687930.0,6379455.0,8067385.0,-4691525.0
2026-07-08,TAKUNI,1594.0,11700.0,13294.0,-10106.0
2026-07-08,TASCO,6765973.9,2810170.0,9576143.9,3955803.9
2026-07-08,TC,2680.0,5985.0,8665.0,-3305.0
2026-07-08,TCAP,59443300.0,92611300.0,152054600.0,-33168000.0
2026-07-08,TCC,24640.0,0.0,24640.0,24640.0
2026-07-08,TEAM,695272.0,351726.0,1046998.0,343546.0
2026-07-08,TEAMG,196686.0,2426598.0,2623284.0,-2229912.0
2026-07-08,TEGH,1856.0,73310.0,75166.0,-71454.0
2026-07-08,TERA,0.0,22110.0,22110.0,-22110.0
2026-07-08,TFG,128140900.0,100911650.0,229052550.0,27229250.0
2026-07-08,TFM,84765.0,950700.0,1035465.0,-865935.0
2026-07-08,TFMAMA,37500.0,0.0,37500.0,37500.0
2026-07-08,TGE,0.0,200.0,200.0,-200.0
2026-07-08,TH,611.0,480.0,1091.0,131.0
2026-07-08,THAI,110954010.45,265589300.0,376543310.45,-154635289.55
2026-07-08,THANI,34954548.0,28965791.0,63920339.0,5988757.0
2026-07-08,THCOM,3155540.0,3970080.0,7125620.0,-814540.0
2026-07-08,THG,27430.0,1205775.0,1233205.0,-1178345.0
2026-07-08,THRE,0.0,38.0,38.0,-38.0
2026-07-08,TIDLOR,136085490.0,109110250.0,245195740.0,26975240.0
2026-07-08,TIPCO,615.0,0.0,615.0,615.0
2026-07-08,TIPH,1656800.0,2585070.0,4241870.0,-928270.0
2026-07-08,TISCO,145253050.0,59460714.0,204713764.0,85792336.0
2026-07-08,TITLE,2223200.0,6945.0,2230145.0,2216255.0
2026-07-08,TKN,62048.0,4284516.0,4346564.0,-4222468.0
2026-07-08,TKS,43685.0,19595.0,63280.0,24090.0
2026-07-08,TKT,0.0,72.0,72.0,-72.0
2026-07-08,TLI,94681970.0,48060340.0,142742310.0,46621630.0
2026-07-08,TMAN,11970.0,1070.0,13040.0,10900.0
2026-07-08,TMW,526600.0,105675.0,632275.0,420925.0
2026-07-08,TNDT,0.0,13.0,13.0,-13.0
2026-07-08,TNDT-W2,0.0,154.67,154.67,-154.67
2026-07-08,TNP,0.0,288.0,288.0,-288.0
2026-07-08,TNR,0.0,550.0,550.0,-550.0
2026-07-08,TOA,72820410.0,18405617.1,91226027.1,54414792.9
2026-07-08,TOG,765.0,0.0,765.0,765.0
2026-07-08,TOP,598345700.0,377256025.0,975601725.0,221089675.0
2026-07-08,TPAC,3545.0,0.0,3545.0,3545.0
2026-07-08,TPCS,0.0,6860.0,6860.0,-6860.0
2026-07-08,TPIPL,3407865.0,1821579.0,5229444.0,1586286.0
2026-07-08,TPIPP,96592.0,191821.0,288413.0,-95229.0
2026-07-08,TPS,0.0,948.0,948.0,-948.0
2026-07-08,TQM,904170.0,523660.0,1427830.0,380510.0
2026-07-08,TQR,1110.0,560.0,1670.0,550.0
2026-07-08,TRC,173.0,0.0,173.0,173.0
2026-07-08,TRT,22247920.0,9209730.0,31457650.0,13038190.0
2026-07-08,TRUBB,0.0,370528.0,370528.0,-370528.0
2026-07-08,TRUE,535143769.0,587516275.5,1122660044.5,-52372506.5
2026-07-08,TSC,0.0,1500.0,1500.0,-1500.0
2026-07-08,TSE,1238034.0,967424.0,2205458.0,270610.0
2026-07-08,TSI,0.0,25006.0,25006.0,-25006.0
2026-07-08,TSTH,86936.0,1761365.0,1848301.0,-1674429.0
2026-07-08,TTA,317048.0,3453236.0,3770284.0,-3136188.0
2026-07-08,TTB,455606546.0,277835982.2,733442528.2,177770563.8
2026-07-08,TTW,5533290.0,5013510.1,10546800.1,519779.9000000004
2026-07-08,TU,49834480.0,100993310.0,150827790.0,-51158830.0
2026-07-08,TURBO,6772168.0,3605126.0,10377294.0,3167042.0
2026-07-08,TVO,4281275.0,3729850.0,8011125.0,551425.0
2026-07-08,UAC,0.0,256.0,256.0,-256.0
2026-07-08,UBA,0.0,1201.0,1201.0,-1201.0
2026-07-08,UBE,113346.0,971434.0,1084780.0,-858088.0
2026-07-08,UBIS,0.0,1064.0,1064.0,-1064.0
2026-07-08,UKEM,279861.0,2098649.0,2378510.0,-1818788.0
2026-07-08,UMI,0.0,2670.0,2670.0,-2670.0
2026-07-08,UMS,46217.0,947179.0,993396.0,-900962.0
2026-07-08,UNIQ,7512.0,44984.0,52496.0,-37472.0
2026-07-08,UNIX,4794.0,329162.0,333956.0,-324368.0
2026-07-08,UREKA,9870.0,9752.0,19622.0,118.0
2026-07-08,UTP,210650.0,1897320.0,2107970.0,-1686670.0
2026-07-08,UV,0.0,656.0,656.0,-656.0
2026-07-08,UVAN,228192.9,1256000.0,1484192.9,-1027807.1
2026-07-08,VCOM,54062.0,1980.0,56042.0,52082.0
2026-07-08,VGI,1172735.0,21164938.0,22337673.0,-19992203.0
2026-07-08,VIBE,0.0,2.24,2.24,-2.24
2026-07-08,VIBE-W3,0.0,0.06,0.06,-0.06
2026-07-08,VIBHA,1.36,44762.0,44763.36,-44760.64
2026-07-08,VIH,80370.0,850.0,81220.0,79520.0
2026-07-08,VL,0.0,324.0,324.0,-324.0
2026-07-08,VPO,0.0,48000.0,48000.0,-48000.0
2026-07-08,WARRIX,681.0,0.0,681.0,681.0
2026-07-08,WASH,34926.0,960104.0,995030.0,-925178.0
2026-07-08,WAVE,0.0,117.0,117.0,-117.0
2026-07-08,WHA,53653766.8,124256528.0,177910294.8,-70602761.2
2026-07-08,WHAUP,45677760.0,8025362.0,53703122.0,37652398.0
2026-07-08,WICE,30158.0,286880.0,317038.0,-256722.0
2026-07-08,WIIK,8614.0,0.0,8614.0,8614.0
2026-07-08,WIN,0.0,840.0,840.0,-840.0
2026-07-08,WORK,0.0,4834.0,4834.0,-4834.0
2026-07-08,WPH,63960.0,334360.0,398320.0,-270400.0
2026-07-08,XBIO,0.0,7.0,7.0,-7.0
2026-07-08,XO,750360.0,1777770.0,2528130.0,-1027410.0
2026-07-08,XPG,37070.0,18060.0,55130.0,19010.0
2026-07-08,YGG,0.0,1120.0,1120.0,-1120.0
2026-07-08,ZAA,0.0,1067.0,1067.0,-1067.0
2026-07-08,ZIGA,1122.0,1290.0,2412.0,-168.0
2026-07-07,88TH,33514.0,241820.0,275334.0,-208306.0
2026-07-07,A5,0.0,40775.0,40775.0,-40775.0
2026-07-07,AAI,3148188.0,1349852.0,4498040.0,1798336.0
2026-07-07,AAV,113493.0,19680238.0,19793731.0,-19566745.0
2026-07-07,ACC,0.0,34000.0,34000.0,-34000.0
2026-07-07,ACE,0.0,20608.0,20608.0,-20608.0
2026-07-07,ADD,0.0,954.0,954.0,-954.0
2026-07-07,ADVANC,1429106350.12,1095317406.12,2524423756.24,333788944.0
2026-07-07,ADVICE,0.0,3096270.0,3096270.0,-3096270.0
2026-07-07,AE,0.0,3150.0,3150.0,-3150.0
2026-07-07,AEONTS,32946816.0,5185300.0,38132116.0,27761516.0
2026-07-07,AGE,0.0,4305.0,4305.0,-4305.0
2026-07-07,AH,7240860.0,18812160.0,26053020.0,-11571300.0
2026-07-07,AIE,13664.0,101346.0,115010.0,-87682.0
2026-07-07,AIT,162524.0,93026.0,255550.0,69498.0
2026-07-07,AJ,447602.0,756468.0,1204070.0,-308866.0
2026-07-07,AJA,559.0,82121.0,82680.0,-81562.0
2026-07-07,AKP,0.0,11109.0,11109.0,-11109.0
2026-07-07,AKR,0.0,9100.0,9100.0,-9100.0
2026-07-07,ALPHAX,0.0,459.0,459.0,-459.0
2026-07-07,ALT,268545.0,2564461.0,2833006.0,-2295916.0
2026-07-07,ALUCON,0.0,72000.0,72000.0,-72000.0
2026-07-07,AMANAH,0.0,3156.0,3156.0,-3156.0
2026-07-07,AMARC,746432.0,633378.0,1379810.0,113054.0
2026-07-07,AMARIN,0.0,636.0,636.0,-636.0
2026-07-07,AMATA,175410470.0,83347775.0,258758245.0,92062695.0
2026-07-07,ANAN,1680.0,0.0,1680.0,1680.0
2026-07-07,AOT,536118389.0,507944132.0,1044062521.0,28174257.0
2026-07-07,AP,6410785.0,3207565.0,9618350.0,3203220.0
2026-07-07,APO,60384.0,212160.0,272544.0,-151776.0
2026-07-07,AQUA,0.0,2422.0,2422.0,-2422.0
2026-07-07,ARROW,0.0,145000.0,145000.0,-145000.0
2026-07-07,AS,142848.0,0.0,142848.0,142848.0
2026-07-07,ASAP,0.0,404.0,404.0,-404.0
2026-07-07,ASEFA,925680.0,327785.0,1253465.0,597895.0
2026-07-07,ASIA,535.0,0.0,535.0,535.0
2026-07-07,ASIAN,1151950.0,338355.0,1490305.0,813595.0
2026-07-07,ASK,7859170.0,371610.0,8230780.0,7487560.0
2026-07-07,ASP,357148.0,571772.0,928920.0,-214624.0
2026-07-07,ASTR,4410.0,988.0,5398.0,3422.0
2026-07-07,ATLAS,171043.0,1399028.0,1570071.0,-1227985.0
2026-07-07,AU,58696.0,159266.0,217962.0,-100570.0
2026-07-07,AUCT,470240.0,1499436.0,1969676.0,-1029196.0
2026-07-07,AURA,9338680.0,8375720.0,17714400.0,962960.0
2026-07-07,AWC,20038036.0,38059912.0,58097948.0,-18021876.0
2026-07-07,AYUD,64425.0,202.5,64627.5,64222.5
2026-07-07,BA,88101890.0,13641380.0,101743270.0,74460510.0
2026-07-07,BAFS,1943130.0,5460.0,1948590.0,1937670.0
2026-07-07,BAM,26437415.0,43068065.0,69505480.0,-16630650.0
2026-07-07,BANPU,61685841.4,96816005.0,158501846.4,-35130163.6
2026-07-07,BAY,18753000.0,29437650.0,48190650.0,-10684650.0
2026-07-07,BBGI,559340.0,1887982.0,2447322.0,-1328642.0
2026-07-07,BBIK,2244600.0,8592200.0,10836800.0,-6347600.0
2026-07-07,BBL,997058306.5,1234378424.0,2231436730.5,-237320117.5
2026-07-07,BCH,30758655.0,17399250.0,48157905.0,13359405.0
2026-07-07,BCP,127157075.0,120185600.0,247342675.0,6971475.0
2026-07-07,BCPG,9025680.0,16185100.0,25210780.0,-7159420.0
2026-07-07,BDMS,396311116.0,247852347.1,644163463.1,148458768.9
2026-07-07,BE8,555.0,129030.0,129585.0,-128475.0
2026-07-07,BEAUTY,21000.0,22750.0,43750.0,-1750.0
2026-07-07,BEC,3360.0,3754.0,7114.0,-394.0
2026-07-07,BEM,61509954.1,62270570.0,123780524.1,-760615.8999999985
2026-07-07,BEYOND,0.0,7920.0,7920.0,-7920.0
2026-07-07,BGC,705.0,0.0,705.0,705.0
2026-07-07,BGRIM,100986570.0,90313200.0,191299770.0,10673370.0
2026-07-07,BH,182599696.5,189015717.5,371615414.0,-6416021.0
2026-07-07,BIG,0.0,775.0,775.0,-775.0
2026-07-07,BIOTEC,1368.0,3504.0,4872.0,-2136.0
2026-07-07,BIZ,0.0,17850.0,17850.0,-17850.0
2026-07-07,BJC,14087814.9,35073392.5,49161207.4,-20985577.6
2026-07-07,BKA,0.0,180615.0,180615.0,-180615.0
2026-07-07,BKGI,22780.0,318068.0,340848.0,-295288.0
2026-07-07,BKIH,742.0,668800.0,669542.0,-668058.0
2026-07-07,BLA,12460925.0,6498150.0,18959075.0,5962775.0
2026-07-07,BLAND,401113.0,182610.0,583723.0,218503.0
2026-07-07,BLC,14184.0,163116.0,177300.0,-148932.0
2026-07-07,BM,113124.0,113095.0,226219.0,29.0
2026-07-07,BOL,25398.0,0.0,25398.0,25398.0
2026-07-07,BPP,37290.0,354370.0,391660.0,-317080.0
2026-07-07,BR,788.0,0.0,788.0,788.0
2026-07-07,BSM,4747.0,0.0,4747.0,4747.0
2026-07-07,BTC,48.0,16.0,64.0,32.0
2026-07-07,BTG,41947994.0,64864690.0,106812684.0,-22916696.0
2026-07-07,BTS,12858310.0,46578630.0,59436940.0,-33720320.0
2026-07-07,BWG,0.0,2550.0,2550.0,-2550.0
2026-07-07,BYD,56352.0,61632.0,117984.0,-5280.0
2026-07-07,CAZ,7194.0,8672.0,15866.0,-1478.0
2026-07-07,CBG,72131600.0,82438375.0,154569975.0,-10306775.0
2026-07-07,CCET,24628564.0,48373545.0,73002109.0,-23744981.0
2026-07-07,CENTEL,11425250.0,54801800.0,66227050.0,-43376550.0
2026-07-07,CFARM,0.0,9685.42,9685.42,-9685.42
2026-07-07,CGD,825000.0,0.0,825000.0,825000.0
2026-07-07,CGH,10192.0,4341.0,14533.0,5851.0
2026-07-07,CHAYO,702387.0,1541455.0,2243842.0,-839068.0
2026-07-07,CHG,3157736.0,7909763.0,11067499.0,-4752027.0
2026-07-07,CHOW,0.0,264.0,264.0,-264.0
2026-07-07,CIVIL,0.0,2780.0,2780.0,-2780.0
2026-07-07,CK,20775470.0,47545050.0,68320520.0,-26769580.0
2026-07-07,CKP,334060.0,3920688.0,4254748.0,-3586628.0
2026-07-07,CMAN,0.0,282.0,282.0,-282.0
2026-07-07,CMC,0.0,46.0,46.0,-46.0
2026-07-07,CNT,6110.0,31760.0,37870.0,-25650.0
2026-07-07,COCOCO,139725.0,135090.0,274815.0,4635.0
2026-07-07,COM7,131860900.0,69585475.0,201446375.0,62275425.0
2026-07-07,COMAN,0.0,49.0,49.0,-49.0
2026-07-07,CPALL,562642000.0,346921507.5,909563507.5,215720492.5
2026-07-07,CPAXT,28359740.0,74145470.0,102505210.0,-45785730.0
2026-07-07,CPF,770625337.5,405662478.0,1176287815.5,364962859.5
2026-07-07,CPL,345.0,0.0,345.0,345.0
2026-07-07,CPN,181427852.5,103013531.5,284441384.0,78414321.0
2026-07-07,CPW,0.0,1428.0,1428.0,-1428.0
2026-07-07,CRC,146295020.0,99376970.0,245671990.0,46918050.0
2026-07-07,CREDIT,6697540.0,2962820.0,9660360.0,3734720.0
2026-07-07,CSS,12255.0,66662.0,78917.0,-54407.0
2026-07-07,CTW,73724.4,42335.0,116059.4,31389.4
2026-07-07,CWT,38660.0,946.0,39606.0,37714.0
2026-07-07,CWT-W8,18000.0,19000.0,37000.0,-1000.0
2026-07-07,DCC,194375.0,101418.0,295793.0,92957.0
2026-07-07,DELTA,890364840.0,1051730493.0,1942095333.0,-161365653.0
2026-07-07,DEMCO,46726.0,195482.0,242208.0,-148756.0
2026-07-07,DIMET,0.0,56.0,56.0,-56.0
2026-07-07,DITTO,4728180.0,14769670.0,19497850.0,-10041490.0
2026-07-07,DMT,230400.0,0.0,230400.0,230400.0
2026-07-07,DOHOME,15094194.0,15467996.0,30562190.0,-373802.0
2026-07-07,DPAINT,0.0,52.0,52.0,-52.0
2026-07-07,DRT,510.0,76500.0,77010.0,-75990.0
2026-07-07,DUSIT,37100.0,0.0,37100.0,37100.0
2026-07-07,EA,14728068.66,50824142.0,65552210.66,-36096073.34
2026-07-07,EAST,0.0,12120.0,12120.0,-12120.0
2026-07-07,EASTW,846476.0,1258368.0,2104844.0,-411892.0
2026-07-07,EGCO,71773150.0,59509650.0,131282800.0,12263500.0
2026-07-07,EKH,298900.0,0.0,298900.0,298900.0
2026-07-07,EMC-W7,10000.0,0.0,10000.0,10000.0
2026-07-07,EMPIRE,317101.0,124174.0,441275.0,192927.0
2026-07-07,EPG,8450165.5,45023510.0,53473675.5,-36573344.5
2026-07-07,ERW,8184584.0,11729296.0,19913880.0,-3544712.0
2026-07-07,ESTAR,0.0,240.0,240.0,-240.0
2026-07-07,ETC,13800.0,14145.0,27945.0,-345.0
2026-07-07,ETL,0.0,21040.0,21040.0,-21040.0
2026-07-07,EVER,0.0,7.0,7.0,-7.0
2026-07-07,FM,369232.0,1264144.0,1633376.0,-894912.0
2026-07-07,FNS,6669.0,0.0,6669.0,6669.0
2026-07-07,FORTH,5772780.0,16243940.0,22016720.0,-10471160.0
2026-07-07,FSMART,350030.0,3116230.0,3466260.0,-2766200.0
2026-07-07,GABLE,212686.0,18474.0,231160.0,194212.0
2026-07-07,GBX,24400.0,0.0,24400.0,24400.0
2026-07-07,GENCO,2880.0,0.0,2880.0,2880.0
2026-07-07,GFPT,6794070.0,5566735.0,12360805.0,1227335.0
2026-07-07,GJS,0.0,1170.0,1170.0,-1170.0
2026-07-07,GLOBAL,42320185.0,24691805.0,67011990.0,17628380.0
2026-07-07,GLORY,124365.0,0.0,124365.0,124365.0
2026-07-07,GPSC,186686350.0,136360546.0,323046896.0,50325804.0
2026-07-07,GRAND,0.0,300000.0,300000.0,-300000.0
2026-07-07,GREEN,0.0,968.0,968.0,-968.0
2026-07-07,GULF,988211551.5,1273500744.25,2261712295.75,-285289192.75
2026-07-07,GUNKUL,92587228.0,250469760.0,343056988.0,-157882532.0
2026-07-07,HANA,36398330.0,51749075.0,88147405.0,-15350745.0
2026-07-07,HARN,519532.0,0.0,519532.0,519532.0
2026-07-07,HENG,14976.0,1974.0,16950.0,13002.0
2026-07-07,HL,1110.0,0.0,1110.0,1110.0
2026-07-07,HMPRO,40165869.5,49126160.0,89292029.5,-8960290.5
2026-07-07,HTC,226060.0,202530.0,428590.0,23530.0
2026-07-07,HTECH,1070854.0,1753330.0,2824184.0,-682476.0
2026-07-07,HUMAN,2878.0,530284.0,533162.0,-527406.0
2026-07-07,ICHI,19710650.0,16500260.0,36210910.0,3210390.0
2026-07-07,IHL,1360.0,13838.0,15198.0,-12478.0
2026-07-07,III,0.0,5160.0,5160.0,-5160.0
2026-07-07,ILINK,173900.0,7470.0,181370.0,166430.0
2026-07-07,ILM,234980.0,308600.0,543580.0,-73620.0
2026-07-07,IND,23500.0,0.0,23500.0,23500.0
2026-07-07,INET,158948.0,1235446.0,1394394.0,-1076498.0
2026-07-07,INGRS,0.0,22500.0,22500.0,-22500.0
2026-07-07,INOX,416.0,0.0,416.0,416.0
2026-07-07,INSET,4380576.0,26374886.0,30755462.0,-21994310.0
2026-07-07,IP,0.0,4500.0,4500.0,-4500.0
2026-07-07,IROYAL,0.0,32296.0,32296.0,-32296.0
2026-07-07,IRPC,61985780.0,63743905.0,125729685.0,-1758125.0
2026-07-07,IT,0.0,52965.0,52965.0,-52965.0
2026-07-07,ITC,37513390.0,30685640.0,68199030.0,6827750.0
2026-07-07,ITD,18342.0,19043.0,37385.0,-701.0
2026-07-07,ITEL,447201.0,3204904.0,3652105.0,-2757703.0
2026-07-07,ITEL-W6,8000.0,0.0,8000.0,8000.0
2026-07-07,ITTHI,3562.0,1350.0,4912.0,2212.0
2026-07-07,IVL,177963506.0,169497660.0,347461166.0,8465846.0
2026-07-07,J,0.0,71.0,71.0,-71.0
2026-07-07,JAK,0.0,22263.0,22263.0,-22263.0
2026-07-07,JAS,339165.0,2059475.0,2398640.0,-1720310.0
2026-07-07,JCK,0.0,1464.0,1464.0,-1464.0
2026-07-07,JDF,0.0,96840.0,96840.0,-96840.0
2026-07-07,JMART,12601905.0,17561790.0,30163695.0,-4959885.0
2026-07-07,JMT,23466170.0,47841530.0,71307700.0,-24375360.0
2026-07-07,JPARK,76512.0,0.0,76512.0,76512.0
2026-07-07,JTS,4248800.0,2022225.0,6271025.0,2226575.0
2026-07-07,KAMART,560675.0,938825.0,1499500.0,-378150.0
2026-07-07,KASET,42296.0,0.0,42296.0,42296.0
2026-07-07,KBANK,1803014125.8,1309300992.8,3112315118.6,493713133.0
2026-07-07,KBS,0.0,36855.0,36855.0,-36855.0
2026-07-07,KCC,146852.0,27954.0,174806.0,118898.0
2026-07-07,KCE,108225278.5,134706175.0,242931453.5,-26480896.5
2026-07-07,KCG,125370.0,1150720.0,1276090.0,-1025350.0
2026-07-07,KGEN,3083971.0,4741981.0,7825952.0,-1658010.0
2026-07-07,KGEN-W2,220000.0,40000.0,260000.0,180000.0
2026-07-07,KGI,1540940.0,5284360.0,6825300.0,-3743420.0
2026-07-07,KISS,0.0,204696.0,204696.0,-204696.0
2026-07-07,KJL,0.0,630.0,630.0,-630.0
2026-07-07,KKP,305260613.0,213801550.0,519062163.0,91459063.0
2026-07-07,KLINIQ,3744450.0,408175.0,4152625.0,3336275.0
2026-07-07,KOOL,0.0,870.0,870.0,-870.0
2026-07-07,KSL,132714.0,32751.0,165465.0,99963.0
2026-07-07,KTB,2192637019.75,1751908437.5,3944545457.25,440728582.25
2026-07-07,KTC,903189070.75,412528025.0,1315717095.75,490661045.75
2026-07-07,KTIS,0.0,364.0,364.0,-364.0
2026-07-07,KUMWEL,57545.0,84666.0,142211.0,-27121.0
2026-07-07,LANNA,65700.0,0.0,65700.0,65700.0
2026-07-07,LEE,46128.0,35.0,46163.0,46093.0
2026-07-07,LH,18831020.8,28717706.0,47548726.8,-9886685.2
2026-07-07,LHFG,4472093.0,5729637.0,10201730.0,-1257544.0
2026-07-07,LOXLEY,0.0,15762.0,15762.0,-15762.0
2026-07-07,LPN,23866.0,69256.0,93122.0,-45390.0
2026-07-07,LTS,0.0,74964.0,74964.0,-74964.0
2026-07-07,M,5058590.0,25082340.0,30140930.0,-20023750.0
2026-07-07,MAGURO,4312300.0,4218339.0,8530639.0,93961.0
2026-07-07,MAJOR,145320.0,447945.0,593265.0,-302625.0
2026-07-07,MALEE,89062.0,41222.0,130284.0,47840.0
2026-07-07,MASTEC,392506.0,818830.0,1211336.0,-426324.0
2026-07-07,MASTER,386360.0,1056475.0,1442835.0,-670115.0
2026-07-07,MATI,286.0,300.0,586.0,-14.0
2026-07-07,MBK,9558680.0,6369780.0,15928460.0,3188900.0
2026-07-07,MC,1005300.0,2955990.0,3961290.0,-1950690.0
2026-07-07,MCOT,162150.0,25950.0,188100.0,136200.0
2026-07-07,MCS,273705.0,318370.0,592075.0,-44665.0
2026-07-07,MDX,3250.0,250.0,3500.0,3000.0
2026-07-07,MEB,179790.0,1948260.0,2128050.0,-1768470.0
2026-07-07,MEDEZE,0.0,71275.0,71275.0,-71275.0
2026-07-07,MEGA,7816150.0,6973225.0,14789375.0,842925.0
2026-07-07,METCO,501500.0,0.0,501500.0,501500.0
2026-07-07,MFC,25480.0,23520.0,49000.0,1960.0
2026-07-07,MFEC,0.0,1170.0,1170.0,-1170.0
2026-07-07,MGC,3239825.0,2873030.0,6112855.0,366795.0
2026-07-07,MGI,707260.0,617010.0,1324270.0,90250.0
2026-07-07,MICRO,0.0,7119.0,7119.0,-7119.0
2026-07-07,MIDA,4560.0,10755.0,15315.0,-6195.0
2026-07-07,MINT,161244837.7,132018499.2,293263336.9,29226338.499999985
2026-07-07,MJD,837.0,0.0,837.0,837.0
2026-07-07,MK,0.0,2622.0,2622.0,-2622.0
2026-07-07,ML,335246.0,217501.0,552747.0,117745.0
2026-07-07,MMM,19134.0,280.0,19414.0,18854.0
2026-07-07,MONO,29926.0,337302.0,367228.0,-307376.0
2026-07-07,MORE,0.0,5.0,5.0,-5.0
2026-07-07,MOSHI,3064700.0,4360950.0,7425650.0,-1296250.0
2026-07-07,MRDIYT,100881020.0,28160150.0,129041170.0,72720870.0
2026-07-07,MST,20935.0,775.0,21710.0,20160.0
2026-07-07,MTC,167249800.0,139557675.0,306807475.0,27692125.0
2026-07-07,MTI,0.0,75600.0,75600.0,-75600.0
2026-07-07,NCAP,310472.0,2163268.0,2473740.0,-1852796.0
2026-07-07,NCL,0.0,20.0,20.0,-20.0
2026-07-07,NCP,0.0,64860.0,64860.0,-64860.0
2026-07-07,NDR,0.0,181.0,181.0,-181.0
2026-07-07,NEO,21200.0,3549800.0,3571000.0,-3528600.0
2026-07-07,NER,8199870.0,5170932.0,13370802.0,3028938.0
2026-07-07,NETBAY,977640.0,7474420.0,8452060.0,-6496780.0
2026-07-07,NEX,1405314.0,227198.0,1632512.0,1178116.0
2026-07-07,NNCL,0.0,586.4300000000001,586.4300000000001,-586.4300000000001
2026-07-07,NOBLE,0.0,1850.0,1850.0,-1850.0
2026-07-07,NSL,218370.0,1748670.0,1967040.0,-1530300.0
2026-07-07,NTF,2377540.0,212980.0,2590520.0,2164560.0
2026-07-07,NTSC,113625.0,0.0,113625.0,113625.0
2026-07-07,NUT,16110.0,0.0,16110.0,16110.0
2026-07-07,NV,1825.0,0.0,1825.0,1825.0
2026-07-07,NVD,0.0,898.0,898.0,-898.0
2026-07-07,NYT,179730.0,638604.0,818334.0,-458874.0
2026-07-07,OGC,9700.0,0.0,9700.0,9700.0
2026-07-07,OHTL,53000.0,0.0,53000.0,53000.0
2026-07-07,OKJ,951648.0,23562.0,975210.0,928086.0
2026-07-07,ONEE,378192.0,101426.0,479618.0,276766.0
2026-07-07,OR,88970310.0,71507510.0,160477820.0,17462800.0
2026-07-07,ORI,298715.0,487838.0,786553.0,-189123.0
2026-07-07,OSP,100259130.0,63459880.0,163719010.0,36799250.0
2026-07-07,PACO,1820.0,0.0,1820.0,1820.0
2026-07-07,PAF,10890.0,7220.0,18110.0,3670.0
2026-07-07,PAP,0.0,716.0,716.0,-716.0
2026-07-07,PCC,29400.0,2054.0,31454.0,27346.0
2026-07-07,PCE,158530.0,171140.0,329670.0,-12610.0
2026-07-07,PCSGH,35190.0,0.0,35190.0,35190.0
2026-07-07,PERM,0.0,26.0,26.0,-26.0
2026-07-07,PF,855.0,0.0,855.0,855.0
2026-07-07,PHG,0.0,1020.0,1020.0,-1020.0
2026-07-07,PHOL,46400.0,0.0,46400.0,46400.0
2026-07-07,PIMO,0.0,3270.0,3270.0,-3270.0
2026-07-07,PIN,301824.0,0.0,301824.0,301824.0
2026-07-07,PK,0.0,2944.0,2944.0,-2944.0
2026-07-07,PLANB,29697594.0,34340794.0,64038388.0,-4643200.0
2026-07-07,PLAT,2007620.0,1188857.0,3196477.0,818763.0
2026-07-07,PLUS,12555.0,3489.0,16044.0,9066.0
2026-07-07,PM,84360.0,31060.0,115420.0,53300.0
2026-07-07,PMC,247760.0,220320.0,468080.0,27440.0
2026-07-07,PPPM,0.0,366.0,366.0,-366.0
2026-07-07,PR9,7319090.0,7878290.0,15197380.0,-559200.0
2026-07-07,PREB,5220.0,0.0,5220.0,5220.0
2026-07-07,PRG,0.0,64400.0,64400.0,-64400.0
2026-07-07,PRINC,344.0,0.0,344.0,344.0
2026-07-07,PRM,2680165.0,5865890.0,8546055.0,-3185725.0
2026-07-07,PROEN,184000.0,0.0,184000.0,184000.0
2026-07-07,PRTR,342.0,0.0,342.0,342.0
2026-07-07,PSGC,201000.0,0.0,201000.0,201000.0
2026-07-07,PSH,363472.0,180280.0,543752.0,183192.0
2026-07-07,PSL,8514980.0,3267840.0,11782820.0,5247140.0
2026-07-07,PSP,14677085.0,1589730.0,16266815.0,13087355.0
2026-07-07,PSTC,0.0,2697.0,2697.0,-2697.0
2026-07-07,PT,304640.0,97440.0,402080.0,207200.0
2026-07-07,PTG,6309335.0,34440462.15,40749797.15,-28131127.15
2026-07-07,PTL,141410.0,361220.0,502630.0,-219810.0
2026-07-07,PTT,3178165997.0,3276950445.75,6455116442.75,-98784448.75
2026-07-07,PTTEP,681260593.0,872160232.0,1553420825.0,-190899639.0
2026-07-07,PTTGC,314381325.0,304877125.0,619258450.0,9504200.0
2026-07-07,PYLON,36572.0,175506.0,212078.0,-138934.0
2026-07-07,QDC,0.0,4.98,4.98,-4.98
2026-07-07,QH,2481015.0,4375433.0,6856448.0,-1894418.0
2026-07-07,QLT,0.0,177.0,177.0,-177.0
2026-07-07,RABBIT,0.0,35.0,35.0,-35.0
2026-07-07,RABBIT-P,0.0,36.0,36.0,-36.0
2026-07-07,RAM,0.0,9000.0,9000.0,-9000.0
2026-07-07,RATCH,102334600.0,142020850.0,244355450.0,-39686250.0
2026-07-07,RBF,643750.0,4536919.0,5180669.0,-3893169.0
2026-07-07,RCL,18252450.0,39853275.0,58105725.0,-21600825.0
2026-07-07,RJH,83400.0,328450.0,411850.0,-245050.0
2026-07-07,ROCTEC,177504.0,192100.0,369604.0,-14596.0
2026-07-07,ROJNA,1830835.0,5539690.0,7370525.0,-3708855.0
2026-07-07,RPC,0.0,665.0,665.0,-665.0
2026-07-07,RSP,18800.0,0.0,18800.0,18800.0
2026-07-07,RWI,480.0,17.0,497.0,463.0
2026-07-07,SABINA,373180.0,212030.0,585210.0,161150.0
2026-07-07,SAFE,11500.0,0.0,11500.0,11500.0
2026-07-07,SAK,2253918.0,2292126.0,4546044.0,-38208.0
2026-07-07,SAMART,2328425.0,2010337.0,4338762.0,318088.0
2026-07-07,SAMTEL,127970.0,0.0,127970.0,127970.0
2026-07-07,SANKO,15147.0,13246.0,28393.0,1901.0
2026-07-07,SAPPE,1771900.0,3417300.0,5189200.0,-1645400.0
2026-07-07,SAT,1512500.0,1583560.0,3096060.0,-71060.0
2026-07-07,SAUCE,0.0,57750.0,57750.0,-57750.0
2026-07-07,SAV,445850.0,6517460.0,6963310.0,-6071610.0
2026-07-07,SAWAD,135749440.0,245861330.0,381610770.0,-110111890.0
2026-07-07,SC,4804971.0,1735452.0,6540423.0,3069519.0
2026-07-07,SCAP,4607121.0,2579497.0,7186618.0,2027624.0
2026-07-07,SCB,1883806688.32,1212759766.32,3096566454.64,671046922.0
2026-07-07,SCC,156734468.0,403781272.0,560515740.0,-247046804.0
2026-07-07,SCCC,1012350.0,380900.0,1393250.0,631450.0
2026-07-07,SCG,286.0,2880.0,3166.0,-2594.0
2026-07-07,SCGD,10610.0,101000.0,111610.0,-90390.0
2026-07-07,SCGP,75958175.0,60366125.0,136324300.0,15592050.0
2026-07-07,SCM,0.0,36.0,36.0,-36.0
2026-07-07,SCN,40.0,0.0,40.0,40.0
2026-07-07,SCP,9000.0,71600.0,80600.0,-62600.0
2026-07-07,SE,0.0,10000.0,10000.0,-10000.0
2026-07-07,SE-ED,108.26,0.0,108.26,108.26
2026-07-07,SEAFCO,185826.0,449536.0,635362.0,-263710.0
2026-07-07,SEAOIL,13950.0,310.0,14260.0,13640.0
2026-07-07,SECURE,546000.0,130750.0,676750.0,415250.0
2026-07-07,SENA,0.0,348.0,348.0,-348.0
2026-07-07,SFLEX,45288.0,296.0,45584.0,44992.0
2026-07-07,SGC,5404374.0,17770171.0,23174545.0,-12365797.0
2026-07-07,SGF,0.0,155.0,155.0,-155.0
2026-07-07,SGP,1580.0,34645.0,36225.0,-33065.0
2026-07-07,SHR,65973.0,340542.0,406515.0,-274569.0
2026-07-07,SICT,7952.0,31522.0,39474.0,-23570.0
2026-07-07,SIMAT,0.0,248648.0,248648.0,-248648.0
2026-07-07,SINGER,5680410.0,9870640.0,15551050.0,-4190230.0
2026-07-07,SIRI,9268571.0,17690969.0,26959540.0,-8422398.0
2026-07-07,SIS,2598770.0,1631700.0,4230470.0,967070.0
2026-07-07,SISB,2152260.0,5951670.0,8103930.0,-3799410.0
2026-07-07,SITHAI,0.0,306.0,306.0,-306.0
2026-07-07,SJWD,6482745.0,7069250.0,13551995.0,-586505.0
2026-07-07,SKR,0.0,112255.0,112255.0,-112255.0
2026-07-07,SKY,945560.0,681340.0,1626900.0,264220.0
2026-07-07,SMD100,449.0,0.0,449.0,449.0
2026-07-07,SMIT,1760.0,84050.0,85810.0,-82290.0
2026-07-07,SMO,0.0,376498.0,376498.0,-376498.0
2026-07-07,SMPC,1830.0,0.0,1830.0,1830.0
2026-07-07,SMT,1150970.0,9810144.0,10961114.0,-8659174.0
2026-07-07,SNC,820.0,3280.0,4100.0,-2460.0
2026-07-07,SNNP,155730.0,138705.0,294435.0,17025.0
2026-07-07,SO,44544.0,0.0,44544.0,44544.0
2026-07-07,SOLAR,0.0,69.0,69.0,-69.0
2026-07-07,SPA,695166.0,1132208.0,1827374.0,-437042.0
2026-07-07,SPACK,24330.0,1024.0,25354.0,23306.0
2026-07-07,SPALI,17283750.0,37837490.0,55121240.0,-20553740.0
2026-07-07,SPC,55500.0,0.0,55500.0,55500.0
2026-07-07,SPCG,221575.0,386145.0,607720.0,-164570.0
2026-07-07,SPRC,190782520.0,171099735.0,361882255.0,19682785.0
2026-07-07,SPVI,0.0,961072.0,961072.0,-961072.0
2026-07-07,SQ,17073.0,0.0,17073.0,17073.0
2026-07-07,SR,0.0,38400.0,38400.0,-38400.0
2026-07-07,SRICHA,2153370.0,7126390.0,9279760.0,-4973020.0
2026-07-07,SSP,0.0,242296.0,242296.0,-242296.0
2026-07-07,STA,26687630.0,63700370.0,90388000.0,-37012740.0
2026-07-07,STANLY,1882700.0,1373700.0,3256400.0,509000.0
2026-07-07,STARM,0.0,3720.0,3720.0,-3720.0
2026-07-07,STECH,0.0,1775.0,1775.0,-1775.0
2026-07-07,STECON,26547560.0,17708150.0,44255710.0,8839410.0
2026-07-07,STELLA,0.0,8275.0,8275.0,-8275.0
2026-07-07,STGT,1501430.0,14266961.0,15768391.0,-12765531.0
2026-07-07,STOWER,48.0,0.0,48.0,48.0
2026-07-07,STPI,1753930.0,2162215.0,3916145.0,-408285.0
2026-07-07,SUC,174400.0,0.0,174400.0,174400.0
2026-07-07,SUPER,0.0,108000.0,108000.0,-108000.0
2026-07-07,SUSCO,33376.0,0.0,33376.0,33376.0
2026-07-07,SVOA,51417.0,24327.0,75744.0,27090.0
2026-07-07,SVT,383.0,0.0,383.0,383.0
2026-07-07,SYNEX,1072795.0,2308185.0,3380980.0,-1235390.0
2026-07-07,TACC,1744735.0,5729650.0,7474385.0,-3984915.0
2026-07-07,TAE,373788.0,426221.0,800009.0,-52433.0
2026-07-07,TAKUNI,10444.0,0.0,10444.0,10444.0
2026-07-07,TASCO,1873220.0,7741910.0,9615130.0,-5868690.0
2026-07-07,TC,1340.0,0.0,1340.0,1340.0
2026-07-07,TCAP,61985875.0,63471775.0,125457650.0,-1485900.0
2026-07-07,TCJ,2160.0,0.0,2160.0,2160.0
2026-07-07,TEAM,289434.0,835468.0,1124902.0,-546034.0
2026-07-07,TEAMG,203942.0,674316.0,878258.0,-470374.0
2026-07-07,TEGH,30836.0,11458.0,42294.0,19378.0
2026-07-07,TFG,57584110.0,85694590.0,143278700.0,-28110480.0
2026-07-07,TFI,0.0,4.0,4.0,-4.0
2026-07-07,TFM,796325.0,90845.0,887170.0,705480.0
2026-07-07,TFMAMA,566550.0,188000.0,754550.0,378550.0
2026-07-07,TGE,0.0,25650.0,25650.0,-25650.0
2026-07-07,TGPRO,0.0,1392.0,1392.0,-1392.0
2026-07-07,TH,4800.0,0.0,4800.0,4800.0
2026-07-07,THAI,141237180.5,94794260.0,236031440.5,46442920.5
2026-07-07,THANI,35022779.0,10388481.0,45411260.0,24634298.0
2026-07-07,THCOM,3174590.0,6917300.0,10091890.0,-3742710.0
2026-07-07,THG,52560.0,1194215.0,1246775.0,-1141655.0
2026-07-07,THRE,19500.0,19500.0,39000.0,0.0
2026-07-07,TIDLOR,146957370.0,145789580.0,292746950.0,1167790.0
2026-07-07,TIGER,0.0,3903.0,3903.0,-3903.0
2026-07-07,TIPH,879150.0,2194340.0,3073490.0,-1315190.0
2026-07-07,TISCO,372959522.48,241105222.48,614064744.96,131854300.00000004
2026-07-07,TITLE,135065.0,301925.0,436990.0,-166860.0
2026-07-07,TKN,263642.0,3051362.0,3315004.0,-2787720.0
2026-07-07,TKS,60175.0,52070.0,112245.0,8105.0
2026-07-07,TLI,78760830.0,68137220.0,146898050.0,10623610.0
2026-07-07,TMAN,45910.0,0.0,45910.0,45910.0
2026-07-07,TMD,0.0,132500.0,132500.0,-132500.0
2026-07-07,TMW,17550.0,181350.0,198900.0,-163800.0
2026-07-07,TNDT,0.0,27.0,27.0,-27.0
2026-07-07,TNDT-W2,0.0,154.0,154.0,-154.0
2026-07-07,TNP,0.0,576.0,576.0,-576.0
2026-07-07,TNR,0.0,550.0,550.0,-550.0
2026-07-07,TOA,35979380.0,26256270.0,62235650.0,9723110.0
2026-07-07,TOG,84250.0,307552.6,391802.6,-223302.6
2026-07-07,TOP,352643650.0,282134500.0,634778150.0,70509150.0
2026-07-07,TPAC,57745.0,48950.0,106695.0,8795.0
2026-07-07,TPCH,1251.0,0.0,1251.0,1251.0
2026-07-07,TPCS,0.0,4980.0,4980.0,-4980.0
2026-07-07,TPIPL,225528.0,2846482.0,3072010.0,-2620954.0
2026-07-07,TPIPP,234501.0,276392.0,510893.0,-41891.0
2026-07-07,TPOLY,1440.0,0.0,1440.0,1440.0
2026-07-07,TPP,0.0,37800.0,37800.0,-37800.0
2026-07-07,TQM,379920.0,1273340.0,1653260.0,-893420.0
2026-07-07,TQR,0.0,560.0,560.0,-560.0
2026-07-07,TRC,178.0,0.0,178.0,178.0
2026-07-07,TRT,11441510.0,2762310.0,14203820.0,8679200.0
2026-07-07,TRUBB,81213.0,269538.0,350751.0,-188325.0
2026-07-07,TRUE,472243718.5,535942542.0,1008186260.5,-63698823.5
2026-07-07,TSC,0.0,2980.0,2980.0,-2980.0
2026-07-07,TSE,368973.0,483074.0,852047.0,-114101.0
2026-07-07,TSTH,177368.0,652152.0,829520.0,-474784.0
2026-07-07,TTA,237306.0,2932266.0,3169572.0,-2694960.0
2026-07-07,TTB,440815794.1,302466663.8,743282457.9000001,138349130.3
2026-07-07,TTW,3994260.0,3282450.0,7276710.0,711810.0
2026-07-07,TU,49691280.0,69343800.0,119035080.0,-19652520.0
2026-07-07,TURBO,6747914.0,7718580.0,14466494.0,-970666.0
2026-07-07,TVO,2865900.0,5802125.0,8668025.0,-2936225.0
2026-07-07,UBE,0.0,40932.0,40932.0,-40932.0
2026-07-07,UBIS,0.0,21617.0,21617.0,-21617.0
2026-07-07,UKEM,1384427.0,353247.0,1737674.0,1031180.0
2026-07-07,UMI,0.0,1911.0,1911.0,-1911.0
2026-07-07,UMS,861682.0,311150.0,1172832.0,550532.0
2026-07-07,UNIQ,4054.0,20508.0,24562.0,-16454.0
2026-07-07,UNIX,475725.0,1001612.0,1477337.0,-525887.0
2026-07-07,UREKA,13724.0,210589.0,224313.0,-196865.0
2026-07-07,UTP,2090785.0,1754820.0,3845605.0,335965.0
2026-07-07,UV,0.0,664.0,664.0,-664.0
2026-07-07,UVAN,197860.0,1500860.0,1698720.0,-1303000.0
2026-07-07,VCOM,90272.0,2376.0,92648.0,87896.0
2026-07-07,VGI,8086916.0,29311940.0,37398856.0,-21225024.0
2026-07-07,VIBHA,0.0,128093.0,128093.0,-128093.0
2026-07-07,VIBHA-W5,30000.0,0.0,30000.0,30000.0
2026-07-07,VIH,30400.0,845.0,31245.0,29555.0
2026-07-07,WASH,9250.0,0.0,9250.0,9250.0
2026-07-07,WAVE,0.0,3.0,3.0,-3.0
2026-07-07,WGE,7000.0,0.0,7000.0,7000.0
2026-07-07,WHA,79332613.25,77680525.0,157013138.25,1652088.25
2026-07-07,WHAUP,5590070.0,18202669.6,23792739.6,-12612599.6
2026-07-07,WICE,65080.0,197410.0,262490.0,-132330.0
2026-07-07,WIIK,0.0,13104.0,13104.0,-13104.0
2026-07-07,WORK,0.0,2418.0,2418.0,-2418.0
2026-07-07,WPH,135600.0,62475.0,198075.0,73125.0
2026-07-07,XO,2258510.0,327970.0,2586480.0,1930540.0
2026-07-07,XPG,185535.0,42570.0,228105.0,142965.0
2026-07-07,XYZ,0.0,28.0,28.0,-28.0
2026-07-07,YGG,0.0,19.0,19.0,-19.0
2026-07-07,ZAA,0.0,6031.0,6031.0,-6031.0
2026-07-03,2S,304.0,0.0,304.0,304.0
2026-07-03,88TH,31536.0,1736.0,33272.0,29800.0
2026-07-03,AAI,5799288.0,1498300.0,7297588.0,4300988.0
2026-07-03,AAV,3920413.0,619221.0,4539634.0,3301192.0
2026-07-03,ACC,102.0,0.0,102.0,102.0
2026-07-03,ACE,0.0,190173.0,190173.0,-190173.0
2026-07-03,ADB,51150.0,0.0,51150.0,51150.0
2026-07-03,ADD,0.0,1258.0,1258.0,-1258.0
2026-07-03,ADVANC,1248333510.0,827305490.0,2075639000.0,421028020.0
2026-07-03,ADVICE,2436450.0,3613740.0,6050190.0,-1177290.0
2026-07-03,AE,0.0,306.0,306.0,-306.0
2026-07-03,AEONTS,28237850.0,9154400.0,37392250.0,19083450.0
2026-07-03,AGE,141425.0,7552.0,148977.0,133873.0
2026-07-03,AH,11665040.0,25284880.0,36949920.0,-13619840.0
2026-07-03,AI,0.0,10656.0,10656.0,-10656.0
2026-07-03,AIE,12320.0,309751.28,322071.28,-297431.28
2026-07-03,AIT,435416.0,1422.0,436838.0,433994.0
2026-07-03,AJ,813448.0,562372.0,1375820.0,251076.0
2026-07-03,AJA,14.0,13.0,27.0,1.0
2026-07-03,AKP,0.0,980.0,980.0,-980.0
2026-07-03,AKR,0.0,1820.0,1820.0,-1820.0
2026-07-03,AKS,0.0,8942.56,8942.56,-8942.56
2026-07-03,ALLA,582.0,0.0,582.0,582.0
2026-07-03,ALPHAX,0.0,364.0,364.0,-364.0
2026-07-03,ALT,1067216.0,471710.0,1538926.0,595506.0
2026-07-03,AMARC,4672024.0,410286.0,5082310.0,4261738.0
2026-07-03,AMARIN,0.0,216.0,216.0,-216.0
2026-07-03,AMATA,76247325.0,22554525.0,98801850.0,53692800.0
2026-07-03,AMATAV,202.0,0.0,202.0,202.0
2026-07-03,ANAN,1419.0,0.0,1419.0,1419.0
2026-07-03,ANI,0.0,1108.0,1108.0,-1108.0
2026-07-03,AOT,1029548150.0,281811200.0,1311359350.0,747736950.0
2026-07-03,AP,3346375.0,7608925.0,10955300.0,-4262550.0
2026-07-03,APO,33734.0,0.0,33734.0,33734.0
2026-07-03,AQUA,0.0,590.0,590.0,-590.0
2026-07-03,ARIN,1470.0,0.0,1470.0,1470.0
2026-07-03,AS,47840.0,0.0,47840.0,47840.0
2026-07-03,ASAP,0.0,199.0,199.0,-199.0
2026-07-03,ASEFA,1980850.0,124320.0,2105170.0,1856530.0
2026-07-03,ASIAN,739785.0,394200.0,1133985.0,345585.0
2026-07-03,ASK,5073150.0,136400.0,5209550.0,4936750.0
2026-07-03,ASP,151876.0,22800.0,174676.0,129076.0
2026-07-03,ASTR,17556.0,100664.0,118220.0,-83108.0
2026-07-03,ATLAS,1630367.0,111000.0,1741367.0,1519367.0
2026-07-03,AU,252988.0,33694.0,286682.0,219294.0
2026-07-03,AUCT,285402.2,91838.0,377240.2,193564.2
2026-07-03,AURA,6740430.0,4949130.0,11689560.0,1791300.0
2026-07-03,AWC,60395871.24,30006090.0,90401961.24,30389781.24
2026-07-03,AYUD,96575.0,0.0,96575.0,96575.0
2026-07-03,BA,14379760.0,22133180.0,36512940.0,-7753420.0
2026-07-03,BAFS,327630.5,85050.0,412680.5,242580.5
2026-07-03,BAM,31559701.85,3241645.0,34801346.85,28318056.85
2026-07-03,BANPU,74693850.0,21113505.0,95807355.0,53580345.0
2026-07-03,BAY,66806825.0,18630875.0,85437700.0,48175950.0
2026-07-03,BBGI,1258086.0,2026504.0,3284590.0,-768418.0
2026-07-03,BBIK,7478690.0,125400.0,7604090.0,7353290.0
2026-07-03,BBL,770146443.5,666418360.0,1436564803.5,103728083.5
2026-07-03,BCH,12688720.0,7571690.0,20260410.0,5117030.0
2026-07-03,BCP,86187050.0,74355775.0,160542825.0,11831275.0
2026-07-03,BCPG,8240362.2,3377000.0,11617362.2,4863362.2
2026-07-03,BDMS,491433700.3,563973780.0,1055407480.3,-72540079.69999999
2026-07-03,BE8,62820.0,115390.0,178210.0,-52570.0
2026-07-03,BEAUTY,360.0,468.0,828.0,-108.0
2026-07-03,BEC,162806.0,191680.0,354486.0,-28874.0
2026-07-03,BEM,278923686.05,160298430.0,439222116.05,118625256.05
2026-07-03,BGRIM,104240370.0,140740620.0,244980990.0,-36500250.0
2026-07-03,BH,343244000.0,243517200.0,586761200.0,99726800.0
2026-07-03,BIG,0.0,23049.0,23049.0,-23049.0
2026-07-03,BIOTEC,3792.0,937.0,4729.0,2855.0
2026-07-03,BIS,202.0,0.0,202.0,202.0
2026-07-03,BIZ,201910.0,66715.0,268625.0,135195.0
2026-07-03,BJC,50951671.5,27505825.9,78457497.4,23445845.6
2026-07-03,BKA,0.0,800.0,800.0,-800.0
2026-07-03,BKGI,154688.0,17980.0,172668.0,136708.0
2026-07-03,BKIH,2356000.0,1306100.0,3662100.0,1049900.0
2026-07-03,BLA,13113075.0,19781375.0,32894450.0,-6668300.0
2026-07-03,BLAND,81051.0,10715.0,91766.0,70336.0
2026-07-03,BLC,42580.0,120296.0,162876.0,-77716.0
2026-07-03,BOL,9.96,0.0,9.96,9.96
2026-07-03,BPP,0.0,724010.0,724010.0,-724010.0
2026-07-03,BRR,720.0,0.0,720.0,720.0
2026-07-03,BTC,17616.0,46.0,17662.0,17570.0
2026-07-03,BTG,14176550.0,53606440.0,67782990.0,-39429890.0
2026-07-03,BTS,55010220.0,14891612.0,69901832.0,40118608.0
2026-07-03,BTW,0.0,7.0,7.0,-7.0
2026-07-03,BWG,19188.0,2132.0,21320.0,17056.0
2026-07-03,BWG-W8,0.0,600.0,600.0,-600.0
2026-07-03,BYD,0.0,624.0,624.0,-624.0
2026-07-03,CAZ,0.0,6352.0,6352.0,-6352.0
2026-07-03,CBG,150950250.0,127915400.0,278865650.0,23034850.0
2026-07-03,CCET,80960991.25,71818365.45,152779356.7,9142625.799999995
2026-07-03,CCP,0.0,3146.0,3146.0,-3146.0
2026-07-03,CEN,0.0,472.0,472.0,-472.0
2026-07-03,CENTEL,31098550.0,18472725.0,49571275.0,12625825.0
2026-07-03,CFARM,44972.0,0.0,44972.0,44972.0
2026-07-03,CFRESH,936.0,0.0,936.0,936.0
2026-07-03,CGH,540.0,47992.0,48532.0,-47452.0
2026-07-03,CHAYO,1393608.0,472705.0,1866313.0,920903.0
2026-07-03,CHG,5913002.0,5656547.0,11569549.0,256455.0
2026-07-03,CHO,4000.0,0.0,4000.0,4000.0
2026-07-03,CHOW,0.0,390.0,390.0,-390.0
2026-07-03,CI,0.0,2240.0,2240.0,-2240.0
2026-07-03,CIVIL,0.0,40741.0,40741.0,-40741.0
2026-07-03,CK,22167610.0,18347030.0,40514640.0,3820580.0
2026-07-03,CKP,5584398.0,2984282.0,8568680.0,2600116.0
2026-07-03,CMAN,0.0,278.0,278.0,-278.0
2026-07-03,CMO,0.0,2937.0,2937.0,-2937.0
2026-07-03,CMR,12700.0,0.0,12700.0,12700.0
2026-07-03,CNT,346584.0,131931.0,478515.0,214653.0
2026-07-03,COCOCO,2723120.0,30315.0,2753435.0,2692805.0
2026-07-03,COM7,142433875.0,119898450.0,262332325.0,22535425.0
2026-07-03,COMAN,50.0,49.0,99.0,1.0
2026-07-03,CPALL,561813400.0,531150650.0,1092964050.0,30662750.0
2026-07-03,CPAXT,67661730.0,37176470.0,104838200.0,30485260.0
2026-07-03,CPF,408105681.4,457133050.0,865238731.4,-49027368.60000002
2026-07-03,CPH,0.0,6200.0,6200.0,-6200.0
2026-07-03,CPI,41680.0,0.0,41680.0,41680.0
2026-07-03,CPN,316470300.0,204397450.0,520867750.0,112072850.0
2026-07-03,CPW,0.0,1916.0,1916.0,-1916.0
2026-07-03,CRC,118521740.0,74617410.0,193139150.0,43904330.0
2026-07-03,CREDIT,2856860.0,4556580.0,7413440.0,-1699720.0
2026-07-03,CSS,0.0,93002.0,93002.0,-93002.0
2026-07-03,CTW,29455.0,13110.0,42565.0,16345.0
2026-07-03,CWT,9600.0,0.0,9600.0,9600.0
2026-07-03,DCC,77106.54,2199.0,79305.54,74907.54
2026-07-03,DELTA,1447117759.0,1071968550.0,2519086309.0,375149209.0
2026-07-03,DEMCO,0.0,82226.0,82226.0,-82226.0
2026-07-03,DEMCO-W8,1530.0,1557.0,3087.0,-27.0
2026-07-03,DITTO,13339050.0,8349910.0,21688960.0,4989140.0
2026-07-03,DMT,111600.0,613190.0,724790.0,-501590.0
2026-07-03,DOHOME,21235132.0,20905530.0,42140662.0,329602.0
2026-07-03,DRT,510.0,0.0,510.0,510.0
2026-07-03,DUSIT,5690.0,62660.0,68350.0,-56970.0
2026-07-03,EA,34737630.0,33685190.0,68422820.0,1052440.0
2026-07-03,EASTW,6831270.0,861718.0,7692988.0,5969552.0
2026-07-03,ECF,10.0,1382.15,1392.15,-1372.15
2026-07-03,ECF-W6,0.0,960.0,960.0,-960.0
2026-07-03,EGCO,134403500.0,66697450.0,201100950.0,67706050.0
2026-07-03,EKH,279760.0,0.0,279760.0,279760.0
2026-07-03,EMPIRE,44222.0,19.0,44241.0,44203.0
2026-07-03,EMPIRE-W2,0.0,36.0,36.0,-36.0
2026-07-03,EPG,87820793.75,38169655.0,125990448.75,49651138.75
2026-07-03,ERW,7080126.88,3207210.0,10287336.88,3872916.88
2026-07-03,ESTAR,20000.0,240.0,20240.0,19760.0
2026-07-03,ETC,205800.0,1260.0,207060.0,204540.0
2026-07-03,ETL,0.0,20000.0,20000.0,-20000.0
2026-07-03,EVER,208.0,8.0,216.0,200.0
2026-07-03,FM,436612.0,751900.0,1188512.0,-315288.0
2026-07-03,FORTH,4838150.0,19177780.0,24015930.0,-14339630.0
2026-07-03,FSMART,1275745.0,166430.0,1442175.0,1109315.0
2026-07-03,FSX,0.0,1952.0,1952.0,-1952.0
2026-07-03,GABLE,287772.0,6414.0,294186.0,281358.0
2026-07-03,GBX,18600.0,0.0,18600.0,18600.0
2026-07-03,GFC,13338.0,0.0,13338.0,13338.0
2026-07-03,GFPT,3046550.0,3289655.0,6336205.0,-243105.0
2026-07-03,GJS,0.0,13.0,13.0,-13.0
2026-07-03,GLOBAL,62306120.4,33077364.05,95383484.45,29228756.35
2026-07-03,GLORY,0.0,1590.0,1590.0,-1590.0
2026-07-03,GPI,25500.0,0.0,25500.0,25500.0
2026-07-03,GPSC,280801200.0,136647900.0,417449100.0,144153300.0
2026-07-03,GREEN,0.0,1869.0,1869.0,-1869.0
2026-07-03,GULF,1308012113.75,1046086250.0,2354098363.75,261925863.75
2026-07-03,GUNKUL,154943352.28,59261756.0,214205108.28,95681596.28
2026-07-03,HANA,29606547.5,103970450.0,133576997.5,-74363902.5
2026-07-03,HARN,250084.0,0.0,250084.0,250084.0
2026-07-03,HFT,3990.0,0.0,3990.0,3990.0
2026-07-03,HMPRO,91118665.0,34482465.0,125601130.0,56636200.0
2026-07-03,HPT,0.0,14177.0,14177.0,-14177.0
2026-07-03,HTC,736120.0,665170.0,1401290.0,70950.0
2026-07-03,HTECH,363390.0,8552.0,371942.0,354838.0
2026-07-03,HUMAN,530398.0,236308.0,766706.0,294090.0
2026-07-03,ICHI,40209280.0,17166600.0,57375880.0,23042680.0
2026-07-03,ICN,0.0,16518.0,16518.0,-16518.0
2026-07-03,ILINK,131278.0,22814.0,154092.0,108464.0
2026-07-03,ILM,508250.0,347110.0,855360.0,161140.0
2026-07-03,INET,1602788.0,181098.0,1783886.0,1421690.0
2026-07-03,INGRS,17780.0,274940.0,292720.0,-257160.0
2026-07-03,INSET,95444236.0,14884112.0,110328348.0,80560124.0
2026-07-03,IROYAL,23984.0,0.0,23984.0,23984.0
2026-07-03,IRPC,30577102.0,38703111.0,69280213.0,-8126009.0
2026-07-03,IT,0.0,3510.0,3510.0,-3510.0
2026-07-03,ITC,53123090.0,13976370.0,67099460.0,39146720.0
2026-07-03,ITD,274459.0,1555357.0,1829816.0,-1280898.0
2026-07-03,ITEL,2582493.0,823048.0,3405541.0,1759445.0
2026-07-03,IVL,267677730.0,71781247.5,339458977.5,195896482.5
2026-07-03,JAK,0.0,54500.0,54500.0,-54500.0
2026-07-03,JAS,2974514.0,2089128.0,5063642.0,885386.0
2026-07-03,JAS-W4,900.0,0.0,900.0,900.0
2026-07-03,JCK,0.0,108787.0,108787.0,-108787.0
2026-07-03,JMART,53576205.0,33443428.0,87019633.0,20132777.0
2026-07-03,JMT,48788223.6,31599280.0,80387503.6,17188943.6
2026-07-03,JPARK,111982.0,0.0,111982.0,111982.0
2026-07-03,JTS,1726525.0,3616375.0,5342900.0,-1889850.0
2026-07-03,JUBILE,219.0,735.0,954.0,-516.0
2026-07-03,KAMART,1938760.0,255790.0,2194550.0,1682970.0
2026-07-03,KBANK,1092103480.0,1357716460.0,2449819940.0,-265612980.0
2026-07-03,KBS,0.0,45045.0,45045.0,-45045.0
2026-07-03,KCC,0.0,50918.0,50918.0,-50918.0
2026-07-03,KCE,89066375.5,113951625.0,203018000.5,-24885249.5
2026-07-03,KCG,180260.0,339320.0,519580.0,-159060.0
2026-07-03,KCM,0.0,28.0,28.0,-28.0
2026-07-03,KGEN,10800426.0,19269569.0,30069995.0,-8469143.0
2026-07-03,KGI,23773624.0,429888.0,24203512.0,23343736.0
2026-07-03,KIAT,0.0,34.0,34.0,-34.0
2026-07-03,KISS,0.0,68434.0,68434.0,-68434.0
2026-07-03,KKP,796462200.0,342615265.0,1139077465.0,453846935.0
2026-07-03,KLINIQ,3786700.0,449075.0,4235775.0,3337625.0
2026-07-03,KSL,119948.0,0.0,119948.0,119948.0
2026-07-03,KTB,993352112.5,1177330450.0,2170682562.5,-183978337.5
2026-07-03,KTC,668213770.0,292866750.0,961080520.0,375347020.0
2026-07-03,KUMWEL,23708.0,171707.0,195415.0,-147999.0
2026-07-03,KYE,153500.0,0.0,153500.0,153500.0
2026-07-03,LANNA,319464.2,0.0,319464.2,319464.2
2026-07-03,LH,54662789.46,20982684.0,75645473.46000001,33680105.46
2026-07-03,LHFG,8592140.0,857508.0,9449648.0,7734632.0
2026-07-03,LOXLEY,35500.0,9271.0,44771.0,26229.0
2026-07-03,LPN,0.0,4025.0,4025.0,-4025.0
2026-07-03,LST,369104.0,0.0,369104.0,369104.0
2026-07-03,LTS,40758.0,13062.0,53820.0,27696.0
2026-07-03,M,54417580.0,12954847.2,67372427.2,41462732.8
2026-07-03,MAGURO,657160.0,554890.0,1212050.0,102270.0
2026-07-03,MAJOR,634455.0,328980.0,963435.0,305475.0
2026-07-03,MALEE,144290.0,223236.0,367526.0,-78946.0
2026-07-03,MASTEC,600794.0,77760.0,678554.0,523034.0
2026-07-03,MASTER,3325015.0,2067835.0,5392850.0,1257180.0
2026-07-03,MBK,17763070.0,11819830.0,29582900.0,5943240.0
2026-07-03,MC,4158230.0,1064880.0,5223110.0,3093350.0
2026-07-03,MCOT,6565.0,2055.0,8620.0,4510.0
2026-07-03,MCS,238570.0,107650.0,346220.0,130920.0
2026-07-03,MEB,745380.0,1803100.0,2548480.0,-1057720.0
2026-07-03,MEDEZE,222720.0,0.0,222720.0,222720.0
2026-07-03,MEGA,8347375.0,2561850.0,10909225.0,5785525.0
2026-07-03,MENA,0.0,2592.0,2592.0,-2592.0
2026-07-03,META,0.0,10006.0,10006.0,-10006.0
2026-07-03,METCO,205500.0,117600.0,323100.0,87900.0
2026-07-03,MFC,166480.0,0.0,166480.0,166480.0
2026-07-03,MGC,645295.0,666890.0,1312185.0,-21595.0
2026-07-03,MGI,609535.0,158950.0,768485.0,450585.0
2026-07-03,MICRO,37534.0,41936.0,79470.0,-4402.0
2026-07-03,MIDA,101450.0,32823.0,134273.0,68627.0
2026-07-03,MILL,12000.0,28.0,12028.0,11972.0
2026-07-03,MINT,372629034.6,197682060.0,570311094.6,174946974.60000002
2026-07-03,ML,475563.0,401686.0,877249.0,73877.0
2026-07-03,MMM,280.0,0.0,280.0,280.0
2026-07-03,MODERN,14280.0,0.0,14280.0,14280.0
2026-07-03,MONO,264640.0,24300.0,288940.0,240340.0
2026-07-03,MORE,4.0,10.0,14.0,-6.0
2026-07-03,MOSHI,7325725.0,2315600.0,9641325.0,5010125.0
2026-07-03,MOTHER,6034.0,0.0,6034.0,6034.0
2026-07-03,MRDIYT,45522015.0,52470010.0,97992025.0,-6947995.0
2026-07-03,MSC,615.0,0.0,615.0,615.0
2026-07-03,MST,11300.0,0.0,11300.0,11300.0
2026-07-03,MTC,123904850.0,161857200.0,285762050.0,-37952350.0
2026-07-03,MTI,0.0,138900.0,138900.0,-138900.0
2026-07-03,MTW,0.0,38710.0,38710.0,-38710.0
2026-07-03,MVP,0.0,41.0,41.0,-41.0
2026-07-03,NCAP,4137036.0,189250.0,4326286.0,3947786.0
2026-07-03,NCP,16457.0,0.0,16457.0,16457.0
2026-07-03,NEO,1110380.0,776480.0,1886860.0,333900.0
2026-07-03,NER,10153908.0,1036962.0,11190870.0,9116946.0
2026-07-03,NETBAY,716500.0,7623350.0,8339850.0,-6906850.0
2026-07-03,NEX,1364584.0,674250.0,2038834.0,690334.0
2026-07-03,NNCL,169.0,0.0,169.0,169.0
2026-07-03,NOBLE,0.0,9414.0,9414.0,-9414.0
2026-07-03,NSL,1119510.0,1716700.0,2836210.0,-597190.0
2026-07-03,NTF,972820.0,1128370.0,2101190.0,-155550.0
2026-07-03,NTSC,0.0,30750.0,30750.0,-30750.0
2026-07-03,NVD,0.0,1348.0,1348.0,-1348.0
2026-07-03,NYT,726024.0,130264.0,856288.0,595760.0
2026-07-03,OKJ,633216.0,412172.0,1045388.0,221044.0
2026-07-03,ONEE,115560.0,73560.0,189120.0,42000.0
2026-07-03,OR,222817902.6,101992740.0,324810642.6,120825162.6
2026-07-03,ORI,2003431.0,5570904.0,7574335.0,-3567473.0
2026-07-03,ORI-W2,0.0,2600.0,2600.0,-2600.0
2026-07-03,OSP,75612927.5,50300150.0,125913077.5,25312777.5
2026-07-03,PACO,34219.0,0.0,34219.0,34219.0
2026-07-03,PCE,546630.0,0.0,546630.0,546630.0
2026-07-03,PCSGH,304.0,608.0,912.0,-304.0
2026-07-03,PHOL,31000.0,0.0,31000.0,31000.0
2026-07-03,PIN,524728.0,61174.0,585902.0,463554.0
2026-07-03,PK,0.0,1424.0,1424.0,-1424.0
2026-07-03,PLANB,39595478.0,24047954.0,63643432.0,15547524.0
2026-07-03,PLAT,673290.0,1943405.0,2616695.0,-1270115.0
2026-07-03,PLE,0.0,9.0,9.0,-9.0
2026-07-03,PLUS,26400.0,0.0,26400.0,26400.0
2026-07-03,PM,205090.0,2200.0,207290.0,202890.0
2026-07-03,PMC,90000.0,89000.0,179000.0,1000.0
2026-07-03,PPPM,0.0,20.0,20.0,-20.0
2026-07-03,PQS,0.0,5318.0,5318.0,-5318.0
2026-07-03,PR9,6385010.0,18246150.0,24631160.0,-11861140.0
2026-07-03,PRG,0.0,46.0,46.0,-46.0
2026-07-03,PRM,6606435.0,2340230.0,8946665.0,4266205.0
2026-07-03,PRTR,342.0,7414406.0,7414748.0,-7414064.0
2026-07-03,PSGC,357500.0,0.0,357500.0,357500.0
2026-07-03,PSH,351898.0,87330.0,439228.0,264568.0
2026-07-03,PSL,22126085.0,3079530.0,25205615.0,19046555.0
2026-07-03,PSP,1906840.0,60585.0,1967425.0,1846255.0
2026-07-03,PT,1512500.0,0.0,1512500.0,1512500.0
2026-07-03,PTG,13601255.0,6472445.0,20073700.0,7128810.0
2026-07-03,PTL,671194.2,2672870.0,3344064.2,-2001675.8
2026-07-03,PTT,2014446250.0,919756915.0,2934203165.0,1094689335.0
2026-07-03,PTTEP,738627353.0,859372850.0,1598000203.0,-120745497.0
2026-07-03,PTTGC,232344300.0,222864850.0,455209150.0,9479450.0
2026-07-03,PYLON,6444.0,278954.0,285398.0,-272510.0
2026-07-03,QDC,0.0,1.14,1.14,-1.14
2026-07-03,QH,5881399.0,2723350.0,8604749.0,3158049.0
2026-07-03,QTC,0.0,24740.0,24740.0,-24740.0
2026-07-03,RABBIT,0.0,74029.5,74029.5,-74029.5
2026-07-03,RABBIT-P,0.0,108.0,108.0,-108.0
2026-07-03,RAM,0.0,71950.0,71950.0,-71950.0
2026-07-03,RATCH,214646775.0,123252050.0,337898825.0,91394725.0
2026-07-03,RBF,611750.0,1637930.0,2249680.0,-1026180.0
2026-07-03,RCL,39174600.0,18628950.0,57803550.0,20545650.0
2026-07-03,READY,47120.0,0.0,47120.0,47120.0
2026-07-03,RJH,298340.0,257390.0,555730.0,40950.0
2026-07-03,RML,0.0,11.0,11.0,-11.0
2026-07-03,ROJNA,8660335.0,3279310.0,11939645.0,5381025.0
2026-07-03,RSP,0.0,940.0,940.0,-940.0
2026-07-03,RWI,0.0,32.0,32.0,-32.0
2026-07-03,S,0.0,1715.0,1715.0,-1715.0
2026-07-03,S&J,0.0,33.25,33.25,-33.25
2026-07-03,S11,410.0,0.0,410.0,410.0
2026-07-03,SABINA,327700.0,223080.0,550780.0,104620.0
2026-07-03,SAK,5635576.0,331316.0,5966892.0,5304260.0
2026-07-03,SALEE,0.0,392.0,392.0,-392.0
2026-07-03,SAMART,1367485.0,1231915.0,2599400.0,135570.0
2026-07-03,SAMTEL,125600.0,0.0,125600.0,125600.0
2026-07-03,SANKO,0.0,6797.0,6797.0,-6797.0
2026-07-03,SAPPE,6655425.0,2135050.0,8790475.0,4520375.0
2026-07-03,SAT,2400210.0,385190.0,2785400.0,2015020.0
2026-07-03,SAUCE,0.0,1765.5,1765.5,-1765.5
2026-07-03,SAV,3318980.0,618840.0,3937820.0,2700140.0
2026-07-03,SAWAD,193276063.9,104929520.0,298205583.9,88346543.9
2026-07-03,SC,4044356.0,1527530.0,5571886.0,2516826.0
2026-07-03,SCAP,6108677.0,560147.0,6668824.0,5548530.0
2026-07-03,SCB,985112365.0,882180149.0,1867292514.0,102932216.0
2026-07-03,SCC,373862160.0,290102860.0,663965020.0,83759300.0
2026-07-03,SCCC,1299450.0,1051000.0,2350450.0,248450.0
2026-07-03,SCG,1708.0,0.0,1708.0,1708.0
2026-07-03,SCGD,15150.0,209260.0,224410.0,-194110.0
2026-07-03,SCGP,78565100.0,61464050.0,140029150.0,17101050.0
2026-07-03,SCM,39.0,600.0,639.0,-561.0
2026-07-03,SCN,0.0,41.0,41.0,-41.0
2026-07-03,SCP,9035.0,15215.0,24250.0,-6180.0
2026-07-03,SEAFCO,361678.0,53979.32,415657.32,307698.68
2026-07-03,SEAOIL,27396.0,46812.0,74208.0,-19416.0
2026-07-03,SECURE,13.0,1300.0,1313.0,-1287.0
2026-07-03,SFLEX,143780.0,0.0,143780.0,143780.0
2026-07-03,SGC,28203173.0,3789930.0,31993103.0,24413243.0
2026-07-03,SGF,0.0,252.0,252.0,-252.0
2026-07-03,SGP,3180.0,34110.0,37290.0,-30930.0
2026-07-03,SHR,974456.0,326564.0,1301020.0,647892.0
2026-07-03,SICT,2806.0,70986.0,73792.0,-68180.0
2026-07-03,SIMAT,4445.0,35687.0,40132.0,-31242.0
2026-07-03,SINGER,34031570.0,7814681.5,41846251.5,26216888.5
2026-07-03,SIRI,10942957.0,20644276.3,31587233.3,-9701319.3
2026-07-03,SIS,7788270.0,6443160.0,14231430.0,1345110.0
2026-07-03,SISB,14110955.0,5827965.0,19938920.0,8282990.0
2026-07-03,SITHAI,0.0,309.0,309.0,-309.0
2026-07-03,SJWD,10466650.0,2605035.0,13071685.0,7861615.0
2026-07-03,SKE,0.0,419.0,419.0,-419.0
2026-07-03,SKR,79470.0,542995.0,622465.0,-463525.0
2026-07-03,SKY,2196610.0,3611390.0,5808000.0,-1414780.0
2026-07-03,SLP,1222.0,0.0,1222.0,1222.0
2026-07-03,SMD100,1742.0,0.0,1742.0,1742.0
2026-07-03,SMIT,8352.0,17400.0,25752.0,-9048.0
2026-07-03,SMO,205678.0,885820.0,1091498.0,-680142.0
2026-07-03,SMPC,54600.0,0.0,54600.0,54600.0
2026-07-03,SMT,0.0,15930.0,15930.0,-15930.0
2026-07-03,SNC,1610.0,57450.0,59060.0,-55840.0
2026-07-03,SNNP,934675.0,139620.0,1074295.0,795055.0
2026-07-03,SO,464.0,0.0,464.0,464.0
2026-07-03,SOLAR,0.0,139.0,139.0,-139.0
2026-07-03,SPA,386292.0,468766.0,855058.0,-82474.0
2026-07-03,SPACK,3900.0,0.0,3900.0,3900.0
2026-07-03,SPALI,4930510.0,5987330.0,10917840.0,-1056820.0
2026-07-03,SPCG,756160.0,288725.0,1044885.0,467435.0
2026-07-03,SPG,0.0,1100.0,1100.0,-1100.0
2026-07-03,SPRC,52184115.0,53030500.0,105214615.0,-846385.0
2026-07-03,SPVI,281638.0,48082.0,329720.0,233556.0
2026-07-03,SQ,333.0,0.0,333.0,333.0
2026-07-03,SRICHA,333130.0,227580.0,560710.0,105550.0
2026-07-03,SSF,10200.0,0.0,10200.0,10200.0
2026-07-03,SSP,325390.0,64252.8,389642.8,261137.2
2026-07-03,STA,32071380.0,26810340.0,58881720.0,5261040.0
2026-07-03,STANLY,964300.0,3615900.0,4580200.0,-2651600.0
2026-07-03,STARM,0.0,930.0,930.0,-930.0
2026-07-03,STECH,0.0,585.0,585.0,-585.0
2026-07-03,STECON,69255200.0,9409810.0,78665010.0,59845390.0
2026-07-03,STELLA,0.0,1051.0,1051.0,-1051.0
2026-07-03,STGT,3258010.0,2491450.0,5749460.0,766560.0
2026-07-03,STPI,315555.0,3675850.0,3991405.0,-3360295.0
2026-07-03,STX,1105.0,0.0,1105.0,1105.0
2026-07-03,SUC,261600.0,0.0,261600.0,261600.0
2026-07-03,SUN,7508.0,8020.0,15528.0,-512.0
2026-07-03,SUPER,0.0,3409.0,3409.0,-3409.0
2026-07-03,SUSCO,115118.0,8650.0,123768.0,106468.0
2026-07-03,SVOA,80351.0,61482.0,141833.0,18869.0
2026-07-03,SVT,262.0,0.0,262.0,262.0
2026-07-03,SWC,132.0,0.0,132.0,132.0
2026-07-03,SYNEX,8269475.0,388595.0,8658070.0,7880880.0
2026-07-03,SYNTEC,0.0,42330.0,42330.0,-42330.0
2026-07-03,TACC,3434320.0,107895.0,3542215.0,3326425.0
2026-07-03,TAE,584614.0,115106.0,699720.0,469508.0
2026-07-03,TAKUNI,11930.0,0.0,11930.0,11930.0
2026-07-03,TASCO,12707760.0,6496930.0,19204690.0,6210830.0
2026-07-03,TC,1290.0,0.0,1290.0,1290.0
2026-07-03,TCAP,124315425.0,75752058.25,200067483.25,48563366.75
2026-07-03,TCC,0.0,21731.0,21731.0,-21731.0
2026-07-03,TEAM,298560.0,441226.0,739786.0,-142666.0
2026-07-03,TEAMG,934168.0,213618.0,1147786.0,720550.0
2026-07-03,TEGH,149136.0,141336.0,290472.0,7800.0
2026-07-03,TFG,113001050.0,49737900.0,162738950.0,63263150.0
2026-07-03,TFM,382505.0,1320.0,383825.0,381185.0
2026-07-03,TFMAMA,37300.0,37400.0,74700.0,-100.0
2026-07-03,TGE,1612.0,15150.0,16762.0,-13538.0
2026-07-03,THAI,160976650.0,87040880.0,248017530.0,73935770.0
2026-07-03,THANI,13704769.0,664501.0,14369270.0,13040268.0
2026-07-03,THCOM,7782380.0,7289970.0,15072350.0,492410.0
2026-07-03,THG,2496535.0,1632145.0,4128680.0,864390.0
2026-07-03,THRE,57000.0,0.0,57000.0,57000.0
2026-07-03,THREL,0.0,4998.0,4998.0,-4998.0
2026-07-03,TIDLOR,91350470.0,36243710.0,127594180.0,55106760.0
2026-07-03,TIGER,0.0,50.0,50.0,-50.0
2026-07-03,TIPH,249363.2,4935530.0,5184893.2,-4686166.8
2026-07-03,TISCO,281446373.0,98282276.0,379728649.0,183164097.0
2026-07-03,TITLE,119430.0,2291410.0,2410840.0,-2171980.0
2026-07-03,TKN,1681026.0,227352.0,1908378.0,1453674.0
2026-07-03,TKS,15064.3,130060.0,145124.3,-114995.7
2026-07-03,TL,0.0,86.0,86.0,-86.0
2026-07-03,TL-W2,0.0,201.98,201.98,-201.98
2026-07-03,TLI,200559713.8,71156070.0,271715783.8,129403643.8
2026-07-03,TMAN,40720.0,24200.0,64920.0,16520.0
2026-07-03,TMW,0.0,11650.0,11650.0,-11650.0
2026-07-03,TNDT,0.0,14.0,14.0,-14.0
2026-07-03,TNP,0.0,576.0,576.0,-576.0
2026-07-03,TNR,0.0,535.0,535.0,-535.0
2026-07-03,TOA,13585130.0,13240430.0,26825560.0,344700.0
2026-07-03,TOG,0.0,219837.2,219837.2,-219837.2
2026-07-03,TOP,245607275.0,108239901.25,353847176.25,137367373.75
2026-07-03,TPAC,0.0,1720.0,1720.0,-1720.0
2026-07-03,TPBI,310.0,0.0,310.0,310.0
2026-07-03,TPCS,0.0,17705.0,17705.0,-17705.0
2026-07-03,TPIPL,1867708.0,101914.0,1969622.0,1765794.0
2026-07-03,TPIPP,598549.0,325977.0,924526.0,272572.0
2026-07-03,TPOLY,25.0,54.0,79.0,-29.0
2026-07-03,TQM,408310.0,186440.0,594750.0,221870.0
2026-07-03,TQR,1640.0,545.0,2185.0,1095.0
2026-07-03,TRITN,0.0,140.0,140.0,-140.0
2026-07-03,TRP,50160.0,0.0,50160.0,50160.0
2026-07-03,TRT,13578800.0,7861900.0,21440700.0,5716900.0
2026-07-03,TRUBB,42711.0,14561.0,57272.0,28150.0
2026-07-03,TRUE,1078503596.4,1107107370.0,2185610966.4,-28603773.599999905
2026-07-03,TSC,4530.0,825000.0,829530.0,-820470.0
2026-07-03,TSE,541941.0,173760.0,715701.0,368181.0
2026-07-03,TSI,0.0,25000.0,25000.0,-25000.0
2026-07-03,TSTH,498576.0,2028509.0,2527085.0,-1529933.0
2026-07-03,TTA,6059742.0,1007208.0,7066950.0,5052534.0
2026-07-03,TTB,185801191.36,218970290.0,404771481.36,-33169098.639999986
2026-07-03,TTW,1743700.0,2498020.0,4241720.0,-754320.0
2026-07-03,TU,90825795.7,101077630.0,191903425.7,-10251834.299999995
2026-07-03,TURBO,9322334.0,3381291.0,12703625.0,5941043.0
2026-07-03,TVDH-W6,0.0,2561.0,2561.0,-2561.0
2026-07-03,TVO,2574100.0,1201735.0,3775835.0,1372365.0
2026-07-03,TWZ,0.0,7.0,7.0,-7.0
2026-07-03,UKEM,134194.0,140293.0,274487.0,-6099.0
2026-07-03,UMI,0.0,186.0,186.0,-186.0
2026-07-03,UMS,1230929.0,3533873.0,4764802.0,-2302944.0
2026-07-03,UNIQ,3280.0,11152.0,14432.0,-7872.0
2026-07-03,UNIX,633197.0,0.0,633197.0,633197.0
2026-07-03,UTP,1567995.0,26010.0,1594005.0,1541985.0
2026-07-03,UV,0.0,336.0,336.0,-336.0
2026-07-03,UVAN,1035160.0,692850.0,1728010.0,342310.0
2026-07-03,VCOM,74340.0,10962.0,85302.0,63378.0
2026-07-03,VGI,33317169.0,7631466.0,40948635.0,25685703.0
2026-07-03,VIBHA,0.0,11024.0,11024.0,-11024.0
2026-07-03,VIBHA-W5,0.0,112.0,112.0,-112.0
2026-07-03,VIH,60475.0,26905.0,87380.0,33570.0
2026-07-03,VS,0.0,35.0,35.0,-35.0
2026-07-03,WASH,116034.0,0.0,116034.0,116034.0
2026-07-03,WHA,179072340.0,117369670.0,296442010.0,61702670.0
2026-07-03,WHAUP,12275825.0,2991790.0,15267615.0,9284035.0
2026-07-03,WICE,372128.0,7682.0,379810.0,364446.0
2026-07-03,WINNER,21800.0,0.0,21800.0,21800.0
2026-07-03,WPH,1259465.0,9000.0,1268465.0,1250465.0
2026-07-03,XO,2872720.0,1180290.0,4053010.0,1692430.0
2026-07-03,XPG,290840.0,36090.0,326930.0,254750.0
2026-07-03,YGG,900.0,18.0,918.0,882.0
2026-07-02,88TH,45112.0,86254.0,131366.0,-41142.0
2026-07-02,AAI,3499292.0,925180.0,4424472.0,2574112.0
2026-07-02,AAV,1518205.0,43102236.0,44620441.0,-41584031.0
2026-07-02,ACC,3409.0,0.0,3409.0,3409.0
2026-07-02,ADB,191501.0,0.0,191501.0,191501.0
2026-07-02,ADD,0.0,12546.0,12546.0,-12546.0
2026-07-02,ADVANC,988602254.0,867176564.0,1855778818.0,121425690.0
2026-07-02,ADVICE,501285.0,2142930.0,2644215.0,-1641645.0
2026-07-02,AE,0.0,306.0,306.0,-306.0
2026-07-02,AEONTS,42460750.0,18528050.0,60988800.0,23932700.0
2026-07-02,AGE,1342.0,22936.0,24278.0,-21594.0
2026-07-02,AH,6295270.0,25812110.0,32107380.0,-19516840.0
2026-07-02,AHC,1310.0,1320.0,2630.0,-10.0
2026-07-02,AIE,3441.0,127399.0,130840.0,-123958.0
2026-07-02,AIT,477664.0,0.0,477664.0,477664.0
2026-07-02,AJ,185548.0,323858.0,509406.0,-138310.0
2026-07-02,AJA,262.0,12129.0,12391.0,-11867.0
2026-07-02,AKP,0.0,13970.0,13970.0,-13970.0
2026-07-02,AKR,0.0,54600.0,54600.0,-54600.0
2026-07-02,AKS,0.0,1831.61,1831.61,-1831.61
2026-07-02,ALLA,931.0,0.0,931.0,931.0
2026-07-02,ALPHAX,0.0,27.0,27.0,-27.0
2026-07-02,ALT,2212494.0,1370414.0,3582908.0,842080.0
2026-07-02,AMANAH,864.0,0.0,864.0,864.0
2026-07-02,AMARC,413730.0,23180.0,436910.0,390550.0
2026-07-02,AMARIN,0.0,880.0,880.0,-880.0
2026-07-02,AMATA,12438949.25,96791950.0,109230899.25,-84353000.75
2026-07-02,ANAN,1881.0,0.0,1881.0,1881.0
2026-07-02,ANI,0.0,828.0,828.0,-828.0
2026-07-02,AOT,924818787.5,964994500.0,1889813287.5,-40175712.5
2026-07-02,AP,17373615.0,8071420.0,25445035.0,9302195.0
2026-07-02,APO,111100.0,0.0,111100.0,111100.0
2026-07-02,AQUA,0.0,509.0,509.0,-509.0
2026-07-02,ARIN,3430.0,0.0,3430.0,3430.0
2026-07-02,AS,310540.0,19090.0,329630.0,291450.0
2026-07-02,ASAP,0.0,200.0,200.0,-200.0
2026-07-02,ASEFA,1666800.0,378065.0,2044865.0,1288735.0
2026-07-02,ASIAN,659340.0,422285.0,1081625.0,237055.0
2026-07-02,ASK,2803010.0,36720.0,2839730.0,2766290.0
2026-07-02,ASP,73788.0,224.0,74012.0,73564.0
2026-07-02,ASW,0.0,720.0,720.0,-720.0
2026-07-02,ATLAS,117208.0,5278.0,122486.0,111930.0
2026-07-02,AU,113426.0,20944.0,134370.0,92482.0
2026-07-02,AUCT,376260.0,1034178.0,1410438.0,-657918.0
2026-07-02,AURA,6047200.0,10219350.0,16266550.0,-4172150.0
2026-07-02,AWC,58577754.0,27769204.0,86346958.0,30808550.0
2026-07-02,AYUD,0.0,40.5,40.5,-40.5
2026-07-02,BA,17411160.0,24367640.0,41778800.0,-6956480.0
2026-07-02,BAFS,431110.0,199980.0,631090.0,231130.0
2026-07-02,BAM,21269700.0,5010275.0,26279975.0,16259425.0
2026-07-02,BANPU,26892774.0,32985940.0,59878714.0,-6093166.0
2026-07-02,BAY,61408050.0,40909125.0,102317175.0,20498925.0
2026-07-02,BBGI,184590.0,2273504.0,2458094.0,-2088914.0
2026-07-02,BBIK,2701050.0,8690770.0,11391820.0,-5989720.0
2026-07-02,BBL,2099790455.0,720918870.5,2820709325.5,1378871584.5
2026-07-02,BCH,35106790.0,11429650.0,46536440.0,23677140.0
2026-07-02,BCP,55493100.0,71723300.0,127216400.0,-16230200.0
2026-07-02,BCPG,9618190.0,8625155.0,18243345.0,993035.0
2026-07-02,BDMS,490762060.0,301622240.0,792384300.0,189139820.0
2026-07-02,BE8,5655.0,241575.0,247230.0,-235920.0
2026-07-02,BEAUTY,72.0,4200.0,4272.0,-4128.0
2026-07-02,BEC,5562.0,13686.0,19248.0,-8124.0
2026-07-02,BEM,13642761.9,10618170.0,24260931.9,3024591.9000000004
2026-07-02,BEYOND,0.0,44880.0,44880.0,-44880.0
2026-07-02,BGC,1410.0,0.0,1410.0,1410.0
2026-07-02,BGRIM,75273270.0,107994970.0,183268240.0,-32721700.0
2026-07-02,BGT,0.0,61440.0,61440.0,-61440.0
2026-07-02,BH,436929850.0,171194500.0,608124350.0,265735350.0
2026-07-02,BIG,0.0,1595.0,1595.0,-1595.0
2026-07-02,BIOTEC,0.0,6697.0,6697.0,-6697.0
2026-07-02,BIZ,580.0,96030.0,96610.0,-95450.0
2026-07-02,BJC,69847340.0,29914688.9,99762028.9,39932651.1
2026-07-02,BKA,0.0,2964.0,2964.0,-2964.0
2026-07-02,BKGI,24374.0,19776.0,44150.0,4598.0
2026-07-02,BKIH,0.0,446000.0,446000.0,-446000.0
2026-07-02,BLA,24166835.0,11568770.0,35735605.0,12598065.0
2026-07-02,BLAND,44865.0,903.0,45768.0,43962.0
2026-07-02,BLC,4248.0,55484.0,59732.0,-51236.0
2026-07-02,BM,0.0,76400.0,76400.0,-76400.0
2026-07-02,BPP,0.0,26910.0,26910.0,-26910.0
2026-07-02,BR,398.0,0.0,398.0,398.0
2026-07-02,BRI,40.02,62000.0,62040.02,-61959.98
2026-07-02,BRR,0.0,65296.0,65296.0,-65296.0
2026-07-02,BSBM,0.0,2242.0,2242.0,-2242.0
2026-07-02,BSM,5258.0,0.0,5258.0,5258.0
2026-07-02,BTC,966318.0,98472.0,1064790.0,867846.0
2026-07-02,BTG,34489380.0,42968270.0,77457650.0,-8478890.0
2026-07-02,BTS,35665930.0,35339747.0,71005677.0,326183.0
2026-07-02,BTW,0.0,7.0,7.0,-7.0
2026-07-02,BUI,0.0,6480.0,6480.0,-6480.0
2026-07-02,BYD,10829.0,23619.0,34448.0,-12790.0
2026-07-02,CAZ,23020.0,19230.0,42250.0,3790.0
2026-07-02,CBG,76695250.0,90442050.0,167137300.0,-13746800.0
2026-07-02,CCET,34216049.95,91125887.5,125341937.45,-56909837.55
2026-07-02,CEN,0.0,885.0,885.0,-885.0
2026-07-02,CENTEL,41908925.0,41332225.0,83241150.0,576700.0
2026-07-02,CFARM,2378.0,0.0,2378.0,2378.0
2026-07-02,CFRESH,1661.0,0.0,1661.0,1661.0
2026-07-02,CGD,0.0,920.0,920.0,-920.0
2026-07-02,CGH,15298.0,1140.0,16438.0,14158.0
2026-07-02,CHAYO,729812.0,1012274.2,1742086.2,-282462.19999999995
2026-07-02,CHG,7640108.0,7964440.0,15604548.0,-324332.0
2026-07-02,CHO,0.0,0.24,0.24,-0.24
2026-07-02,CHOTI,0.0,58950.0,58950.0,-58950.0
2026-07-02,CHOW,0.0,393.0,393.0,-393.0
2026-07-02,CITY,10260.0,0.0,10260.0,10260.0
2026-07-02,CIVIL,0.0,23630.0,23630.0,-23630.0
2026-07-02,CK,10022400.0,48738571.6,58760971.6,-38716171.6
2026-07-02,CKP,2560352.0,4403520.0,6963872.0,-1843168.0
2026-07-02,CM,0.0,99560.0,99560.0,-99560.0
2026-07-02,CMAN,0.0,380020.0,380020.0,-380020.0
2026-07-02,CMO,2800.0,790.0,3590.0,2010.0
2026-07-02,CMR,12800.0,0.0,12800.0,12800.0
2026-07-02,CNT,28495.0,32663.0,61158.0,-4168.0
2026-07-02,COCOCO,92740.0,0.0,92740.0,92740.0
2026-07-02,COM7,90091600.0,118488518.0,208580118.0,-28396918.0
2026-07-02,COMAN,50.0,48.0,98.0,2.0
2026-07-02,CPALL,814496768.75,537073992.5,1351570761.25,277422776.25
2026-07-02,CPANEL,0.0,120.0,120.0,-120.0
2026-07-02,CPAXT,114218960.0,41888880.0,156107840.0,72330080.0
2026-07-02,CPF,670827220.0,453282510.0,1124109730.0,217544710.0
2026-07-02,CPL,476.0,0.0,476.0,476.0
2026-07-02,CPN,211879700.0,196018400.0,407898100.0,15861300.0
2026-07-02,CPW,1190.0,1190.0,2380.0,0.0
2026-07-02,CRC,114071680.0,68243560.0,182315240.0,45828120.0
2026-07-02,CREDIT,2298580.0,5058570.0,7357150.0,-2759990.0
2026-07-02,CSS,0.0,81442.0,81442.0,-81442.0
2026-07-02,CTW,17440.0,104275.0,121715.0,-86835.0
2026-07-02,CWT,37336.0,24808.0,62144.0,12528.0
2026-07-02,DCC,42184.0,247105.52,289289.52,-204921.52
2026-07-02,DCON,95.0,0.0,95.0,95.0
2026-07-02,DELTA,975978144.0,1374416280.0,2350394424.0,-398438136.0
2026-07-02,DEMCO,65382.0,44328.0,109710.0,21054.0
2026-07-02,DEXON,30095.0,0.0,30095.0,30095.0
2026-07-02,DITTO,18408580.0,16905410.0,35313990.0,1503170.0
2026-07-02,DMT,57600.0,136740.0,194340.0,-79140.0
2026-07-02,DOHOME,22746732.0,25558020.0,48304752.0,-2811288.0
2026-07-02,DPAINT,17.82,962.0,979.82,-944.18
2026-07-02,DRT,3535.0,0.0,3535.0,3535.0
2026-07-02,DUSIT,0.0,105040.0,105040.0,-105040.0
2026-07-02,EA,13406320.0,15528998.0,28935318.0,-2122678.0
2026-07-02,EA-W1,0.0,1048.2,1048.2,-1048.2
2026-07-02,EAST,102200.0,0.0,102200.0,102200.0
2026-07-02,EASTW,148598.0,6426580.0,6575178.0,-6277982.0
2026-07-02,ECF,0.0,253.0,253.0,-253.0
2026-07-02,EFORL,122.0,0.0,122.0,122.0
2026-07-02,EGCO,29856350.0,55092050.0,84948400.0,-25235700.0
2026-07-02,EKH,48515.0,0.0,48515.0,48515.0
2026-07-02,EMPIRE,196.0,52061.0,52257.0,-51865.0
2026-07-02,EP,92654.0,0.0,92654.0,92654.0
2026-07-02,EPG,33154540.0,29121875.0,62276415.0,4032665.0
2026-07-02,ERW,5626936.0,10144084.0,15771020.0,-4517148.0
2026-07-02,ESTAR,0.0,680.0,680.0,-680.0
2026-07-02,ETC,73850.0,0.0,73850.0,73850.0
2026-07-02,EVER,5272.0,7.0,5279.0,5265.0
2026-07-02,FM,1994986.0,2554.0,1997540.0,1992432.0
2026-07-02,FNS,0.0,106.0,106.0,-106.0
2026-07-02,FORTH,3458640.0,20445620.0,23904260.0,-16986980.0
2026-07-02,FPT,1320.0,0.0,1320.0,1320.0
2026-07-02,FSMART,241110.0,859190.0,1100300.0,-618080.0
2026-07-02,FTE,0.0,260.0,260.0,-260.0
2026-07-02,GABLE,144436.0,5634.0,150070.0,138802.0
2026-07-02,GC,0.0,482.0,482.0,-482.0
2026-07-02,GFPT,4216455.0,2172700.0,6389155.0,2043755.0
2026-07-02,GGC,0.0,1082.0,1082.0,-1082.0
2026-07-02,GJS,0.0,583.0,583.0,-583.0
2026-07-02,GLOBAL,45183665.0,22986540.0,68170205.0,22197125.0
2026-07-02,GPI,85000.0,58140.0,143140.0,26860.0
2026-07-02,GPSC,97313825.0,70119725.0,167433550.0,27194100.0
2026-07-02,GREEN,0.0,1915.0,1915.0,-1915.0
2026-07-02,GTV,0.0,10.0,10.0,-10.0
2026-07-02,GULF,765106100.0,1095309650.0,1860415750.0,-330203550.0
2026-07-02,GUNKUL,68006216.0,46113091.12,114119307.12,21893124.880000003
2026-07-02,HANA,29731074.5,161482422.5,191213497.0,-131751348.0
2026-07-02,HARN,90434.0,0.0,90434.0,90434.0
2026-07-02,HFT,1202.0,0.0,1202.0,1202.0
2026-07-02,HL,0.0,555.0,555.0,-555.0
2026-07-02,HMPRO,83328987.3,71302775.0,154631762.3,12026212.299999995
2026-07-02,HPT,0.0,312.0,312.0,-312.0
2026-07-02,HTC,457420.0,158570.0,615990.0,298850.0
2026-07-02,HTECH,994000.0,100568.0,1094568.0,893432.0
2026-07-02,HUMAN,512382.0,243252.0,755634.0,269130.0
2026-07-02,HYDRO,0.0,7.0,7.0,-7.0
2026-07-02,ICHI,45485620.0,15958380.0,61444000.0,29527240.0
2026-07-02,ICN,0.0,117894.0,117894.0,-117894.0
2026-07-02,IHL,5340.0,0.0,5340.0,5340.0
2026-07-02,III,0.0,93720.0,93720.0,-93720.0
2026-07-02,ILINK,0.0,148222.0,148222.0,-148222.0
2026-07-02,ILM,431690.0,0.0,431690.0,431690.0
2026-07-02,IND,0.0,1780.0,1780.0,-1780.0
2026-07-02,INET,789916.0,657766.0,1447682.0,132150.0
2026-07-02,INGRS,13366.0,121.0,13487.0,13245.0
2026-07-02,INOX,0.0,4200.0,4200.0,-4200.0
2026-07-02,INSET,3335088.0,17893824.0,21228912.0,-14558736.0
2026-07-02,IROYAL,0.0,456.0,456.0,-456.0
2026-07-02,IRPC,58198274.7,51033373.0,109231647.7,7164901.700000003
2026-07-02,IT,1160.0,0.0,1160.0,1160.0
2026-07-02,ITC,86526390.0,33677360.0,120203750.0,52849030.0
2026-07-02,ITD,472430.0,19780.0,492210.0,452650.0
2026-07-02,ITEL,1641457.0,6832009.0,8473466.0,-5190552.0
2026-07-02,ITTHI,2660.0,3115.0,5775.0,-455.0
2026-07-02,IVF-W1,1900.0,0.0,1900.0,1900.0
2026-07-02,IVL,239456380.0,170065545.0,409521925.0,69390835.0
2026-07-02,J,0.0,71.0,71.0,-71.0
2026-07-02,JAS,1437196.0,5068635.25,6505831.25,-3631439.25
2026-07-02,JCK,0.0,13516.0,13516.0,-13516.0
2026-07-02,JMART,10183660.0,25639011.5,35822671.5,-15455351.5
2026-07-02,JMT,36537080.0,14341550.0,50878630.0,22195530.0
2026-07-02,JPARK,65826.0,954.0,66780.0,64872.0
2026-07-02,JTS,1290250.0,801675.0,2091925.0,488575.0
2026-07-02,JUBILE,0.0,28225.0,28225.0,-28225.0
2026-07-02,KAMART,422627.0,32895.0,455522.0,389732.0
2026-07-02,KBANK,3610524097.85,2620945971.85,6231470069.7,989578126.0
2026-07-02,KBS,0.0,628635.0,628635.0,-628635.0
2026-07-02,KCC,0.0,55436.0,55436.0,-55436.0
2026-07-02,KCE,171161054.25,377194835.0,548355889.25,-206033780.75
2026-07-02,KCG,296380.0,616880.0,913260.0,-320500.0
2026-07-02,KCM,0.0,56.0,56.0,-56.0
2026-07-02,KGEN,151672.0,873964.0,1025636.0,-722292.0
2026-07-02,KGI,3825156.0,2219094.0,6044250.0,1606062.0
2026-07-02,KIAT,0.0,34.0,34.0,-34.0
2026-07-02,KISS,15560.0,87678.0,103238.0,-72118.0
2026-07-02,KJL,0.0,6000.0,6000.0,-6000.0
2026-07-02,KKP,529033750.0,539451175.0,1068484925.0,-10417425.0
2026-07-02,KLINIQ,5588200.0,1099550.0,6687750.0,4488650.0
2026-07-02,KSL,9986.0,83905.0,93891.0,-73919.0
2026-07-02,KTB,2043985907.5,1499497030.5,3543482938.0,544488877.0
2026-07-02,KTC,309996050.0,73833350.0,383829400.0,236162700.0
2026-07-02,KTIS,0.0,4575.0,4575.0,-4575.0
2026-07-02,KTMS,24514.0,0.0,24514.0,24514.0
2026-07-02,KUMWEL,121781.0,21259.0,143040.0,100522.0
2026-07-02,KWM,0.0,8000.0,8000.0,-8000.0
2026-07-02,LALIN,1728.0,0.0,1728.0,1728.0
2026-07-02,LANNA,49300.0,2920.0,52220.0,46380.0
2026-07-02,LEO,1295.0,0.0,1295.0,1295.0
2026-07-02,LH,48488544.0,37721854.0,86210398.0,10766690.0
2026-07-02,LHFG,1772915.0,2250851.7,4023766.7,-477936.7000000002
2026-07-02,LOXLEY,42600.0,65936.0,108536.0,-23336.0
2026-07-02,LPN,348005.0,86566.0,434571.0,261439.0
2026-07-02,LST,8496.0,0.0,8496.0,8496.0
2026-07-02,LTS,6288.0,106202.0,112490.0,-99914.0
2026-07-02,M,12180280.0,5813140.0,17993420.0,6367140.0
2026-07-02,M-CHAI,55200.0,0.0,55200.0,55200.0
2026-07-02,MAGURO,161820.0,1683850.0,1845670.0,-1522030.0
2026-07-02,MAJOR,216060.0,351180.0,567240.0,-135120.0
2026-07-02,MALEE,265098.0,5656.0,270754.0,259442.0
2026-07-02,MASTEC,537532.0,1552972.0,2090504.0,-1015440.0
2026-07-02,MASTER,1395875.0,76710.0,1472585.0,1319165.0
2026-07-02,MATCH,455.0,0.0,455.0,455.0
2026-07-02,MBK,9341610.0,7838180.0,17179790.0,1503430.0
2026-07-02,MC,6799390.0,8085070.0,14884460.0,-1285680.0
2026-07-02,MCOT,5000.0,0.0,5000.0,5000.0
2026-07-02,MCS,322065.0,5043645.0,5365710.0,-4721580.0
2026-07-02,MEB,886290.0,712270.0,1598560.0,174020.0
2026-07-02,MEDEZE,60965.0,62480.0,123445.0,-1515.0
2026-07-02,MEGA,1720750.0,6538650.0,8259400.0,-4817900.0
2026-07-02,MENA,1368.0,6064.0,7432.0,-4696.0
2026-07-02,META,0.0,2205.0,2205.0,-2205.0
2026-07-02,METCO,647100.0,147400.0,794500.0,499700.0
2026-07-02,MFC,23400.0,307720.0,331120.0,-284320.0
2026-07-02,MFEC,0.0,575.0,575.0,-575.0
2026-07-02,MGC,176245.0,6790015.0,6966260.0,-6613770.0
2026-07-02,MGI,11485.0,0.0,11485.0,11485.0
2026-07-02,MICRO,0.0,4805.0,4805.0,-4805.0
2026-07-02,MIDA,85624.0,3133.0,88757.0,82491.0
2026-07-02,MILL,0.0,16130.0,16130.0,-16130.0
2026-07-02,MINT,207988766.3,198671916.3,406660682.6,9316850.0
2026-07-02,ML,106989.0,183862.0,290851.0,-76873.0
2026-07-02,MMM,3692.0,6284.0,9976.0,-2592.0
2026-07-02,MMM-W1,3920.0,0.0,3920.0,3920.0
2026-07-02,MODERN,44928.0,0.0,44928.0,44928.0
2026-07-02,MONO,114499.0,78442.0,192941.0,36057.0
2026-07-02,MORE,0.0,50250.0,50250.0,-50250.0
2026-07-02,MOSHI,783950.0,7557000.0,8340950.0,-6773050.0
2026-07-02,MRDIYT,30631470.0,72985395.0,103616865.0,-42353925.0
2026-07-02,MSC,0.0,605.0,605.0,-605.0
2026-07-02,MST,8150.0,0.0,8150.0,8150.0
2026-07-02,MTC,164272000.0,91748150.0,256020150.0,72523850.0
2026-07-02,MTI,0.0,25490.0,25490.0,-25490.0
2026-07-02,MVP,0.0,5955.0,5955.0,-5955.0
2026-07-02,NCAP,1192652.0,4550144.0,5742796.0,-3357492.0
2026-07-02,NCP,28445.0,72633.0,101078.0,-44188.0
2026-07-02,NDR,0.0,183.0,183.0,-183.0
2026-07-02,NEO,2505340.0,792480.0,3297820.0,1712860.0
2026-07-02,NER,6521066.0,620592.0,7141658.0,5900474.0
2026-07-02,NETBAY,8096660.0,1770300.0,9866960.0,6326360.0
2026-07-02,NEX,46450.0,9201.0,55651.0,37249.0
2026-07-02,NOBLE,48327.0,9000.0,57327.0,39327.0
2026-07-02,NOBLE-W3,0.0,2.08,2.08,-2.08
2026-07-02,NSL,5781350.0,591300.0,6372650.0,5190050.0
2026-07-02,NTF,1751220.0,7020970.0,8772190.0,-5269750.0
2026-07-02,NV,1740.0,0.0,1740.0,1740.0
2026-07-02,NVD,594.0,0.0,594.0,594.0
2026-07-02,NYT,1950892.0,4844262.0,6795154.0,-2893370.0
2026-07-02,OKJ,1504.0,45416.0,46920.0,-43912.0
2026-07-02,ONEE,107300.0,191550.0,298850.0,-84250.0
2026-07-02,OR,62956860.0,33274210.0,96231070.0,29682650.0
2026-07-02,ORI,5521993.0,835327.0,6357320.0,4686666.0
2026-07-02,ORI-W2,0.0,3795.0,3795.0,-3795.0
2026-07-02,OSP,47248810.0,42598310.0,89847120.0,4650500.0
2026-07-02,PACO,28540.0,4574.0,33114.0,23966.0
2026-07-02,PAF,0.0,8550.0,8550.0,-8550.0
2026-07-02,PAP,0.0,3116.0,3116.0,-3116.0
2026-07-02,PCC,256884.0,0.0,256884.0,256884.0
2026-07-02,PCE,366430.0,148000.0,514430.0,218430.0
2026-07-02,PCSGH,0.0,918.0,918.0,-918.0
2026-07-02,PEER,90.0,1620.0,1710.0,-1530.0
2026-07-02,PIN,302182.92,12960.0,315142.92,289222.92
2026-07-02,PK,0.0,1398.0,1398.0,-1398.0
2026-07-02,PLANB,53568576.0,59741858.0,113310434.0,-6173282.0
2026-07-02,PLANET,0.0,130.0,130.0,-130.0
2026-07-02,PLAT,1761088.0,1163615.0,2924703.0,597473.0
2026-07-02,PLE,0.0,576.0,576.0,-576.0
2026-07-02,PLUS,13100.0,14628.0,27728.0,-1528.0
2026-07-02,PM,412040.0,112270.0,524310.0,299770.0
2026-07-02,PMC,191670.0,48190.0,239860.0,143480.0
2026-07-02,POLY,0.0,32640.0,32640.0,-32640.0
2026-07-02,PPM,0.0,51820.0,51820.0,-51820.0
2026-07-02,PPPM,0.0,1040.0,1040.0,-1040.0
2026-07-02,PQS,0.0,1081.0,1081.0,-1081.0
2026-07-02,PR9,31725930.0,12694260.0,44420190.0,19031670.0
2026-07-02,PRINC,0.0,68.4,68.4,-68.4
2026-07-02,PRM,4596065.0,2332725.0,6928790.0,2263340.0
2026-07-02,PROS,0.0,17.0,17.0,-17.0
2026-07-02,PROUD,0.0,105.0,105.0,-105.0
2026-07-02,PRTR,0.0,1339536.0,1339536.0,-1339536.0
2026-07-02,PSGC,49600.0,222796.0,272396.0,-173196.0
2026-07-02,PSH,1363178.0,307366.0,1670544.0,1055812.0
2026-07-02,PSL,3792975.0,1048735.0,4841710.0,2744240.0
2026-07-02,PSP,51070.0,123270.0,174340.0,-72200.0
2026-07-02,PSTC,0.0,542.0,542.0,-542.0
2026-07-02,PT,104710.0,6540.0,111250.0,98170.0
2026-07-02,PTG,5009150.0,9077384.5,14086534.5,-4068234.5
2026-07-02,PTL,943208.4,1043700.0,1986908.4,-100491.59999999998
2026-07-02,PTT,1655749119.0,1314274006.75,2970023125.75,341475112.25
2026-07-02,PTTEP,756553827.5,1323141068.0,2079694895.5,-566587240.5
2026-07-02,PTTGC,271441525.0,363187782.0,634629307.0,-91746257.0
2026-07-02,PYLON,93772.0,309618.0,403390.0,-215846.0
2026-07-02,Q-CON,615.0,0.0,615.0,615.0
2026-07-02,QH,7643465.0,3959215.0,11602680.0,3684250.0
2026-07-02,QTC,0.0,9088.0,9088.0,-9088.0
2026-07-02,RABBIT,0.0,16485.0,16485.0,-16485.0
2026-07-02,RABBIT-P,0.0,36.0,36.0,-36.0
2026-07-02,RAM,0.0,35800.0,35800.0,-35800.0
2026-07-02,RATCH,36075875.0,41586525.0,77662400.0,-5510650.0
2026-07-02,RBF,613180.0,1906025.0,2519205.0,-1292845.0
2026-07-02,RCL,22783300.0,27745300.0,50528600.0,-4962000.0
2026-07-02,READY,30400.0,0.0,30400.0,30400.0
2026-07-02,RJH,173810.0,13700.0,187510.0,160110.0
2026-07-02,ROCTEC,49620.42,98787.0,148407.41999999998,-49166.58
2026-07-02,ROJNA,2500770.0,3645185.0,6145955.0,-1144415.0
2026-07-02,RPC,0.0,243.0,243.0,-243.0
2026-07-02,RS,0.0,65.0,65.0,-65.0
2026-07-02,RWI,0.0,64.0,64.0,-64.0
2026-07-02,S11,406.0,0.0,406.0,406.0
2026-07-02,SABINA,433610.0,807550.0,1241160.0,-373940.0
2026-07-02,SAK,907236.0,90168.0,997404.0,817068.0
2026-07-02,SALEE,0.0,168.0,168.0,-168.0
2026-07-02,SAM,160.0,0.0,160.0,160.0
2026-07-02,SAMART,254530.0,3915060.0,4169590.0,-3660530.0
2026-07-02,SAMCO,0.0,81.0,81.0,-81.0
2026-07-02,SAMTEL,624.0,0.0,624.0,624.0
2026-07-02,SANKO,10029.0,32955.0,42984.0,-22926.0
2026-07-02,SAPPE,399800.0,240925.0,640725.0,158875.0
2026-07-02,SAT,1951700.0,1429760.0,3381460.0,521940.0
2026-07-02,SAUCE,4025.0,2035.0,6060.0,1990.0
2026-07-02,SAV,744460.0,250700.0,995160.0,493760.0
2026-07-02,SAWAD,127210430.0,122154840.0,249365270.0,5055590.0
2026-07-02,SC,2152586.0,1677939.0,3830525.0,474647.0
2026-07-02,SCAP,5109215.0,7487536.0,12596751.0,-2378321.0
2026-07-02,SCB,4888102904.5,2145633837.0,7033736741.5,2742469067.5
2026-07-02,SCC,182897963.0,304671600.0,487569563.0,-121773637.0
2026-07-02,SCCC,1264350.0,3142900.0,4407250.0,-1878550.0
2026-07-02,SCG,3456.0,5800.0,9256.0,-2344.0
2026-07-02,SCGD,505.0,149960.0,150465.0,-149455.0
2026-07-02,SCGP,37826525.0,66675775.0,104502300.0,-28849250.0
2026-07-02,SCM,0.0,48.0,48.0,-48.0
2026-07-02,SCN,0.0,39.0,39.0,-39.0
2026-07-02,SCP,0.0,316800.0,316800.0,-316800.0
2026-07-02,SE,0.0,10157.4,10157.4,-10157.4
2026-07-02,SEAFCO,443870.0,552734.0,996604.0,-108864.0
2026-07-02,SEAOIL,23250.0,0.0,23250.0,23250.0
2026-07-02,SFLEX,47630.0,0.0,47630.0,47630.0
2026-07-02,SGC,6857881.0,4055773.0,10913654.0,2802108.0
2026-07-02,SGF,0.0,402.0,402.0,-402.0
2026-07-02,SGP,2370.0,29230.0,31600.0,-26860.0
2026-07-02,SHR,142630.0,766224.0,908854.0,-623594.0
2026-07-02,SICT,11100.0,31000.0,42100.0,-19900.0
2026-07-02,SIMAT,43474.0,27782.0,71256.0,15692.0
2026-07-02,SINGER,26822510.0,15611108.9,42433618.9,11211401.1
2026-07-02,SIRI,28399548.0,22152562.54,50552110.54,6246985.460000001
2026-07-02,SIS,8612940.0,2368430.8,10981370.8,6244509.2
2026-07-02,SISB,11335405.0,2663300.0,13998705.0,8672105.0
2026-07-02,SITHAI,0.0,307.0,307.0,-307.0
2026-07-02,SJWD,9598165.0,13592940.0,23191105.0,-3994775.0
2026-07-02,SKE,0.0,19.0,19.0,-19.0
2026-07-02,SKIN,890.0,0.0,890.0,890.0
2026-07-02,SKN,540.0,0.0,540.0,540.0
2026-07-02,SKR,65910.0,155440.0,221350.0,-89530.0
2026-07-02,SKY,4700580.0,8603300.0,13303880.0,-3902720.0
2026-07-02,SMART,8250.0,0.0,8250.0,8250.0
2026-07-02,SMIT,0.0,17400.0,17400.0,-17400.0
2026-07-02,SMO,32164.0,282032.0,314196.0,-249868.0
2026-07-02,SMPC,10930.0,0.0,10930.0,10930.0
2026-07-02,SMT,0.0,48996.0,48996.0,-48996.0
2026-07-02,SNC,800.0,0.0,800.0,800.0
2026-07-02,SNNP,492515.0,483675.0,976190.0,8840.0
2026-07-02,SO,464.0,0.0,464.0,464.0
2026-07-02,SOLAR,0.0,2124.0,2124.0,-2124.0
2026-07-02,SPA,648930.0,772306.0,1421236.0,-123376.0
2026-07-02,SPACK,19885.0,465.0,20350.0,19420.0
2026-07-02,SPALI,9163120.0,22427140.0,31590260.0,-13264020.0
2026-07-02,SPC,5500.0,0.0,5500.0,5500.0
2026-07-02,SPCG,0.0,272385.0,272385.0,-272385.0
2026-07-02,SPI,6450.0,0.0,6450.0,6450.0
2026-07-02,SPRC,39374625.0,42139640.0,81514265.0,-2765015.0
2026-07-02,SPVI,100074.0,138222.0,238296.0,-38148.0
2026-07-02,SQ,4940.0,0.0,4940.0,4940.0
2026-07-02,SRICHA,307620.0,1220670.0,1528290.0,-913050.0
2026-07-02,SRS,0.0,8272.0,8272.0,-8272.0
2026-07-02,SSP,148672.0,804.0,149476.0,147868.0
2026-07-02,SST,96.0,0.0,96.0,96.0
2026-07-02,STA,7587900.0,14495646.0,22083546.0,-6907746.0
2026-07-02,STANLY,1494800.0,1417300.0,2912100.0,77500.0
2026-07-02,STECON,11515920.0,38831040.0,50346960.0,-27315120.0
2026-07-02,STELLA,0.0,9425.0,9425.0,-9425.0
2026-07-02,STGT,4300560.0,3952676.0,8253236.0,347884.0
2026-07-02,STOWER,1820.0,0.0,1820.0,1820.0
2026-07-02,STPI,7760715.0,9423300.0,17184015.0,-1662585.0
2026-07-02,STX,23520.0,0.0,23520.0,23520.0
2026-07-02,SUC,54000.0,0.0,54000.0,54000.0
2026-07-02,SUN,0.0,140.4,140.4,-140.4
2026-07-02,SUPER,0.0,4022.0,4022.0,-4022.0
2026-07-02,SUSCO,69974.0,0.0,69974.0,69974.0
2026-07-02,SVOA,65212.0,14517.0,79729.0,50695.0
2026-07-02,SVT,1318.0,0.0,1318.0,1318.0
2026-07-02,SYNEX,887225.0,564390.0,1451615.0,322835.0
2026-07-02,TACC,3844365.0,616665.0,4461030.0,3227700.0
2026-07-02,TAE,340784.0,428257.0,769041.0,-87473.0
2026-07-02,TAKUNI,21125.0,0.0,21125.0,21125.0
2026-07-02,TASCO,8714220.0,3809190.0,12523410.0,4905030.0
2026-07-02,TATG,0.0,305.0,305.0,-305.0
2026-07-02,TC,2580.0,0.0,2580.0,2580.0
2026-07-02,TCAP,87733100.0,108432346.0,196165446.0,-20699246.0
2026-07-02,TCMC,0.0,32.0,32.0,-32.0
2026-07-02,TEAM,777864.0,955126.0,1732990.0,-177262.0
2026-07-02,TEAMG,231972.0,1495790.0,1727762.0,-1263818.0
2026-07-02,TEGH,104816.0,155598.0,260414.0,-50782.0
2026-07-02,TFG,51507730.0,41453621.8,92961351.8,10054108.200000005
2026-07-02,TFM,359700.0,14410.0,374110.0,345290.0
2026-07-02,TFMAMA,243200.0,0.0,243200.0,243200.0
2026-07-02,TGE,9110.0,1970.0,11080.0,7140.0
2026-07-02,TH,276.0,0.0,276.0,276.0
2026-07-02,THAI,186683968.85,149149350.0,335833318.85,37534618.85
2026-07-02,THANA,0.0,62000.0,62000.0,-62000.0
2026-07-02,THANI,2518051.0,2944601.0,5462652.0,-426550.0
2026-07-02,THCOM,4267400.0,3850950.0,8118350.0,416450.0
2026-07-02,THG,2874855.0,1951330.0,4826185.0,923525.0
2026-07-02,THRE,152000.0,0.0,152000.0,152000.0
2026-07-02,THREL,0.0,99000.0,99000.0,-99000.0
2026-07-02,TIDLOR,151415870.0,127947740.0,279363610.0,23468130.0
2026-07-02,TIGER,3136.0,1649.0,4785.0,1487.0
2026-07-02,TIPCO,1810.0,0.0,1810.0,1810.0
2026-07-02,TIPH,10155450.0,788600.0,10944050.0,9366850.0
2026-07-02,TISCO,283716385.0,268044250.0,551760635.0,15672135.0
2026-07-02,TITLE,4480395.0,250370.0,4730765.0,4230025.0
2026-07-02,TKN,562874.0,2970564.0,3533438.0,-2407690.0
2026-07-02,TKS,22645.0,98375.0,121020.0,-75730.0
2026-07-02,TL-W2,0.0,4.98,4.98,-4.98
2026-07-02,TLI,122637950.0,33289896.4,155927846.4,89348053.6
2026-07-02,TMAN,2180.0,1080.0,3260.0,1100.0
2026-07-02,TMT,0.0,334.0,334.0,-334.0
2026-07-02,TMW,11650.0,34950.0,46600.0,-23300.0
2026-07-02,TNDT,0.0,13.0,13.0,-13.0
2026-07-02,TNP,0.0,1704.0,1704.0,-1704.0
2026-07-02,TNR,535.0,0.0,535.0,535.0
2026-07-02,TOA,27193670.0,21448301.3,48641971.3,5745368.699999999
2026-07-02,TOG,1460.0,72.0,1532.0,1388.0
2026-07-02,TOP,213575325.0,151793985.0,365369310.0,61781340.0
2026-07-02,TPAC,1760.0,1881.0,3641.0,-121.0
2026-07-02,TPBI,620.0,0.0,620.0,620.0
2026-07-02,TPIPL,170407.0,1388729.0,1559136.0,-1218322.0
2026-07-02,TPIPP,189638.0,416416.0,606054.0,-226778.0
2026-07-02,TPOLY,45.0,0.0,45.0,45.0
2026-07-02,TQM,2143220.0,858090.0,3001310.0,1285130.0
2026-07-02,TRT,4189950.0,3557400.0,7747350.0,632550.0
2026-07-02,TRUBB,106.0,230915.0,231021.0,-230809.0
2026-07-02,TRUE,1092627476.4,1068328553.6,2160956030.0,24298922.80000007
2026-07-02,TSC,0.0,2980.0,2980.0,-2980.0
2026-07-02,TSE,31590.0,634183.0,665773.0,-602593.0
2026-07-02,TSI,0.0,25000.0,25000.0,-25000.0
2026-07-02,TSTH,439006.0,1925420.0,2364426.0,-1486414.0
2026-07-02,TTA,921100.0,188940.0,1110040.0,732160.0
2026-07-02,TTB,452437544.0,236348687.0,688786231.0,216088857.0
2026-07-02,TTW,5987720.0,6137680.0,12125400.0,-149960.0
2026-07-02,TU,135371660.0,29336420.0,164708080.0,106035240.0
2026-07-02,TURBO,6069888.0,8443327.0,14513215.0,-2373439.0
2026-07-02,TURTLE,1956.0,326.0,2282.0,1630.0
2026-07-02,TVO,4297600.0,3008725.0,7306325.0,1288875.0
2026-07-02,TWPC,1420.0,1140.0,2560.0,280.0
2026-07-02,UBA,0.0,4815.0,4815.0,-4815.0
2026-07-02,UBE,59832.0,83862.0,143694.0,-24030.0
2026-07-02,UBIS,2220.0,3898.0,6118.0,-1678.0
2026-07-02,UKEM,116853.0,2751775.0,2868628.0,-2634922.0
2026-07-02,UMI,0.0,276.0,276.0,-276.0
2026-07-02,UMS,316555.0,1832884.0,2149439.0,-1516329.0
2026-07-02,UNIQ,2718.0,6246.0,8964.0,-3528.0
2026-07-02,UNIX,0.0,43930.0,43930.0,-43930.0
2026-07-02,UP,2330.0,0.0,2330.0,2330.0
2026-07-02,UREKA,0.0,24735.0,24735.0,-24735.0
2026-07-02,UTP,433995.0,416705.0,850700.0,17290.0
2026-07-02,UV,250.0,0.0,250.0,250.0
2026-07-02,UVAN,1051060.0,310120.0,1361180.0,740940.0
2026-07-02,VCOM,0.0,197378.0,197378.0,-197378.0
2026-07-02,VGI,6911259.0,24915486.0,31826745.0,-18004227.0
2026-07-02,VIBHA,0.0,163550.0,163550.0,-163550.0
2026-07-02,VIH,58825.0,27825.0,86650.0,31000.0
2026-07-02,VPO,0.0,67584.0,67584.0,-67584.0
2026-07-02,VS,0.0,30.0,30.0,-30.0
2026-07-02,WASH,72496.0,4080.0,76576.0,68416.0
2026-07-02,WFX,0.0,95.0,95.0,-95.0
2026-07-02,WHA,105376440.0,134529205.0,239905645.0,-29152765.0
2026-07-02,WHAUP,9650380.0,5585740.0,15236120.0,4064640.0
2026-07-02,WICE,0.0,34796.0,34796.0,-34796.0
2026-07-02,WIIK,0.0,10053.0,10053.0,-10053.0
2026-07-02,WINNER,0.0,428.0,428.0,-428.0
2026-07-02,WORK,0.0,15136.0,15136.0,-15136.0
2026-07-02,WPH,1062315.0,42720.0,1105035.0,1019595.0
2026-07-02,XBIO,0.0,7.0,7.0,-7.0
2026-07-02,XO,767600.0,1508140.0,2275740.0,-740540.0
2026-07-02,XPG,91080.0,0.0,91080.0,91080.0
2026-07-02,XYZ,29.0,0.0,29.0,29.0
2026-07-02,YGG,0.0,250.0,250.0,-250.0
2026-07-02,ZIGA,17744.0,0.0,17744.0,17744.0
2026-07-01,2S,302.0,0.0,302.0,302.0
2026-07-01,88TH,96780.0,0.0,96780.0,96780.0
2026-07-01,AAI,4257432.0,1802302.0,6059734.0,2455130.0
2026-07-01,AAV,2020818.0,3751231.0,5772049.0,-1730413.0
2026-07-01,ACC,1802.0,0.0,1802.0,1802.0
2026-07-01,ACE,0.0,17664.0,17664.0,-17664.0
2026-07-01,ADB,132500.0,0.0,132500.0,132500.0
2026-07-01,ADD,0.0,26646.0,26646.0,-26646.0
2026-07-01,ADVANC,751380373.0,1056734420.0,1808114793.0,-305354047.0
2026-07-01,ADVICE,931045.0,1217020.0,2148065.0,-285975.0
2026-07-01,AE,0.0,54.0,54.0,-54.0
2026-07-01,AEONTS,78882025.0,24708675.0,103590700.0,54173350.0
2026-07-01,AGE,861.0,25024.0,25885.0,-24163.0
2026-07-01,AH,4830250.0,29620480.0,34450730.0,-24790230.0
2026-07-01,AIE,29344.0,69515.0,98859.0,-40171.0
2026-07-01,AIT,67680.0,235000.0,302680.0,-167320.0
2026-07-01,AJ,110624.0,471634.0,582258.0,-361010.0
2026-07-01,AJA,37.0,12.0,49.0,25.0
2026-07-01,AKP,0.0,840.0,840.0,-840.0
2026-07-01,AKR,182.0,182.0,364.0,0.0
2026-07-01,ALLA,34800.0,0.0,34800.0,34800.0
2026-07-01,ALPHAX,0.0,588.0,588.0,-588.0
2026-07-01,ALT,2407556.0,5533564.0,7941120.0,-3126008.0
2026-07-01,AMANAH,1008.0,0.0,1008.0,1008.0
2026-07-01,AMARC,132408.0,183150.0,315558.0,-50742.0
2026-07-01,AMARIN,0.0,636.0,636.0,-636.0
2026-07-01,AMATA,119195900.0,79605175.0,198801075.0,39590725.0
2026-07-01,ANAN,1023.0,9900.0,10923.0,-8877.0
2026-07-01,AOT,1165071950.0,686633125.0,1851705075.0,478438825.0
2026-07-01,AP,7225115.0,13855665.0,21080780.0,-6630550.0
2026-07-01,APCS,0.0,142.0,142.0,-142.0
2026-07-01,APO,45652.0,8888.0,54540.0,36764.0
2026-07-01,AQUA,0.0,418.0,418.0,-418.0
2026-07-01,AS,217398.0,918.0,218316.0,216480.0
2026-07-01,ASAP,0.0,400.0,400.0,-400.0
2026-07-01,ASEFA,954610.0,530555.0,1485165.0,424055.0
2026-07-01,ASIAN,799920.0,32595.0,832515.0,767325.0
2026-07-01,ASIMAR,52000.0,0.0,52000.0,52000.0
2026-07-01,ASK,3361070.0,48380.0,3409450.0,3312690.0
2026-07-01,ASP,1706364.0,188606.0,1894970.0,1517758.0
2026-07-01,ATLAS,79378.0,78806.0,158184.0,572.0
2026-07-01,AU,155796.0,111006.0,266802.0,44790.0
2026-07-01,AUCT,291712.0,184730.0,476442.0,106982.0
2026-07-01,AURA,632790.0,3721420.0,4354210.0,-3088630.0
2026-07-01,AWC,62835310.0,53638560.0,116473870.0,9196750.0
2026-07-01,AYUD,36000.0,0.0,36000.0,36000.0
2026-07-01,BA,14403400.0,26782340.0,41185740.0,-12378940.0
2026-07-01,BAFS,758970.0,291380.0,1050350.0,467590.0
2026-07-01,BAM,23097925.0,29786025.0,52883950.0,-6688100.0
2026-07-01,BANPU,75413229.0,50528960.0,125942189.0,24884269.0
2026-07-01,BAY,27953300.0,47005925.0,74959225.0,-19052625.0
2026-07-01,BBGI,7305060.0,770506.0,8075566.0,6534554.0
2026-07-01,BBIK,12243950.0,2378860.0,14622810.0,9865090.0
2026-07-01,BBL,1098810295.0,873091240.0,1971901535.0,225719055.0
2026-07-01,BCH,21694985.0,22551800.0,44246785.0,-856815.0
2026-07-01,BCP,106068225.0,90179163.75,196247388.75,15889061.25
2026-07-01,BCPG,11780185.0,6650490.0,18430675.0,5129695.0
2026-07-01,BDMS,143158821.5,317358380.0,460517201.5,-174199558.5
2026-07-01,BE8,338335.0,63015.0,401350.0,275320.0
2026-07-01,BEAUTY,111.0,612.0,723.0,-501.0
2026-07-01,BEC,2266.0,12770.0,15036.0,-10504.0
2026-07-01,BEM,40446910.5,59472990.0,99919900.5,-19026079.5
2026-07-01,BEYOND,514.25,78530.0,79044.25,-78015.75
2026-07-01,BGC,6345.0,0.0,6345.0,6345.0
2026-07-01,BGRIM,134087840.0,131707906.0,265795746.0,2379934.0
2026-07-01,BH,111647798.0,109111050.0,220758848.0,2536748.0
2026-07-01,BIG,0.0,270.0,270.0,-270.0
2026-07-01,BIOTEC,1750.0,8487.0,10237.0,-6737.0
2026-07-01,BIZ,0.0,188600.0,188600.0,-188600.0
2026-07-01,BJC,28525392.8,31295989.6,59821382.400000006,-2770596.8000000007
2026-07-01,BKA,3157.0,0.0,3157.0,3157.0
2026-07-01,BKGI,56168.0,200.0,56368.0,55968.0
2026-07-01,BKIH,0.0,37100.0,37100.0,-37100.0
2026-07-01,BLA,20231880.0,35411840.0,55643720.0,-15179960.0
2026-07-01,BLAND,6705.0,0.0,6705.0,6705.0
2026-07-01,BLC,0.0,165750.0,165750.0,-165750.0
2026-07-01,BM,0.0,17201.0,17201.0,-17201.0
2026-07-01,BPP,0.0,206170.0,206170.0,-206170.0
2026-07-01,BR,2388.0,398.0,2786.0,1990.0
2026-07-01,BRI,6100.0,0.0,6100.0,6100.0
2026-07-01,BSM,7575.0,0.0,7575.0,7575.0
2026-07-01,BTC,30.0,75.0,105.0,-45.0
2026-07-01,BTG,35520480.0,43639230.0,79159710.0,-8118750.0
2026-07-01,BTS,55925670.0,105740620.0,161666290.0,-49814950.0
2026-07-01,BWG,0.0,1015.0,1015.0,-1015.0
2026-07-01,BYD,394401.0,0.0,394401.0,394401.0
2026-07-01,CAZ,39824.0,10370.0,50194.0,29454.0
2026-07-01,CBG,162088175.0,167480475.0,329568650.0,-5392300.0
2026-07-01,CCET,66735190.0,149803165.0,216538355.0,-83067975.0
2026-07-01,CEN,0.0,120.0,120.0,-120.0
2026-07-01,CENTEL,65464575.0,85216475.0,150681050.0,-19751900.0
2026-07-01,CFARM,729.0,12879.0,13608.0,-12150.0
2026-07-01,CFRESH,1976.0,0.0,1976.0,1976.0
2026-07-01,CGD,544379.0,0.0,544379.0,544379.0
2026-07-01,CGH,50556.0,368.0,50924.0,50188.0
2026-07-01,CHAYO,196081.0,84830.0,280911.0,111251.0
2026-07-01,CHG,3312963.0,13614609.0,16927572.0,-10301646.0
2026-07-01,CHOW,0.0,405.0,405.0,-405.0
2026-07-01,CITY,10350.0,0.0,10350.0,10350.0
2026-07-01,CIVIL,22000.0,1528.0,23528.0,20472.0
2026-07-01,CK,22701525.6,34042070.0,56743595.6,-11340544.4
2026-07-01,CKP,3706024.0,3771872.0,7477896.0,-65848.0
2026-07-01,CMAN,840.0,307832.0,308672.0,-306992.0
2026-07-01,CMO,39974.0,800.0,40774.0,39174.0
2026-07-01,CNT,77559.0,30347.0,107906.0,47212.0
2026-07-01,COCOCO,401655.0,253080.0,654735.0,148575.0
2026-07-01,COM7,198715900.0,107815825.0,306531725.0,90900075.0
2026-07-01,COMAN,50.0,0.0,50.0,50.0
2026-07-01,CPALL,314509936.0,357166800.0,671676736.0,-42656864.0
2026-07-01,CPANEL,118.0,0.0,118.0,118.0
2026-07-01,CPAXT,28018050.0,36570593.2,64588643.2,-8552543.200000003
2026-07-01,CPF,112910704.0,179885363.5,292796067.5,-66974659.5
2026-07-01,CPL,15123.0,0.0,15123.0,15123.0
2026-07-01,CPN,82241040.0,94937025.0,177178065.0,-12695985.0
2026-07-01,CPW,240.0,0.0,240.0,240.0
2026-07-01,CRC,112253230.0,112085930.0,224339160.0,167300.0
2026-07-01,CREDIT,1782430.0,3543600.0,5326030.0,-1761170.0
2026-07-01,CSS,522912.0,5807.0,528719.0,517105.0
2026-07-01,CTW,0.0,126370.0,126370.0,-126370.0
2026-07-01,CWT,24929.0,13524.0,38453.0,11405.0
2026-07-01,DCC,215124.0,96149.84,311273.84,118974.16
2026-07-01,DELTA,1280367769.0,1295625600.0,2575993369.0,-15257831.0
2026-07-01,DEMCO,82418.0,0.0,82418.0,82418.0
2026-07-01,DEXON,4375.0,1479.0,5854.0,2896.0
2026-07-01,DITTO,20351360.0,15816774.0,36168134.0,4534586.0
2026-07-01,DMT,1953590.0,193200.0,2146790.0,1760390.0
2026-07-01,DOHOME,11066284.0,21068286.0,32134570.0,-10002002.0
2026-07-01,DPAINT,1068.7,936.0,2004.7,132.70000000000005
2026-07-01,DRT,510.0,0.0,510.0,510.0
2026-07-01,DUSIT,0.0,132270.0,132270.0,-132270.0
2026-07-01,EA,14604012.0,59677964.0,74281976.0,-45073952.0
2026-07-01,EAST,17160.0,0.0,17160.0,17160.0
2026-07-01,EASTW,3289130.0,3685584.0,6974714.0,-396454.0
2026-07-01,ECF,0.0,744.0,744.0,-744.0
2026-07-01,EFORL,65.0,9036.0,9101.0,-8971.0
2026-07-01,EGCO,35745550.0,33139500.0,68885050.0,2606050.0
2026-07-01,EKH,323150.0,0.0,323150.0,323150.0
2026-07-01,EMPIRE,38000.0,99333.0,137333.0,-61333.0
2026-07-01,EP,0.0,107.0,107.0,-107.0
2026-07-01,EPG,13961583.5,11248900.0,25210483.5,2712683.5
2026-07-01,ERW,1474878.0,9699090.0,11173968.0,-8224212.0
2026-07-01,ESTAR,0.0,252.0,252.0,-252.0
2026-07-01,ETC,181930.0,65590.0,247520.0,116340.0
2026-07-01,EVER,2289.0,0.0,2289.0,2289.0
2026-07-01,FM,94468.0,10868.0,105336.0,83600.0
2026-07-01,FORTH,11483010.0,26727680.0,38210690.0,-15244670.0
2026-07-01,FPI,0.0,5587.0,5587.0,-5587.0
2026-07-01,FPT,1310.0,1965.0,3275.0,-655.0
2026-07-01,FSMART,166030.0,898250.0,1064280.0,-732220.0
2026-07-01,FSX,0.0,2280.0,2280.0,-2280.0
2026-07-01,FTE,0.0,157382.0,157382.0,-157382.0
2026-07-01,GABLE,1568.0,1956.0,3524.0,-388.0
2026-07-01,GBX,1240.0,0.0,1240.0,1240.0
2026-07-01,GFPT,1033710.0,3450340.0,4484050.0,-2416630.0
2026-07-01,GJS,0.0,780.0,780.0,-780.0
2026-07-01,GLOBAL,56031380.0,42304255.0,98335635.0,13727125.0
2026-07-01,GPI,26350.0,0.0,26350.0,26350.0
2026-07-01,GPSC,140735100.0,76248775.0,216983875.0,64486325.0
2026-07-01,GREEN,0.0,1065.0,1065.0,-1065.0
2026-07-01,GULF,557489323.0,939559700.0,1497049023.0,-382070377.0
2026-07-01,GUNKUL,138207126.0,163836906.0,302044032.0,-25629780.0
2026-07-01,HANA,104274250.0,187144534.0,291418784.0,-82870284.0
2026-07-01,HARN,13802.0,0.0,13802.0,13802.0
2026-07-01,HENG,0.0,27783.0,27783.0,-27783.0
2026-07-01,HFT,2020.0,0.0,2020.0,2020.0
2026-07-01,HMPRO,103465532.05,60393515.0,163859047.05,43072017.05
2026-07-01,HPT,0.0,274.0,274.0,-274.0
2026-07-01,HTC,285870.0,195190.0,481060.0,90680.0
2026-07-01,HTECH,134676.0,129902.0,264578.0,4774.0
2026-07-01,HUMAN,134752.0,1121454.0,1256206.0,-986702.0
2026-07-01,HYDRO,0.0,13.0,13.0,-13.0
2026-07-01,I2,0.0,2025.0,2025.0,-2025.0
2026-07-01,ICHI,11542000.0,15483830.0,27025830.0,-3941830.0
2026-07-01,ICN,0.0,47278.0,47278.0,-47278.0
2026-07-01,III,15310.0,10610.0,25920.0,4700.0
2026-07-01,ILINK,134614.0,33190.0,167804.0,101424.0
2026-07-01,ILM,192780.0,25000.0,217780.0,167780.0
2026-07-01,INET,955856.0,360396.0,1316252.0,595460.0
2026-07-01,INGRS,1591.0,22440.0,24031.0,-20849.0
2026-07-01,INOX,1256.0,0.0,1256.0,1256.0
2026-07-01,INSET,31092062.0,15711240.0,46803302.0,15380822.0
2026-07-01,IP,0.0,888.0,888.0,-888.0
2026-07-01,IROYAL,12768.0,0.0,12768.0,12768.0
2026-07-01,IRPC,22616357.0,59609246.0,82225603.0,-36992889.0
2026-07-01,IT,575.0,0.0,575.0,575.0
2026-07-01,ITC,64121590.0,32183210.0,96304800.0,31938380.0
2026-07-01,ITD,476128.0,185.0,476313.0,475943.0
2026-07-01,ITEL,5588975.0,1139840.0,6728815.0,4449135.0
2026-07-01,ITEL-W6,1900.0,0.0,1900.0,1900.0
2026-07-01,ITTHI,6256.0,1410.0,7666.0,4846.0
2026-07-01,IVL,256368982.5,228939080.0,485308062.5,27429902.5
2026-07-01,JAS,2439312.0,4232831.0,6672143.0,-1793519.0
2026-07-01,JAS-W4,2700.0,0.0,2700.0,2700.0
2026-07-01,JMART,15433910.0,14427930.0,29861840.0,1005980.0
2026-07-01,JMT,33356230.0,29795470.0,63151700.0,3560760.0
2026-07-01,JPARK,2226.0,0.0,2226.0,2226.0
2026-07-01,JR,534.0,0.0,534.0,534.0
2026-07-01,JTS,353408.75,1373125.0,1726533.75,-1019716.25
2026-07-01,JUBILE,0.0,720.0,720.0,-720.0
2026-07-01,KAMART,206346.3,212855.0,419201.3,-6508.700000000012
2026-07-01,KBANK,819927803.0,927634574.0,1747562377.0,-107706771.0
2026-07-01,KBS,213450.0,7020.0,220470.0,206430.0
2026-07-01,KCC,15778.0,59522.0,75300.0,-43744.0
2026-07-01,KCE,97656652.0,316319500.0,413976152.0,-218662848.0
2026-07-01,KCG,647870.0,231020.0,878890.0,416850.0
2026-07-01,KGEN,4592802.0,1926312.0,6519114.0,2666490.0
2026-07-01,KGI,1601568.0,166358.0,1767926.0,1435210.0
2026-07-01,KISS,14928.0,217088.0,232016.0,-202160.0
2026-07-01,KKP,447954458.0,401046575.0,849001033.0,46907883.0
2026-07-01,KLINIQ,3285650.0,361525.0,3647175.0,2924125.0
2026-07-01,KSL,337732.0,54782.0,392514.0,282950.0
2026-07-01,KTB,1273435913.0,1202604712.5,2476040625.5,70831200.5
2026-07-01,KTC,305685605.0,255793175.0,561478780.0,49892430.0
2026-07-01,KUMWEL,138033.0,34001.0,172034.0,104032.0
2026-07-01,LANNA,0.0,629300.0,629300.0,-629300.0
2026-07-01,LEO,184.0,0.0,184.0,184.0
2026-07-01,LH,39443075.4,34561116.62,74004192.02,4881958.780000001
2026-07-01,LHFG,701434.0,396047.68,1097481.68,305386.32
2026-07-01,LOXLEY,91350.0,7970.0,99320.0,83380.0
2026-07-01,LPN,478.0,38933.0,39411.0,-38455.0
2026-07-01,LST,470.0,0.0,470.0,470.0
2026-07-01,LTS,12780.0,701462.0,714242.0,-688682.0
2026-07-01,M,3923640.0,11770350.0,15693990.0,-7846710.0
2026-07-01,MAGURO,6256833.0,11464430.2,17721263.2,-5207597.199999999
2026-07-01,MAJOR,21410.0,189075.0,210485.0,-167665.0
2026-07-01,MALEE,13836.0,38542.0,52378.0,-24706.0
2026-07-01,MASTEC,1915150.0,1820674.0,3735824.0,94476.0
2026-07-01,MASTER,182610.0,230305.0,412915.0,-47695.0
2026-07-01,MBK,4711080.0,10202400.0,14913480.0,-5491320.0
2026-07-01,MC,939780.0,2878890.0,3818670.0,-1939110.0
2026-07-01,MCOT,15300.0,0.0,15300.0,15300.0
2026-07-01,MCS,6120.0,169065.0,175185.0,-162945.0
2026-07-01,MDX,0.0,5040.0,5040.0,-5040.0
2026-07-01,MEB,281830.0,705430.0,987260.0,-423600.0
2026-07-01,MEDEZE,635.0,111500.0,112135.0,-110865.0
2026-07-01,MEGA,6678100.0,7117450.0,13795550.0,-439350.0
2026-07-01,MENA,3024.0,0.0,3024.0,3024.0
2026-07-01,META,0.0,8.0,8.0,-8.0
2026-07-01,METCO,617400.0,117600.0,735000.0,499800.0
2026-07-01,MFC,270950.0,29450.0,300400.0,241500.0
2026-07-01,MFEC,0.0,575.0,575.0,-575.0
2026-07-01,MGC,1114780.0,1248895.0,2363675.0,-134115.0
2026-07-01,MGI,124000.0,19050.0,143050.0,104950.0
2026-07-01,MICRO,0.0,4896.0,4896.0,-4896.0
2026-07-01,MIDA,263530.0,4414.0,267944.0,259116.0
2026-07-01,MILL,660.0,0.0,660.0,660.0
2026-07-01,MINT,273109234.8,277707660.0,550816894.8,-4598425.199999988
2026-07-01,MK,0.0,2339.0,2339.0,-2339.0
2026-07-01,ML,9572.22,359166.0,368738.22,-349593.78
2026-07-01,MMM,56440.0,282.0,56722.0,56158.0
2026-07-01,MMM-W1,0.0,19500.0,19500.0,-19500.0
2026-07-01,MONO,32650.0,196111.0,228761.0,-163461.0
2026-07-01,MORE,0.0,5.0,5.0,-5.0
2026-07-01,MOSHI,11102375.0,1674800.0,12777175.0,9427575.0
2026-07-01,MRDIYT,194407270.0,198046785.0,392454055.0,-3639515.0
2026-07-01,MST,7400.0,37000.0,44400.0,-29600.0
2026-07-01,MTC,84574925.0,104115050.0,188689975.0,-19540125.0
2026-07-01,MTI,0.0,4770.0,4770.0,-4770.0
2026-07-01,MVP,0.0,453.0,453.0,-453.0
2026-07-01,NCAP,1143746.0,1512792.0,2656538.0,-369046.0
2026-07-01,NCH,3.6,0.0,3.6,3.6
2026-07-01,NEO,423770.0,3949700.0,4373470.0,-3525930.0
2026-07-01,NER,2780032.0,1508032.0,4288064.0,1272000.0
2026-07-01,NETBAY,929440.0,1002560.0,1932000.0,-73120.0
2026-07-01,NEX,5959.0,76152.0,82111.0,-70193.0
2026-07-01,NOBLE,4797.0,10860.0,15657.0,-6063.0
2026-07-01,NSL,1505280.0,47040.0,1552320.0,1458240.0
2026-07-01,NTF,1468420.0,251220.0,1719640.0,1217200.0
2026-07-01,NUT,9900.0,0.0,9900.0,9900.0
2026-07-01,NV,2823.0,0.0,2823.0,2823.0
2026-07-01,NVD,0.0,65.0,65.0,-65.0
2026-07-01,NYT,2897566.0,1267250.0,4164816.0,1630316.0
2026-07-01,OKJ,748.0,111642.0,112390.0,-110894.0
2026-07-01,ONEE,88190.0,545058.0,633248.0,-456868.0
2026-07-01,OR,49556040.0,69601850.0,119157890.0,-20045810.0
2026-07-01,ORI,371813.0,272964.0,644777.0,98849.0
2026-07-01,ORI-W2,420.0,440.0,860.0,-20.0
2026-07-01,OSP,94679320.0,85183970.0,179863290.0,9495350.0
2026-07-01,PACO,282.0,0.0,282.0,282.0
2026-07-01,PAF,0.0,192.0,192.0,-192.0
2026-07-01,PATO,0.0,23790.0,23790.0,-23790.0
2026-07-01,PCC,130416.0,286.0,130702.0,130130.0
2026-07-01,PCE,15690.0,61002.0,76692.0,-45312.0
2026-07-01,PCSGH,0.0,608.0,608.0,-608.0
2026-07-01,PEACE,1.08,0.0,1.08,1.08
2026-07-01,PEER,20.0,0.0,20.0,20.0
2026-07-01,PERM,0.0,25.0,25.0,-25.0
2026-07-01,PIN,300986.9,46004.0,346990.9,254982.9
2026-07-01,PK,0.0,1104.0,1104.0,-1104.0
2026-07-01,PLANB,70438502.0,112156052.0,182594554.0,-41717550.0
2026-07-01,PLANET,0.0,68.0,68.0,-68.0
2026-07-01,PLAT,4248803.0,1411883.0,5660686.0,2836920.0
2026-07-01,PLUS,53841.0,49583.0,103424.0,4258.0
2026-07-01,PM,2200.0,8770.0,10970.0,-6570.0
2026-07-01,PMC,40300.0,187256.0,227556.0,-146956.0
2026-07-01,PMTA,96000.0,96000.0,192000.0,0.0
2026-07-01,PORT,0.0,64000.0,64000.0,-64000.0
2026-07-01,PPM,2060.0,21400.0,23460.0,-19340.0
2026-07-01,PQS,0.0,1616.0,1616.0,-1616.0
2026-07-01,PR9,660710.0,16834680.0,17495390.0,-16173970.0
2026-07-01,PREB,3420.0,692.0,4112.0,2728.0
2026-07-01,PRG,1830.0,527.05,2357.05,1302.95
2026-07-01,PRM,3691110.0,8525505.0,12216615.0,-4834395.0
2026-07-01,PSGC,0.0,11976.0,11976.0,-11976.0
2026-07-01,PSH,644552.0,287100.0,931652.0,357452.0
2026-07-01,PSL,1091190.0,2128220.0,3219410.0,-1037030.0
2026-07-01,PSP,7740.0,284990.0,292730.0,-277250.0
2026-07-01,PSTC,0.0,987.0,987.0,-987.0
2026-07-01,PT,131900.0,80650.0,212550.0,51250.0
2026-07-01,PTG,1462240.0,5093710.0,6555950.0,-3631470.0
2026-07-01,PTL,186628.0,2353200.0,2539828.0,-2166572.0
2026-07-01,PTT,606901552.5,472028525.0,1078930077.5,134873027.5
2026-07-01,PTTEP,402813222.5,1055954100.0,1458767322.5,-653140877.5
2026-07-01,PTTGC,215191900.0,229425675.0,444617575.0,-14233775.0
2026-07-01,PYLON,17800.0,309440.0,327240.0,-291640.0
2026-07-01,QH,2210983.0,888599.0,3099582.0,1322384.0
2026-07-01,QLT,2.96,0.0,2.96,2.96
2026-07-01,RABBIT,79135.0,5705.0,84840.0,73430.0
2026-07-01,RABBIT-P,0.0,36.0,36.0,-36.0
2026-07-01,RAM,0.0,149630.0,149630.0,-149630.0
2026-07-01,RATCH,37303925.0,35832450.0,73136375.0,1471475.0
2026-07-01,RBF,1904385.0,1909785.0,3814170.0,-5400.0
2026-07-01,RCL,12164250.0,26604700.0,38768950.0,-14440450.0
2026-07-01,RJH,13690.0,212190.0,225880.0,-198500.0
2026-07-01,ROCTEC,704.0,11207.0,11911.0,-10503.0
2026-07-01,ROJNA,7965435.0,4116475.0,12081910.0,3848960.0
2026-07-01,RPC,0.0,35.0,35.0,-35.0
2026-07-01,RS,0.0,1794.0,1794.0,-1794.0
2026-07-01,S&J,0.0,33.5,33.5,-33.5
2026-07-01,SA,0.0,1430.0,1430.0,-1430.0
2026-07-01,SABINA,1133450.0,716340.0,1849790.0,417110.0
2026-07-01,SAF,0.0,23000.0,23000.0,-23000.0
2026-07-01,SAK,1520890.0,921546.0,2442436.0,599344.0
2026-07-01,SALEE,0.0,570.0,570.0,-570.0
2026-07-01,SAMART,413610.0,348935.0,762545.0,64675.0
2026-07-01,SAMTEL,1236.0,0.0,1236.0,1236.0
2026-07-01,SANKO,6394.0,6535.0,12929.0,-141.0
2026-07-01,SAPPE,139400.0,669900.0,809300.0,-530500.0
2026-07-01,SAT,3842100.0,1111180.0,4953280.0,2730920.0
2026-07-01,SAV,418420.0,123050.0,541470.0,295370.0
2026-07-01,SAWAD,188845170.0,234027310.0,422872480.0,-45182140.0
2026-07-01,SC,490363.0,1858850.0,2349213.0,-1368487.0
2026-07-01,SCAP,3619407.0,3805072.0,7424479.0,-185665.0
2026-07-01,SCB,956637135.0,1048493088.5,2005130223.5,-91855953.5
2026-07-01,SCC,229235638.0,382136200.0,611371838.0,-152900562.0
2026-07-01,SCCC,131400.0,1747650.0,1879050.0,-1616250.0
2026-07-01,SCG,580.0,300.0,880.0,280.0
2026-07-01,SCGD,0.0,65265.0,65265.0,-65265.0
2026-07-01,SCGP,55002424.5,60966825.0,115969249.5,-5964400.5
2026-07-01,SCM,78.0,84.0,162.0,-6.0
2026-07-01,SCN,0.0,41.0,41.0,-41.0
2026-07-01,SCP,0.0,17900.0,17900.0,-17900.0
2026-07-01,SE-ED,3.14,16.8,19.94,-13.66
2026-07-01,SEAFCO,36238.0,303372.0,339610.0,-267134.0
2026-07-01,SEAOIL,6240.0,624.0,6864.0,5616.0
2026-07-01,SFLEX,169608.0,61568.0,231176.0,108040.0
2026-07-01,SGC,9790831.0,5422233.0,15213064.0,4368598.0
2026-07-01,SGF,0.0,131.0,131.0,-131.0
2026-07-01,SGP,22865.0,15765.0,38630.0,7100.0
2026-07-01,SHR,315618.51,300485.0,616103.51,15133.51000000001
2026-07-01,SIAM,0.0,15000.0,15000.0,-15000.0
2026-07-01,SICT,15044.0,44452.0,59496.0,-29408.0
2026-07-01,SIMAT,442251.0,357276.0,799527.0,84975.0
2026-07-01,SINGER,16012800.0,4240307.0,20253107.0,11772493.0
2026-07-01,SIRI,9515239.0,7643051.0,17158290.0,1872188.0
2026-07-01,SIS,417330.0,2084430.0,2501760.0,-1667100.0
2026-07-01,SISB,4858435.0,1940375.0,6798810.0,2918060.0
2026-07-01,SITHAI,0.0,406.0,406.0,-406.0
2026-07-01,SJWD,6770735.0,12430355.0,19201090.0,-5659620.0
2026-07-01,SKE,0.0,20.0,20.0,-20.0
2026-07-01,SKN,0.0,81000.0,81000.0,-81000.0
2026-07-01,SKR,1620.0,0.0,1620.0,1620.0
2026-07-01,SKY,3414180.0,1374470.0,4788650.0,2039710.0
2026-07-01,SMART,12100.0,0.0,12100.0,12100.0
2026-07-01,SMIT,2078.0,52000.0,54078.0,-49922.0
2026-07-01,SMO,58718.0,415718.0,474436.0,-357000.0
2026-07-01,SMPC,905.0,0.0,905.0,905.0
2026-07-01,SMT,0.0,360.0,360.0,-360.0
2026-07-01,SNC,173600.0,89785.0,263385.0,83815.0
2026-07-01,SNNP,108245.0,4080.0,112325.0,104165.0
2026-07-01,SOLAR,48.0,23.0,71.0,25.0
2026-07-01,SPA,1372864.0,1617260.0,2990124.0,-244396.0
2026-07-01,SPACK,91946.0,24899.0,116845.0,67047.0
2026-07-01,SPALI,18398230.0,26976530.0,45374760.0,-8578300.0
2026-07-01,SPCG,0.0,589585.0,589585.0,-589585.0
2026-07-01,SPRC,55326870.0,36274010.0,91600880.0,19052860.0
2026-07-01,SPREME,296.0,0.0,296.0,296.0
2026-07-01,SPVI,0.0,416728.0,416728.0,-416728.0
2026-07-01,SQ,12673.0,0.0,12673.0,12673.0
2026-07-01,SRICHA,1108500.0,1005790.0,2114290.0,102710.0
2026-07-01,SRS,0.0,558.0,558.0,-558.0
2026-07-01,SSF,20200.0,0.0,20200.0,20200.0
2026-07-01,SSP,52808.0,28570.0,81378.0,24238.0
2026-07-01,STA,7409180.0,6960390.0,14369570.0,448790.0
2026-07-01,STANLY,2686601.0,686540.0,3373141.0,2000061.0
2026-07-01,STECON,6522280.0,20462200.0,26984480.0,-13939920.0
2026-07-01,STELLA,0.0,1156.0,1156.0,-1156.0
2026-07-01,STGT,2651030.0,4527431.0,7178461.0,-1876401.0
2026-07-01,STOWER,16.0,7.0,23.0,9.0
2026-07-01,STPI,958725.0,1161375.0,2120100.0,-202650.0
2026-07-01,STX,9945.0,0.0,9945.0,9945.0
2026-07-01,SUC,114450.0,0.0,114450.0,114450.0
2026-07-01,SUPER,1104.0,15203.0,16307.0,-14099.0
2026-07-01,SUSCO,211692.0,2220.0,213912.0,209472.0
2026-07-01,SVOA,80352.0,26821.0,107173.0,53531.0
2026-07-01,SVT,393.0,0.0,393.0,393.0
2026-07-01,SYNEX,1266445.0,1303585.0,2570030.0,-37140.0
2026-07-01,TACC,8060.0,737690.0,745750.0,-729630.0
2026-07-01,TAE,1413468.0,1180705.0,2594173.0,232763.0
2026-07-01,TAKUNI,5243.0,0.0,5243.0,5243.0
2026-07-01,TASCO,4720390.0,8680490.0,13400880.0,-3960100.0
2026-07-01,TC,0.0,217600.0,217600.0,-217600.0
2026-07-01,TCAP,65437093.25,75565600.0,141002693.25,-10128506.75
2026-07-01,TCC,0.0,192.0,192.0,-192.0
2026-07-01,TCJ,4522.0,0.0,4522.0,4522.0
2026-07-01,TCMC,0.0,124.0,124.0,-124.0
2026-07-01,TEAM,790162.0,2360712.0,3150874.0,-1570550.0
2026-07-01,TEAMG,760888.0,2371912.0,3132800.0,-1611024.0
2026-07-01,TEGH,930.0,6200.0,7130.0,-5270.0
2026-07-01,TFG,136207340.0,192836230.0,329043570.0,-56628890.0
2026-07-01,TFM,6600.0,0.0,6600.0,6600.0
2026-07-01,TFMAMA,56250.0,187000.0,243250.0,-130750.0
2026-07-01,TH,329.0,0.0,329.0,329.0
2026-07-01,THAI,199561991.25,138432030.0,337994021.25,61129961.25
2026-07-01,THANI,6620347.0,1978992.0,8599339.0,4641355.0
2026-07-01,THCOM,305900.0,3568590.0,3874490.0,-3262690.0
2026-07-01,THG,1066685.0,452925.0,1519610.0,613760.0
2026-07-01,THREL,792.0,700.0,1492.0,92.0
2026-07-01,TIDLOR,92126910.0,93844650.0,185971560.0,-1717740.0
2026-07-01,TIGER,1566.0,650.0,2216.0,916.0
2026-07-01,TIPCO,600.0,6000.0,6600.0,-5400.0
2026-07-01,TIPH,789030.0,2210.0,791240.0,786820.0
2026-07-01,TISCO,55238605.5,62890650.0,118129255.5,-7652044.5
2026-07-01,TITLE,144015.0,141930.0,285945.0,2085.0
2026-07-01,TKC,0.0,1690.0,1690.0,-1690.0
2026-07-01,TKN,1381442.0,617680.0,1999122.0,763762.0
2026-07-01,TKS,109330.0,196765.0,306095.0,-87435.0
2026-07-01,TL,5124.0,0.0,5124.0,5124.0
2026-07-01,TLI,32998570.0,54148570.0,87147140.0,-21150000.0
2026-07-01,TMAN,46870.0,0.0,46870.0,46870.0
2026-07-01,TMW,307950.0,186375.0,494325.0,121575.0
2026-07-01,TNDT,0.0,55.0,55.0,-55.0
2026-07-01,TNP,0.0,2272.0,2272.0,-2272.0
2026-07-01,TOA,21711900.0,15598960.0,37310860.0,6112940.0
2026-07-01,TOG,141710.0,14200.0,155910.0,127510.0
2026-07-01,TOP,433450725.0,155764150.0,589214875.0,277686575.0
2026-07-01,TPBI,308.0,0.0,308.0,308.0
2026-07-01,TPIPL,1616507.0,1171866.0,2788373.0,444641.0
2026-07-01,TPIPP,10555.0,193722.0,204277.0,-183167.0
2026-07-01,TPP,45460.0,0.0,45460.0,45460.0
2026-07-01,TQM,2224650.0,1883720.0,4108370.0,340930.0
2026-07-01,TRC,124.0,11385.0,11509.0,-11261.0
2026-07-01,TRP,50160.0,418.0,50578.0,49742.0
2026-07-01,TRT,19024220.0,8869610.0,27893830.0,10154610.0
2026-07-01,TRUBB,672901.0,545930.0,1218831.0,126971.0
2026-07-01,TRUE,514745155.5,763064990.0,1277810145.5,-248319834.5
2026-07-01,TSE,1142640.0,921030.0,2063670.0,221610.0
2026-07-01,TSI,0.0,25000.0,25000.0,-25000.0
2026-07-01,TSTH,94600.0,787933.0,882533.0,-693333.0
2026-07-01,TTA,2974674.0,1618074.0,4592748.0,1356600.0
2026-07-01,TTB,189309008.0,216236224.0,405545232.0,-26927216.0
2026-07-01,TTW,7584650.0,7766115.0,15350765.0,-181465.0
2026-07-01,TU,120047790.0,132259700.0,252307490.0,-12211910.0
2026-07-01,TURBO,16596480.0,5478381.0,22074861.0,11118099.0
2026-07-01,TVO,6554050.0,3507412.5,10061462.5,3046637.5
2026-07-01,TWPC,1430.0,0.0,1430.0,1430.0
2026-07-01,TYCN,19761.0,0.0,19761.0,19761.0
2026-07-01,UBE,52650.0,5615.0,58265.0,47035.0
2026-07-01,UBIS,10694.0,8548.0,19242.0,2146.0
2026-07-01,UKEM,1602727.0,1293767.0,2896494.0,308960.0
2026-07-01,UMI,279.0,0.0,279.0,279.0
2026-07-01,UMS,38610.0,30941.0,69551.0,7669.0
2026-07-01,UNIQ,4084.0,149136.0,153220.0,-145052.0
2026-07-01,UNIX,14365.0,18252.0,32617.0,-3887.0
2026-07-01,UP,4670.0,0.0,4670.0,4670.0
2026-07-01,UREKA,39422.0,37041.0,76463.0,2381.0
2026-07-01,UTP,374155.0,847785.0,1221940.0,-473630.0
2026-07-01,UV,0.0,166.0,166.0,-166.0
2026-07-01,UVAN,33810.0,1074340.0,1108150.0,-1040530.0
2026-07-01,VCOM,105176.0,7800.0,112976.0,97376.0
2026-07-01,VGI,8890083.0,14831757.0,23721840.0,-5941674.0
2026-07-01,VIBHA,0.0,18169.0,18169.0,-18169.0
2026-07-01,VIBHA-W5,0.0,115.0,115.0,-115.0
2026-07-01,VIH,36160.0,27750.0,63910.0,8410.0
2026-07-01,VNG,0.0,200.0,200.0,-200.0
2026-07-01,WARRIX,0.0,67206.0,67206.0,-67206.0
2026-07-01,WASH,270918.0,19014.0,289932.0,251904.0
2026-07-01,WAVE,0.0,3.0,3.0,-3.0
2026-07-01,WFX,0.0,94.0,94.0,-94.0
2026-07-01,WHA,109608175.0,106014285.0,215622460.0,3593890.0
2026-07-01,WHAUP,19524045.0,21575820.0,41099865.0,-2051775.0
2026-07-01,WICE,16196.0,139402.0,155598.0,-123206.0
2026-07-01,WIIK,53095.0,46525.0,99620.0,6570.0
2026-07-01,WORK,0.0,8616.0,8616.0,-8616.0
2026-07-01,WPH,330365.0,176800.0,507165.0,153565.0
2026-07-01,XO,1278330.0,5529620.0,6807950.0,-4251290.0
2026-07-01,XPG,495000.0,0.0,495000.0,495000.0
2026-07-01,XYZ,29.0,0.0,29.0,29.0
2026-07-01,YGG,0.0,72.0,72.0,-72.0
2026-07-01,ZIGA,523.0,0.0,523.0,523.0
